sample,sex,bam,bai
HG00097,female,/vast/palmer/pi/hall/wl474/projects/YALE_VARIANT_CALLS_R2/samples/HG00097/alignments/GRCh38_no_alt/hifi_reads/HG00097.GRCh38_no_alt.sorted.bam,/vast/palmer/pi/hall/wl474/projects/YALE_VARIANT_CALLS_R2/samples/HG00097/alignments/GRCh38_no_alt/hifi_reads/HG00097.GRCh38_no_alt.sorted.bam.bai
HG00099,female,/vast/palmer/pi/hall/wl474/projects/YALE_VARIANT_CALLS_R2/samples/HG00099/alignments/GRCh38_no_alt/hifi_reads/HG00099.GRCh38_no_alt.sorted.bam,/vast/palmer/pi/hall/wl474/projects/YALE_VARIANT_CALLS_R2/samples/HG00099/alignments/GRCh38_no_alt/hifi_reads/HG00099.GRCh38_no_alt.sorted.bam.bai
HG00126,male,/vast/palmer/pi/hall/wl474/projects/YALE_VARIANT_CALLS_R2/samples/HG00126/alignments/GRCh38_no_alt/hifi_reads/HG00126.GRCh38_no_alt.sorted.bam,/vast/palmer/pi/hall/wl474/projects/YALE_VARIANT_CALLS_R2/samples/HG00126/alignments/GRCh38_no_alt/hifi_reads/HG00126.GRCh38_no_alt.sorted.bam.bai
HG00128,female,/vast/palmer/pi/hall/wl474/projects/YALE_VARIANT_CALLS_R2/samples/HG00128/alignments/GRCh38_no_alt/hifi_reads/HG00128.GRCh38_no_alt.sorted.bam,/vast/palmer/pi/hall/wl474/projects/YALE_VARIANT_CALLS_R2/samples/HG00128/alignments/GRCh38_no_alt/hifi_reads/HG00128.GRCh38_no_alt.sorted.bam.bai
HG00133,female,/vast/palmer/pi/hall/wl474/projects/YALE_VARIANT_CALLS_R2/samples/HG00133/alignments/GRCh38_no_alt/hifi_reads/HG00133.GRCh38_no_alt.sorted.bam,/vast/palmer/pi/hall/wl474/projects/YALE_VARIANT_CALLS_R2/samples/HG00133/alignments/GRCh38_no_alt/hifi_reads/HG00133.GRCh38_no_alt.sorted.bam.bai
HG00140,male,/vast/palmer/pi/hall/wl474/projects/YALE_VARIANT_CALLS_R2/samples/HG00140/alignments/GRCh38_no_alt/hifi_reads/HG00140.GRCh38_no_alt.sorted.bam,/vast/palmer/pi/hall/wl474/projects/YALE_VARIANT_CALLS_R2/samples/HG00140/alignments/GRCh38_no_alt/hifi_reads/HG00140.GRCh38_no_alt.sorted.bam.bai
HG00146,female,/vast/palmer/pi/hall/wl474/projects/YALE_VARIANT_CALLS_R2/samples/HG00146/alignments/GRCh38_no_alt/hifi_reads/HG00146.GRCh38_no_alt.sorted.bam,/vast/palmer/pi/hall/wl474/projects/YALE_VARIANT_CALLS_R2/samples/HG00146/alignments/GRCh38_no_alt/hifi_reads/HG00146.GRCh38_no_alt.sorted.bam.bai
HG00232,female,/vast/palmer/pi/hall/wl474/projects/YALE_VARIANT_CALLS_R2/samples/HG00232/alignments/GRCh38_no_alt/hifi_reads/HG00232.GRCh38_no_alt.sorted.bam,/vast/palmer/pi/hall/wl474/projects/YALE_VARIANT_CALLS_R2/samples/HG00232/alignments/GRCh38_no_alt/hifi_reads/HG00232.GRCh38_no_alt.sorted.bam.bai
HG00235,female,/vast/palmer/pi/hall/wl474/projects/YALE_VARIANT_CALLS_R2/samples/HG00235/alignments/GRCh38_no_alt/hifi_reads/HG00235.GRCh38_no_alt.sorted.bam,/vast/palmer/pi/hall/wl474/projects/YALE_VARIANT_CALLS_R2/samples/HG00235/alignments/GRCh38_no_alt/hifi_reads/HG00235.GRCh38_no_alt.sorted.bam.bai
HG00253,female,/vast/palmer/pi/hall/wl474/projects/YALE_VARIANT_CALLS_R2/samples/HG00253/alignments/GRCh38_no_alt/hifi_reads/HG00253.GRCh38_no_alt.sorted.bam,/vast/palmer/pi/hall/wl474/projects/YALE_VARIANT_CALLS_R2/samples/HG00253/alignments/GRCh38_no_alt/hifi_reads/HG00253.GRCh38_no_alt.sorted.bam.bai
HG00272,female,/vast/palmer/pi/hall/wl474/projects/YALE_VARIANT_CALLS_R2/samples/HG00272/alignments/GRCh38_no_alt/hifi_reads/HG00272.GRCh38_no_alt.sorted.bam,/vast/palmer/pi/hall/wl474/projects/YALE_VARIANT_CALLS_R2/samples/HG00272/alignments/GRCh38_no_alt/hifi_reads/HG00272.GRCh38_no_alt.sorted.bam.bai
HG00280,male,/vast/palmer/pi/hall/wl474/projects/YALE_VARIANT_CALLS_R2/samples/HG00280/alignments/GRCh38_no_alt/hifi_reads/HG00280.GRCh38_no_alt.sorted.bam,/vast/palmer/pi/hall/wl474/projects/YALE_VARIANT_CALLS_R2/samples/HG00280/alignments/GRCh38_no_alt/hifi_reads/HG00280.GRCh38_no_alt.sorted.bam.bai
HG00290,male,/vast/palmer/pi/hall/wl474/projects/YALE_VARIANT_CALLS_R2/samples/HG00290/alignments/GRCh38_no_alt/hifi_reads/HG00290.GRCh38_no_alt.sorted.bam,/vast/palmer/pi/hall/wl474/projects/YALE_VARIANT_CALLS_R2/samples/HG00290/alignments/GRCh38_no_alt/hifi_reads/HG00290.GRCh38_no_alt.sorted.bam.bai
HG00320,female,/vast/palmer/pi/hall/wl474/projects/YALE_VARIANT_CALLS_R2/samples/HG00320/alignments/GRCh38_no_alt/hifi_reads/HG00320.GRCh38_no_alt.sorted.bam,/vast/palmer/pi/hall/wl474/projects/YALE_VARIANT_CALLS_R2/samples/HG00320/alignments/GRCh38_no_alt/hifi_reads/HG00320.GRCh38_no_alt.sorted.bam.bai
HG00321,male,/vast/palmer/pi/hall/wl474/projects/YALE_VARIANT_CALLS_R2/samples/HG00321/alignments/GRCh38_no_alt/hifi_reads/HG00321.GRCh38_no_alt.sorted.bam,/vast/palmer/pi/hall/wl474/projects/YALE_VARIANT_CALLS_R2/samples/HG00321/alignments/GRCh38_no_alt/hifi_reads/HG00321.GRCh38_no_alt.sorted.bam.bai
HG00323,female,/vast/palmer/pi/hall/wl474/projects/YALE_VARIANT_CALLS_R2/samples/HG00323/alignments/GRCh38_no_alt/hifi_reads/HG00323.GRCh38_no_alt.sorted.bam,/vast/palmer/pi/hall/wl474/projects/YALE_VARIANT_CALLS_R2/samples/HG00323/alignments/GRCh38_no_alt/hifi_reads/HG00323.GRCh38_no_alt.sorted.bam.bai
HG00329,male,/vast/palmer/pi/hall/wl474/projects/YALE_VARIANT_CALLS_R2/samples/HG00329/alignments/GRCh38_no_alt/hifi_reads/HG00329.GRCh38_no_alt.sorted.bam,/vast/palmer/pi/hall/wl474/projects/YALE_VARIANT_CALLS_R2/samples/HG00329/alignments/GRCh38_no_alt/hifi_reads/HG00329.GRCh38_no_alt.sorted.bam.bai
HG00344,female,/vast/palmer/pi/hall/wl474/projects/YALE_VARIANT_CALLS_R2/samples/HG00344/alignments/GRCh38_no_alt/hifi_reads/HG00344.GRCh38_no_alt.sorted.bam,/vast/palmer/pi/hall/wl474/projects/YALE_VARIANT_CALLS_R2/samples/HG00344/alignments/GRCh38_no_alt/hifi_reads/HG00344.GRCh38_no_alt.sorted.bam.bai
HG00350,female,/vast/palmer/pi/hall/wl474/projects/YALE_VARIANT_CALLS_R2/samples/HG00350/alignments/GRCh38_no_alt/hifi_reads/HG00350.GRCh38_no_alt.sorted.bam,/vast/palmer/pi/hall/wl474/projects/YALE_VARIANT_CALLS_R2/samples/HG00350/alignments/GRCh38_no_alt/hifi_reads/HG00350.GRCh38_no_alt.sorted.bam.bai
HG00408,female,/vast/palmer/pi/hall/wl474/projects/YALE_VARIANT_CALLS_R2/samples/HG00408/alignments/GRCh38_no_alt/hifi_reads/HG00408.GRCh38_no_alt.sorted.bam,/vast/palmer/pi/hall/wl474/projects/YALE_VARIANT_CALLS_R2/samples/HG00408/alignments/GRCh38_no_alt/hifi_reads/HG00408.GRCh38_no_alt.sorted.bam.bai
HG00423,female,/vast/palmer/pi/hall/wl474/projects/YALE_VARIANT_CALLS_R2/samples/HG00423/alignments/GRCh38_no_alt/hifi_reads/HG00423.GRCh38_no_alt.sorted.bam,/vast/palmer/pi/hall/wl474/projects/YALE_VARIANT_CALLS_R2/samples/HG00423/alignments/GRCh38_no_alt/hifi_reads/HG00423.GRCh38_no_alt.sorted.bam.bai
HG00438,female,/vast/palmer/pi/hall/wl474/projects/YALE_VARIANT_CALLS_R2/samples/HG00438/alignments/GRCh38_no_alt/hifi_reads/HG00438.GRCh38_no_alt.sorted.bam,/vast/palmer/pi/hall/wl474/projects/YALE_VARIANT_CALLS_R2/samples/HG00438/alignments/GRCh38_no_alt/hifi_reads/HG00438.GRCh38_no_alt.sorted.bam.bai
HG005,male,/vast/palmer/pi/hall/wl474/projects/YALE_VARIANT_CALLS_R2/samples/HG005/alignments/GRCh38_no_alt/hifi_reads/HG005.GRCh38_no_alt.sorted.bam,/vast/palmer/pi/hall/wl474/projects/YALE_VARIANT_CALLS_R2/samples/HG005/alignments/GRCh38_no_alt/hifi_reads/HG005.GRCh38_no_alt.sorted.bam.bai
HG00544,female,/vast/palmer/pi/hall/wl474/projects/YALE_VARIANT_CALLS_R2/samples/HG00544/alignments/GRCh38_no_alt/hifi_reads/HG00544.GRCh38_no_alt.sorted.bam,/vast/palmer/pi/hall/wl474/projects/YALE_VARIANT_CALLS_R2/samples/HG00544/alignments/GRCh38_no_alt/hifi_reads/HG00544.GRCh38_no_alt.sorted.bam.bai
HG00558,female,/vast/palmer/pi/hall/wl474/projects/YALE_VARIANT_CALLS_R2/samples/HG00558/alignments/GRCh38_no_alt/hifi_reads/HG00558.GRCh38_no_alt.sorted.bam,/vast/palmer/pi/hall/wl474/projects/YALE_VARIANT_CALLS_R2/samples/HG00558/alignments/GRCh38_no_alt/hifi_reads/HG00558.GRCh38_no_alt.sorted.bam.bai
HG00597,female,/vast/palmer/pi/hall/wl474/projects/YALE_VARIANT_CALLS_R2/samples/HG00597/alignments/GRCh38_no_alt/hifi_reads/HG00597.GRCh38_no_alt.sorted.bam,/vast/palmer/pi/hall/wl474/projects/YALE_VARIANT_CALLS_R2/samples/HG00597/alignments/GRCh38_no_alt/hifi_reads/HG00597.GRCh38_no_alt.sorted.bam.bai
HG00609,male,/vast/palmer/pi/hall/wl474/projects/YALE_VARIANT_CALLS_R2/samples/HG00609/alignments/GRCh38_no_alt/hifi_reads/HG00609.GRCh38_no_alt.sorted.bam,/vast/palmer/pi/hall/wl474/projects/YALE_VARIANT_CALLS_R2/samples/HG00609/alignments/GRCh38_no_alt/hifi_reads/HG00609.GRCh38_no_alt.sorted.bam.bai
HG00621,male,/vast/palmer/pi/hall/wl474/projects/YALE_VARIANT_CALLS_R2/samples/HG00621/alignments/GRCh38_no_alt/hifi_reads/HG00621.GRCh38_no_alt.sorted.bam,/vast/palmer/pi/hall/wl474/projects/YALE_VARIANT_CALLS_R2/samples/HG00621/alignments/GRCh38_no_alt/hifi_reads/HG00621.GRCh38_no_alt.sorted.bam.bai
HG00639,female,/vast/palmer/pi/hall/wl474/projects/YALE_VARIANT_CALLS_R2/samples/HG00639/alignments/GRCh38_no_alt/hifi_reads/HG00639.GRCh38_no_alt.sorted.bam,/vast/palmer/pi/hall/wl474/projects/YALE_VARIANT_CALLS_R2/samples/HG00639/alignments/GRCh38_no_alt/hifi_reads/HG00639.GRCh38_no_alt.sorted.bam.bai
HG00642,male,/vast/palmer/pi/hall/wl474/projects/YALE_VARIANT_CALLS_R2/samples/HG00642/alignments/GRCh38_no_alt/hifi_reads/HG00642.GRCh38_no_alt.sorted.bam,/vast/palmer/pi/hall/wl474/projects/YALE_VARIANT_CALLS_R2/samples/HG00642/alignments/GRCh38_no_alt/hifi_reads/HG00642.GRCh38_no_alt.sorted.bam.bai
HG00658,male,/vast/palmer/pi/hall/wl474/projects/YALE_VARIANT_CALLS_R2/samples/HG00658/alignments/GRCh38_no_alt/hifi_reads/HG00658.GRCh38_no_alt.sorted.bam,/vast/palmer/pi/hall/wl474/projects/YALE_VARIANT_CALLS_R2/samples/HG00658/alignments/GRCh38_no_alt/hifi_reads/HG00658.GRCh38_no_alt.sorted.bam.bai
HG00673,male,/vast/palmer/pi/hall/wl474/projects/YALE_VARIANT_CALLS_R2/samples/HG00673/alignments/GRCh38_no_alt/hifi_reads/HG00673.GRCh38_no_alt.sorted.bam,/vast/palmer/pi/hall/wl474/projects/YALE_VARIANT_CALLS_R2/samples/HG00673/alignments/GRCh38_no_alt/hifi_reads/HG00673.GRCh38_no_alt.sorted.bam.bai
HG00706,male,/vast/palmer/pi/hall/wl474/projects/YALE_VARIANT_CALLS_R2/samples/HG00706/alignments/GRCh38_no_alt/hifi_reads/HG00706.GRCh38_no_alt.sorted.bam,/vast/palmer/pi/hall/wl474/projects/YALE_VARIANT_CALLS_R2/samples/HG00706/alignments/GRCh38_no_alt/hifi_reads/HG00706.GRCh38_no_alt.sorted.bam.bai
HG00733,female,/vast/palmer/pi/hall/wl474/projects/YALE_VARIANT_CALLS_R2/samples/HG00733/alignments/GRCh38_no_alt/hifi_reads/HG00733.GRCh38_no_alt.sorted.bam,/vast/palmer/pi/hall/wl474/projects/YALE_VARIANT_CALLS_R2/samples/HG00733/alignments/GRCh38_no_alt/hifi_reads/HG00733.GRCh38_no_alt.sorted.bam.bai
HG00735,female,/vast/palmer/pi/hall/wl474/projects/YALE_VARIANT_CALLS_R2/samples/HG00735/alignments/GRCh38_no_alt/hifi_reads/HG00735.GRCh38_no_alt.sorted.bam,/vast/palmer/pi/hall/wl474/projects/YALE_VARIANT_CALLS_R2/samples/HG00735/alignments/GRCh38_no_alt/hifi_reads/HG00735.GRCh38_no_alt.sorted.bam.bai
HG00738,male,/vast/palmer/pi/hall/wl474/projects/YALE_VARIANT_CALLS_R2/samples/HG00738/alignments/GRCh38_no_alt/hifi_reads/HG00738.GRCh38_no_alt.sorted.bam,/vast/palmer/pi/hall/wl474/projects/YALE_VARIANT_CALLS_R2/samples/HG00738/alignments/GRCh38_no_alt/hifi_reads/HG00738.GRCh38_no_alt.sorted.bam.bai
HG00741,female,/vast/palmer/pi/hall/wl474/projects/YALE_VARIANT_CALLS_R2/samples/HG00741/alignments/GRCh38_no_alt/hifi_reads/HG00741.GRCh38_no_alt.sorted.bam,/vast/palmer/pi/hall/wl474/projects/YALE_VARIANT_CALLS_R2/samples/HG00741/alignments/GRCh38_no_alt/hifi_reads/HG00741.GRCh38_no_alt.sorted.bam.bai
HG01071,female,/vast/palmer/pi/hall/wl474/projects/YALE_VARIANT_CALLS_R2/samples/HG01071/alignments/GRCh38_no_alt/hifi_reads/HG01071.GRCh38_no_alt.sorted.bam,/vast/palmer/pi/hall/wl474/projects/YALE_VARIANT_CALLS_R2/samples/HG01071/alignments/GRCh38_no_alt/hifi_reads/HG01071.GRCh38_no_alt.sorted.bam.bai
HG01074,male,/vast/palmer/pi/hall/wl474/projects/YALE_VARIANT_CALLS_R2/samples/HG01074/alignments/GRCh38_no_alt/hifi_reads/HG01074.GRCh38_no_alt.sorted.bam,/vast/palmer/pi/hall/wl474/projects/YALE_VARIANT_CALLS_R2/samples/HG01074/alignments/GRCh38_no_alt/hifi_reads/HG01074.GRCh38_no_alt.sorted.bam.bai
HG01081,female,/vast/palmer/pi/hall/wl474/projects/YALE_VARIANT_CALLS_R2/samples/HG01081/alignments/GRCh38_no_alt/hifi_reads/HG01081.GRCh38_no_alt.sorted.bam,/vast/palmer/pi/hall/wl474/projects/YALE_VARIANT_CALLS_R2/samples/HG01081/alignments/GRCh38_no_alt/hifi_reads/HG01081.GRCh38_no_alt.sorted.bam.bai
HG01099,male,/vast/palmer/pi/hall/wl474/projects/YALE_VARIANT_CALLS_R2/samples/HG01099/alignments/GRCh38_no_alt/hifi_reads/HG01099.GRCh38_no_alt.sorted.bam,/vast/palmer/pi/hall/wl474/projects/YALE_VARIANT_CALLS_R2/samples/HG01099/alignments/GRCh38_no_alt/hifi_reads/HG01099.GRCh38_no_alt.sorted.bam.bai
HG01106,male,/vast/palmer/pi/hall/wl474/projects/YALE_VARIANT_CALLS_R2/samples/HG01106/alignments/GRCh38_no_alt/hifi_reads/HG01106.GRCh38_no_alt.sorted.bam,/vast/palmer/pi/hall/wl474/projects/YALE_VARIANT_CALLS_R2/samples/HG01106/alignments/GRCh38_no_alt/hifi_reads/HG01106.GRCh38_no_alt.sorted.bam.bai
HG01109,male,/vast/palmer/pi/hall/wl474/projects/YALE_VARIANT_CALLS_R2/samples/HG01109/alignments/GRCh38_no_alt/hifi_reads/HG01109.GRCh38_no_alt.sorted.bam,/vast/palmer/pi/hall/wl474/projects/YALE_VARIANT_CALLS_R2/samples/HG01109/alignments/GRCh38_no_alt/hifi_reads/HG01109.GRCh38_no_alt.sorted.bam.bai
HG01123,female,/vast/palmer/pi/hall/wl474/projects/YALE_VARIANT_CALLS_R2/samples/HG01123/alignments/GRCh38_no_alt/hifi_reads/HG01123.GRCh38_no_alt.sorted.bam,/vast/palmer/pi/hall/wl474/projects/YALE_VARIANT_CALLS_R2/samples/HG01123/alignments/GRCh38_no_alt/hifi_reads/HG01123.GRCh38_no_alt.sorted.bam.bai
HG01150,female,/vast/palmer/pi/hall/wl474/projects/YALE_VARIANT_CALLS_R2/samples/HG01150/alignments/GRCh38_no_alt/hifi_reads/HG01150.GRCh38_no_alt.sorted.bam,/vast/palmer/pi/hall/wl474/projects/YALE_VARIANT_CALLS_R2/samples/HG01150/alignments/GRCh38_no_alt/hifi_reads/HG01150.GRCh38_no_alt.sorted.bam.bai
HG01167,male,/vast/palmer/pi/hall/wl474/projects/YALE_VARIANT_CALLS_R2/samples/HG01167/alignments/GRCh38_no_alt/hifi_reads/HG01167.GRCh38_no_alt.sorted.bam,/vast/palmer/pi/hall/wl474/projects/YALE_VARIANT_CALLS_R2/samples/HG01167/alignments/GRCh38_no_alt/hifi_reads/HG01167.GRCh38_no_alt.sorted.bam.bai
HG01175,female,/vast/palmer/pi/hall/wl474/projects/YALE_VARIANT_CALLS_R2/samples/HG01175/alignments/GRCh38_no_alt/hifi_reads/HG01175.GRCh38_no_alt.sorted.bam,/vast/palmer/pi/hall/wl474/projects/YALE_VARIANT_CALLS_R2/samples/HG01175/alignments/GRCh38_no_alt/hifi_reads/HG01175.GRCh38_no_alt.sorted.bam.bai
HG01192,male,/vast/palmer/pi/hall/wl474/projects/YALE_VARIANT_CALLS_R2/samples/HG01192/alignments/GRCh38_no_alt/hifi_reads/HG01192.GRCh38_no_alt.sorted.bam,/vast/palmer/pi/hall/wl474/projects/YALE_VARIANT_CALLS_R2/samples/HG01192/alignments/GRCh38_no_alt/hifi_reads/HG01192.GRCh38_no_alt.sorted.bam.bai
HG01243,male,/vast/palmer/pi/hall/wl474/projects/YALE_VARIANT_CALLS_R2/samples/HG01243/alignments/GRCh38_no_alt/hifi_reads/HG01243.GRCh38_no_alt.sorted.bam,/vast/palmer/pi/hall/wl474/projects/YALE_VARIANT_CALLS_R2/samples/HG01243/alignments/GRCh38_no_alt/hifi_reads/HG01243.GRCh38_no_alt.sorted.bam.bai
HG01252,male,/vast/palmer/pi/hall/wl474/projects/YALE_VARIANT_CALLS_R2/samples/HG01252/alignments/GRCh38_no_alt/hifi_reads/HG01252.GRCh38_no_alt.sorted.bam,/vast/palmer/pi/hall/wl474/projects/YALE_VARIANT_CALLS_R2/samples/HG01252/alignments/GRCh38_no_alt/hifi_reads/HG01252.GRCh38_no_alt.sorted.bam.bai
HG01255,male,/vast/palmer/pi/hall/wl474/projects/YALE_VARIANT_CALLS_R2/samples/HG01255/alignments/GRCh38_no_alt/hifi_reads/HG01255.GRCh38_no_alt.sorted.bam,/vast/palmer/pi/hall/wl474/projects/YALE_VARIANT_CALLS_R2/samples/HG01255/alignments/GRCh38_no_alt/hifi_reads/HG01255.GRCh38_no_alt.sorted.bam.bai
HG01258,male,/vast/palmer/pi/hall/wl474/projects/YALE_VARIANT_CALLS_R2/samples/HG01258/alignments/GRCh38_no_alt/hifi_reads/HG01258.GRCh38_no_alt.sorted.bam,/vast/palmer/pi/hall/wl474/projects/YALE_VARIANT_CALLS_R2/samples/HG01258/alignments/GRCh38_no_alt/hifi_reads/HG01258.GRCh38_no_alt.sorted.bam.bai
HG01261,male,/vast/palmer/pi/hall/wl474/projects/YALE_VARIANT_CALLS_R2/samples/HG01261/alignments/GRCh38_no_alt/hifi_reads/HG01261.GRCh38_no_alt.sorted.bam,/vast/palmer/pi/hall/wl474/projects/YALE_VARIANT_CALLS_R2/samples/HG01261/alignments/GRCh38_no_alt/hifi_reads/HG01261.GRCh38_no_alt.sorted.bam.bai
HG01346,female,/vast/palmer/pi/hall/wl474/projects/YALE_VARIANT_CALLS_R2/samples/HG01346/alignments/GRCh38_no_alt/hifi_reads/HG01346.GRCh38_no_alt.sorted.bam,/vast/palmer/pi/hall/wl474/projects/YALE_VARIANT_CALLS_R2/samples/HG01346/alignments/GRCh38_no_alt/hifi_reads/HG01346.GRCh38_no_alt.sorted.bam.bai
HG01358,male,/vast/palmer/pi/hall/wl474/projects/YALE_VARIANT_CALLS_R2/samples/HG01358/alignments/GRCh38_no_alt/hifi_reads/HG01358.GRCh38_no_alt.sorted.bam,/vast/palmer/pi/hall/wl474/projects/YALE_VARIANT_CALLS_R2/samples/HG01358/alignments/GRCh38_no_alt/hifi_reads/HG01358.GRCh38_no_alt.sorted.bam.bai
HG01361,female,/vast/palmer/pi/hall/wl474/projects/YALE_VARIANT_CALLS_R2/samples/HG01361/alignments/GRCh38_no_alt/hifi_reads/HG01361.GRCh38_no_alt.sorted.bam,/vast/palmer/pi/hall/wl474/projects/YALE_VARIANT_CALLS_R2/samples/HG01361/alignments/GRCh38_no_alt/hifi_reads/HG01361.GRCh38_no_alt.sorted.bam.bai
HG01433,male,/vast/palmer/pi/hall/wl474/projects/YALE_VARIANT_CALLS_R2/samples/HG01433/alignments/GRCh38_no_alt/hifi_reads/HG01433.GRCh38_no_alt.sorted.bam,/vast/palmer/pi/hall/wl474/projects/YALE_VARIANT_CALLS_R2/samples/HG01433/alignments/GRCh38_no_alt/hifi_reads/HG01433.GRCh38_no_alt.sorted.bam.bai
HG01496,female,/vast/palmer/pi/hall/wl474/projects/YALE_VARIANT_CALLS_R2/samples/HG01496/alignments/GRCh38_no_alt/hifi_reads/HG01496.GRCh38_no_alt.sorted.bam,/vast/palmer/pi/hall/wl474/projects/YALE_VARIANT_CALLS_R2/samples/HG01496/alignments/GRCh38_no_alt/hifi_reads/HG01496.GRCh38_no_alt.sorted.bam.bai
HG01530,male,/vast/palmer/pi/hall/wl474/projects/YALE_VARIANT_CALLS_R2/samples/HG01530/alignments/GRCh38_no_alt/hifi_reads/HG01530.GRCh38_no_alt.sorted.bam,/vast/palmer/pi/hall/wl474/projects/YALE_VARIANT_CALLS_R2/samples/HG01530/alignments/GRCh38_no_alt/hifi_reads/HG01530.GRCh38_no_alt.sorted.bam.bai
HG01784,female,/vast/palmer/pi/hall/wl474/projects/YALE_VARIANT_CALLS_R2/samples/HG01784/alignments/GRCh38_no_alt/hifi_reads/HG01784.GRCh38_no_alt.sorted.bam,/vast/palmer/pi/hall/wl474/projects/YALE_VARIANT_CALLS_R2/samples/HG01784/alignments/GRCh38_no_alt/hifi_reads/HG01784.GRCh38_no_alt.sorted.bam.bai
HG01786,female,/vast/palmer/pi/hall/wl474/projects/YALE_VARIANT_CALLS_R2/samples/HG01786/alignments/GRCh38_no_alt/hifi_reads/HG01786.GRCh38_no_alt.sorted.bam,/vast/palmer/pi/hall/wl474/projects/YALE_VARIANT_CALLS_R2/samples/HG01786/alignments/GRCh38_no_alt/hifi_reads/HG01786.GRCh38_no_alt.sorted.bam.bai
HG01884,female,/vast/palmer/pi/hall/wl474/projects/YALE_VARIANT_CALLS_R2/samples/HG01884/alignments/GRCh38_no_alt/hifi_reads/HG01884.GRCh38_no_alt.sorted.bam,/vast/palmer/pi/hall/wl474/projects/YALE_VARIANT_CALLS_R2/samples/HG01884/alignments/GRCh38_no_alt/hifi_reads/HG01884.GRCh38_no_alt.sorted.bam.bai
HG01891,female,/vast/palmer/pi/hall/wl474/projects/YALE_VARIANT_CALLS_R2/samples/HG01891/alignments/GRCh38_no_alt/hifi_reads/HG01891.GRCh38_no_alt.sorted.bam,/vast/palmer/pi/hall/wl474/projects/YALE_VARIANT_CALLS_R2/samples/HG01891/alignments/GRCh38_no_alt/hifi_reads/HG01891.GRCh38_no_alt.sorted.bam.bai
HG01928,male,/vast/palmer/pi/hall/wl474/projects/YALE_VARIANT_CALLS_R2/samples/HG01928/alignments/GRCh38_no_alt/hifi_reads/HG01928.GRCh38_no_alt.sorted.bam,/vast/palmer/pi/hall/wl474/projects/YALE_VARIANT_CALLS_R2/samples/HG01928/alignments/GRCh38_no_alt/hifi_reads/HG01928.GRCh38_no_alt.sorted.bam.bai
HG01934,male,/vast/palmer/pi/hall/wl474/projects/YALE_VARIANT_CALLS_R2/samples/HG01934/alignments/GRCh38_no_alt/hifi_reads/HG01934.GRCh38_no_alt.sorted.bam,/vast/palmer/pi/hall/wl474/projects/YALE_VARIANT_CALLS_R2/samples/HG01934/alignments/GRCh38_no_alt/hifi_reads/HG01934.GRCh38_no_alt.sorted.bam.bai
HG01940,female,/vast/palmer/pi/hall/wl474/projects/YALE_VARIANT_CALLS_R2/samples/HG01940/alignments/GRCh38_no_alt/hifi_reads/HG01940.GRCh38_no_alt.sorted.bam,/vast/palmer/pi/hall/wl474/projects/YALE_VARIANT_CALLS_R2/samples/HG01940/alignments/GRCh38_no_alt/hifi_reads/HG01940.GRCh38_no_alt.sorted.bam.bai
HG01943,male,/vast/palmer/pi/hall/wl474/projects/YALE_VARIANT_CALLS_R2/samples/HG01943/alignments/GRCh38_no_alt/hifi_reads/HG01943.GRCh38_no_alt.sorted.bam,/vast/palmer/pi/hall/wl474/projects/YALE_VARIANT_CALLS_R2/samples/HG01943/alignments/GRCh38_no_alt/hifi_reads/HG01943.GRCh38_no_alt.sorted.bam.bai
HG01952,male,/vast/palmer/pi/hall/wl474/projects/YALE_VARIANT_CALLS_R2/samples/HG01952/alignments/GRCh38_no_alt/hifi_reads/HG01952.GRCh38_no_alt.sorted.bam,/vast/palmer/pi/hall/wl474/projects/YALE_VARIANT_CALLS_R2/samples/HG01952/alignments/GRCh38_no_alt/hifi_reads/HG01952.GRCh38_no_alt.sorted.bam.bai
HG01960,female,/vast/palmer/pi/hall/wl474/projects/YALE_VARIANT_CALLS_R2/samples/HG01960/alignments/GRCh38_no_alt/hifi_reads/HG01960.GRCh38_no_alt.sorted.bam,/vast/palmer/pi/hall/wl474/projects/YALE_VARIANT_CALLS_R2/samples/HG01960/alignments/GRCh38_no_alt/hifi_reads/HG01960.GRCh38_no_alt.sorted.bam.bai
HG01969,female,/vast/palmer/pi/hall/wl474/projects/YALE_VARIANT_CALLS_R2/samples/HG01969/alignments/GRCh38_no_alt/hifi_reads/HG01969.GRCh38_no_alt.sorted.bam,/vast/palmer/pi/hall/wl474/projects/YALE_VARIANT_CALLS_R2/samples/HG01969/alignments/GRCh38_no_alt/hifi_reads/HG01969.GRCh38_no_alt.sorted.bam.bai
HG01975,female,/vast/palmer/pi/hall/wl474/projects/YALE_VARIANT_CALLS_R2/samples/HG01975/alignments/GRCh38_no_alt/hifi_reads/HG01975.GRCh38_no_alt.sorted.bam,/vast/palmer/pi/hall/wl474/projects/YALE_VARIANT_CALLS_R2/samples/HG01975/alignments/GRCh38_no_alt/hifi_reads/HG01975.GRCh38_no_alt.sorted.bam.bai
HG01978,female,/vast/palmer/pi/hall/wl474/projects/YALE_VARIANT_CALLS_R2/samples/HG01978/alignments/GRCh38_no_alt/hifi_reads/HG01978.GRCh38_no_alt.sorted.bam,/vast/palmer/pi/hall/wl474/projects/YALE_VARIANT_CALLS_R2/samples/HG01978/alignments/GRCh38_no_alt/hifi_reads/HG01978.GRCh38_no_alt.sorted.bam.bai
HG01981,female,/vast/palmer/pi/hall/wl474/projects/YALE_VARIANT_CALLS_R2/samples/HG01981/alignments/GRCh38_no_alt/hifi_reads/HG01981.GRCh38_no_alt.sorted.bam,/vast/palmer/pi/hall/wl474/projects/YALE_VARIANT_CALLS_R2/samples/HG01981/alignments/GRCh38_no_alt/hifi_reads/HG01981.GRCh38_no_alt.sorted.bam.bai
HG01993,female,/vast/palmer/pi/hall/wl474/projects/YALE_VARIANT_CALLS_R2/samples/HG01993/alignments/GRCh38_no_alt/hifi_reads/HG01993.GRCh38_no_alt.sorted.bam,/vast/palmer/pi/hall/wl474/projects/YALE_VARIANT_CALLS_R2/samples/HG01993/alignments/GRCh38_no_alt/hifi_reads/HG01993.GRCh38_no_alt.sorted.bam.bai
HG02004,female,/vast/palmer/pi/hall/wl474/projects/YALE_VARIANT_CALLS_R2/samples/HG02004/alignments/GRCh38_no_alt/hifi_reads/HG02004.GRCh38_no_alt.sorted.bam,/vast/palmer/pi/hall/wl474/projects/YALE_VARIANT_CALLS_R2/samples/HG02004/alignments/GRCh38_no_alt/hifi_reads/HG02004.GRCh38_no_alt.sorted.bam.bai
HG02015,male,/vast/palmer/pi/hall/wl474/projects/YALE_VARIANT_CALLS_R2/samples/HG02015/alignments/GRCh38_no_alt/hifi_reads/HG02015.GRCh38_no_alt.sorted.bam,/vast/palmer/pi/hall/wl474/projects/YALE_VARIANT_CALLS_R2/samples/HG02015/alignments/GRCh38_no_alt/hifi_reads/HG02015.GRCh38_no_alt.sorted.bam.bai
HG02027,male,/vast/palmer/pi/hall/wl474/projects/YALE_VARIANT_CALLS_R2/samples/HG02027/alignments/GRCh38_no_alt/hifi_reads/HG02027.GRCh38_no_alt.sorted.bam,/vast/palmer/pi/hall/wl474/projects/YALE_VARIANT_CALLS_R2/samples/HG02027/alignments/GRCh38_no_alt/hifi_reads/HG02027.GRCh38_no_alt.sorted.bam.bai
HG02040,male,/vast/palmer/pi/hall/wl474/projects/YALE_VARIANT_CALLS_R2/samples/HG02040/alignments/GRCh38_no_alt/hifi_reads/HG02040.GRCh38_no_alt.sorted.bam,/vast/palmer/pi/hall/wl474/projects/YALE_VARIANT_CALLS_R2/samples/HG02040/alignments/GRCh38_no_alt/hifi_reads/HG02040.GRCh38_no_alt.sorted.bam.bai
HG02055,male,/vast/palmer/pi/hall/wl474/projects/YALE_VARIANT_CALLS_R2/samples/HG02055/alignments/GRCh38_no_alt/hifi_reads/HG02055.GRCh38_no_alt.sorted.bam,/vast/palmer/pi/hall/wl474/projects/YALE_VARIANT_CALLS_R2/samples/HG02055/alignments/GRCh38_no_alt/hifi_reads/HG02055.GRCh38_no_alt.sorted.bam.bai
HG02056,male,/vast/palmer/pi/hall/wl474/projects/YALE_VARIANT_CALLS_R2/samples/HG02056/alignments/GRCh38_no_alt/hifi_reads/HG02056.GRCh38_no_alt.sorted.bam,/vast/palmer/pi/hall/wl474/projects/YALE_VARIANT_CALLS_R2/samples/HG02056/alignments/GRCh38_no_alt/hifi_reads/HG02056.GRCh38_no_alt.sorted.bam.bai
HG02071,male,/vast/palmer/pi/hall/wl474/projects/YALE_VARIANT_CALLS_R2/samples/HG02071/alignments/GRCh38_no_alt/hifi_reads/HG02071.GRCh38_no_alt.sorted.bam,/vast/palmer/pi/hall/wl474/projects/YALE_VARIANT_CALLS_R2/samples/HG02071/alignments/GRCh38_no_alt/hifi_reads/HG02071.GRCh38_no_alt.sorted.bam.bai
HG02074,male,/vast/palmer/pi/hall/wl474/projects/YALE_VARIANT_CALLS_R2/samples/HG02074/alignments/GRCh38_no_alt/hifi_reads/HG02074.GRCh38_no_alt.sorted.bam,/vast/palmer/pi/hall/wl474/projects/YALE_VARIANT_CALLS_R2/samples/HG02074/alignments/GRCh38_no_alt/hifi_reads/HG02074.GRCh38_no_alt.sorted.bam.bai
HG02080,female,/vast/palmer/pi/hall/wl474/projects/YALE_VARIANT_CALLS_R2/samples/HG02080/alignments/GRCh38_no_alt/hifi_reads/HG02080.GRCh38_no_alt.sorted.bam,/vast/palmer/pi/hall/wl474/projects/YALE_VARIANT_CALLS_R2/samples/HG02080/alignments/GRCh38_no_alt/hifi_reads/HG02080.GRCh38_no_alt.sorted.bam.bai
HG02083,male,/vast/palmer/pi/hall/wl474/projects/YALE_VARIANT_CALLS_R2/samples/HG02083/alignments/GRCh38_no_alt/hifi_reads/HG02083.GRCh38_no_alt.sorted.bam,/vast/palmer/pi/hall/wl474/projects/YALE_VARIANT_CALLS_R2/samples/HG02083/alignments/GRCh38_no_alt/hifi_reads/HG02083.GRCh38_no_alt.sorted.bam.bai
HG02109,female,/vast/palmer/pi/hall/wl474/projects/YALE_VARIANT_CALLS_R2/samples/HG02109/alignments/GRCh38_no_alt/hifi_reads/HG02109.GRCh38_no_alt.sorted.bam,/vast/palmer/pi/hall/wl474/projects/YALE_VARIANT_CALLS_R2/samples/HG02109/alignments/GRCh38_no_alt/hifi_reads/HG02109.GRCh38_no_alt.sorted.bam.bai
HG02129,male,/vast/palmer/pi/hall/wl474/projects/YALE_VARIANT_CALLS_R2/samples/HG02129/alignments/GRCh38_no_alt/hifi_reads/HG02129.GRCh38_no_alt.sorted.bam,/vast/palmer/pi/hall/wl474/projects/YALE_VARIANT_CALLS_R2/samples/HG02129/alignments/GRCh38_no_alt/hifi_reads/HG02129.GRCh38_no_alt.sorted.bam.bai
HG02132,male,/vast/palmer/pi/hall/wl474/projects/YALE_VARIANT_CALLS_R2/samples/HG02132/alignments/GRCh38_no_alt/hifi_reads/HG02132.GRCh38_no_alt.sorted.bam,/vast/palmer/pi/hall/wl474/projects/YALE_VARIANT_CALLS_R2/samples/HG02132/alignments/GRCh38_no_alt/hifi_reads/HG02132.GRCh38_no_alt.sorted.bam.bai
HG02135,male,/vast/palmer/pi/hall/wl474/projects/YALE_VARIANT_CALLS_R2/samples/HG02135/alignments/GRCh38_no_alt/hifi_reads/HG02135.GRCh38_no_alt.sorted.bam,/vast/palmer/pi/hall/wl474/projects/YALE_VARIANT_CALLS_R2/samples/HG02135/alignments/GRCh38_no_alt/hifi_reads/HG02135.GRCh38_no_alt.sorted.bam.bai
HG02145,male,/vast/palmer/pi/hall/wl474/projects/YALE_VARIANT_CALLS_R2/samples/HG02145/alignments/GRCh38_no_alt/hifi_reads/HG02145.GRCh38_no_alt.sorted.bam,/vast/palmer/pi/hall/wl474/projects/YALE_VARIANT_CALLS_R2/samples/HG02145/alignments/GRCh38_no_alt/hifi_reads/HG02145.GRCh38_no_alt.sorted.bam.bai
HG02148,female,/vast/palmer/pi/hall/wl474/projects/YALE_VARIANT_CALLS_R2/samples/HG02148/alignments/GRCh38_no_alt/hifi_reads/HG02148.GRCh38_no_alt.sorted.bam,/vast/palmer/pi/hall/wl474/projects/YALE_VARIANT_CALLS_R2/samples/HG02148/alignments/GRCh38_no_alt/hifi_reads/HG02148.GRCh38_no_alt.sorted.bam.bai
HG02155,female,/vast/palmer/pi/hall/wl474/projects/YALE_VARIANT_CALLS_R2/samples/HG02155/alignments/GRCh38_no_alt/hifi_reads/HG02155.GRCh38_no_alt.sorted.bam,/vast/palmer/pi/hall/wl474/projects/YALE_VARIANT_CALLS_R2/samples/HG02155/alignments/GRCh38_no_alt/hifi_reads/HG02155.GRCh38_no_alt.sorted.bam.bai
HG02165,female,/vast/palmer/pi/hall/wl474/projects/YALE_VARIANT_CALLS_R2/samples/HG02165/alignments/GRCh38_no_alt/hifi_reads/HG02165.GRCh38_no_alt.sorted.bam,/vast/palmer/pi/hall/wl474/projects/YALE_VARIANT_CALLS_R2/samples/HG02165/alignments/GRCh38_no_alt/hifi_reads/HG02165.GRCh38_no_alt.sorted.bam.bai
HG02178,female,/vast/palmer/pi/hall/wl474/projects/YALE_VARIANT_CALLS_R2/samples/HG02178/alignments/GRCh38_no_alt/hifi_reads/HG02178.GRCh38_no_alt.sorted.bam,/vast/palmer/pi/hall/wl474/projects/YALE_VARIANT_CALLS_R2/samples/HG02178/alignments/GRCh38_no_alt/hifi_reads/HG02178.GRCh38_no_alt.sorted.bam.bai
HG02257,female,/vast/palmer/pi/hall/wl474/projects/YALE_VARIANT_CALLS_R2/samples/HG02257/alignments/GRCh38_no_alt/hifi_reads/HG02257.GRCh38_no_alt.sorted.bam,/vast/palmer/pi/hall/wl474/projects/YALE_VARIANT_CALLS_R2/samples/HG02257/alignments/GRCh38_no_alt/hifi_reads/HG02257.GRCh38_no_alt.sorted.bam.bai
HG02258,male,/vast/palmer/pi/hall/wl474/projects/YALE_VARIANT_CALLS_R2/samples/HG02258/alignments/GRCh38_no_alt/hifi_reads/HG02258.GRCh38_no_alt.sorted.bam,/vast/palmer/pi/hall/wl474/projects/YALE_VARIANT_CALLS_R2/samples/HG02258/alignments/GRCh38_no_alt/hifi_reads/HG02258.GRCh38_no_alt.sorted.bam.bai
HG02273,female,/vast/palmer/pi/hall/wl474/projects/YALE_VARIANT_CALLS_R2/samples/HG02273/alignments/GRCh38_no_alt/hifi_reads/HG02273.GRCh38_no_alt.sorted.bam,/vast/palmer/pi/hall/wl474/projects/YALE_VARIANT_CALLS_R2/samples/HG02273/alignments/GRCh38_no_alt/hifi_reads/HG02273.GRCh38_no_alt.sorted.bam.bai
HG02280,female,/vast/palmer/pi/hall/wl474/projects/YALE_VARIANT_CALLS_R2/samples/HG02280/alignments/GRCh38_no_alt/hifi_reads/HG02280.GRCh38_no_alt.sorted.bam,/vast/palmer/pi/hall/wl474/projects/YALE_VARIANT_CALLS_R2/samples/HG02280/alignments/GRCh38_no_alt/hifi_reads/HG02280.GRCh38_no_alt.sorted.bam.bai
HG02293,female,/vast/palmer/pi/hall/wl474/projects/YALE_VARIANT_CALLS_R2/samples/HG02293/alignments/GRCh38_no_alt/hifi_reads/HG02293.GRCh38_no_alt.sorted.bam,/vast/palmer/pi/hall/wl474/projects/YALE_VARIANT_CALLS_R2/samples/HG02293/alignments/GRCh38_no_alt/hifi_reads/HG02293.GRCh38_no_alt.sorted.bam.bai
HG02300,female,/vast/palmer/pi/hall/wl474/projects/YALE_VARIANT_CALLS_R2/samples/HG02300/alignments/GRCh38_no_alt/hifi_reads/HG02300.GRCh38_no_alt.sorted.bam,/vast/palmer/pi/hall/wl474/projects/YALE_VARIANT_CALLS_R2/samples/HG02300/alignments/GRCh38_no_alt/hifi_reads/HG02300.GRCh38_no_alt.sorted.bam.bai
HG02391,male,/vast/palmer/pi/hall/wl474/projects/YALE_VARIANT_CALLS_R2/samples/HG02391/alignments/GRCh38_no_alt/hifi_reads/HG02391.GRCh38_no_alt.sorted.bam,/vast/palmer/pi/hall/wl474/projects/YALE_VARIANT_CALLS_R2/samples/HG02391/alignments/GRCh38_no_alt/hifi_reads/HG02391.GRCh38_no_alt.sorted.bam.bai
HG02392,male,/vast/palmer/pi/hall/wl474/projects/YALE_VARIANT_CALLS_R2/samples/HG02392/alignments/GRCh38_no_alt/hifi_reads/HG02392.GRCh38_no_alt.sorted.bam,/vast/palmer/pi/hall/wl474/projects/YALE_VARIANT_CALLS_R2/samples/HG02392/alignments/GRCh38_no_alt/hifi_reads/HG02392.GRCh38_no_alt.sorted.bam.bai
HG02451,female,/vast/palmer/pi/hall/wl474/projects/YALE_VARIANT_CALLS_R2/samples/HG02451/alignments/GRCh38_no_alt/hifi_reads/HG02451.GRCh38_no_alt.sorted.bam,/vast/palmer/pi/hall/wl474/projects/YALE_VARIANT_CALLS_R2/samples/HG02451/alignments/GRCh38_no_alt/hifi_reads/HG02451.GRCh38_no_alt.sorted.bam.bai
HG02486,male,/vast/palmer/pi/hall/wl474/projects/YALE_VARIANT_CALLS_R2/samples/HG02486/alignments/GRCh38_no_alt/hifi_reads/HG02486.GRCh38_no_alt.sorted.bam,/vast/palmer/pi/hall/wl474/projects/YALE_VARIANT_CALLS_R2/samples/HG02486/alignments/GRCh38_no_alt/hifi_reads/HG02486.GRCh38_no_alt.sorted.bam.bai
HG02514,male,/vast/palmer/pi/hall/wl474/projects/YALE_VARIANT_CALLS_R2/samples/HG02514/alignments/GRCh38_no_alt/hifi_reads/HG02514.GRCh38_no_alt.sorted.bam,/vast/palmer/pi/hall/wl474/projects/YALE_VARIANT_CALLS_R2/samples/HG02514/alignments/GRCh38_no_alt/hifi_reads/HG02514.GRCh38_no_alt.sorted.bam.bai
HG02523,female,/vast/palmer/pi/hall/wl474/projects/YALE_VARIANT_CALLS_R2/samples/HG02523/alignments/GRCh38_no_alt/hifi_reads/HG02523.GRCh38_no_alt.sorted.bam,/vast/palmer/pi/hall/wl474/projects/YALE_VARIANT_CALLS_R2/samples/HG02523/alignments/GRCh38_no_alt/hifi_reads/HG02523.GRCh38_no_alt.sorted.bam.bai
HG02559,female,/vast/palmer/pi/hall/wl474/projects/YALE_VARIANT_CALLS_R2/samples/HG02559/alignments/GRCh38_no_alt/hifi_reads/HG02559.GRCh38_no_alt.sorted.bam,/vast/palmer/pi/hall/wl474/projects/YALE_VARIANT_CALLS_R2/samples/HG02559/alignments/GRCh38_no_alt/hifi_reads/HG02559.GRCh38_no_alt.sorted.bam.bai
HG02572,male,/vast/palmer/pi/hall/wl474/projects/YALE_VARIANT_CALLS_R2/samples/HG02572/alignments/GRCh38_no_alt/hifi_reads/HG02572.GRCh38_no_alt.sorted.bam,/vast/palmer/pi/hall/wl474/projects/YALE_VARIANT_CALLS_R2/samples/HG02572/alignments/GRCh38_no_alt/hifi_reads/HG02572.GRCh38_no_alt.sorted.bam.bai
HG02583,female,/vast/palmer/pi/hall/wl474/projects/YALE_VARIANT_CALLS_R2/samples/HG02583/alignments/GRCh38_no_alt/hifi_reads/HG02583.GRCh38_no_alt.sorted.bam,/vast/palmer/pi/hall/wl474/projects/YALE_VARIANT_CALLS_R2/samples/HG02583/alignments/GRCh38_no_alt/hifi_reads/HG02583.GRCh38_no_alt.sorted.bam.bai
HG02602,male,/vast/palmer/pi/hall/wl474/projects/YALE_VARIANT_CALLS_R2/samples/HG02602/alignments/GRCh38_no_alt/hifi_reads/HG02602.GRCh38_no_alt.sorted.bam,/vast/palmer/pi/hall/wl474/projects/YALE_VARIANT_CALLS_R2/samples/HG02602/alignments/GRCh38_no_alt/hifi_reads/HG02602.GRCh38_no_alt.sorted.bam.bai
HG02615,female,/vast/palmer/pi/hall/wl474/projects/YALE_VARIANT_CALLS_R2/samples/HG02615/alignments/GRCh38_no_alt/hifi_reads/HG02615.GRCh38_no_alt.sorted.bam,/vast/palmer/pi/hall/wl474/projects/YALE_VARIANT_CALLS_R2/samples/HG02615/alignments/GRCh38_no_alt/hifi_reads/HG02615.GRCh38_no_alt.sorted.bam.bai
HG02622,female,/vast/palmer/pi/hall/wl474/projects/YALE_VARIANT_CALLS_R2/samples/HG02622/alignments/GRCh38_no_alt/hifi_reads/HG02622.GRCh38_no_alt.sorted.bam,/vast/palmer/pi/hall/wl474/projects/YALE_VARIANT_CALLS_R2/samples/HG02622/alignments/GRCh38_no_alt/hifi_reads/HG02622.GRCh38_no_alt.sorted.bam.bai
HG02630,female,/vast/palmer/pi/hall/wl474/projects/YALE_VARIANT_CALLS_R2/samples/HG02630/alignments/GRCh38_no_alt/hifi_reads/HG02630.GRCh38_no_alt.sorted.bam,/vast/palmer/pi/hall/wl474/projects/YALE_VARIANT_CALLS_R2/samples/HG02630/alignments/GRCh38_no_alt/hifi_reads/HG02630.GRCh38_no_alt.sorted.bam.bai
HG02647,male,/vast/palmer/pi/hall/wl474/projects/YALE_VARIANT_CALLS_R2/samples/HG02647/alignments/GRCh38_no_alt/hifi_reads/HG02647.GRCh38_no_alt.sorted.bam,/vast/palmer/pi/hall/wl474/projects/YALE_VARIANT_CALLS_R2/samples/HG02647/alignments/GRCh38_no_alt/hifi_reads/HG02647.GRCh38_no_alt.sorted.bam.bai
HG02668,male,/vast/palmer/pi/hall/wl474/projects/YALE_VARIANT_CALLS_R2/samples/HG02668/alignments/GRCh38_no_alt/hifi_reads/HG02668.GRCh38_no_alt.sorted.bam,/vast/palmer/pi/hall/wl474/projects/YALE_VARIANT_CALLS_R2/samples/HG02668/alignments/GRCh38_no_alt/hifi_reads/HG02668.GRCh38_no_alt.sorted.bam.bai
HG02698,male,/vast/palmer/pi/hall/wl474/projects/YALE_VARIANT_CALLS_R2/samples/HG02698/alignments/GRCh38_no_alt/hifi_reads/HG02698.GRCh38_no_alt.sorted.bam,/vast/palmer/pi/hall/wl474/projects/YALE_VARIANT_CALLS_R2/samples/HG02698/alignments/GRCh38_no_alt/hifi_reads/HG02698.GRCh38_no_alt.sorted.bam.bai
HG02717,male,/vast/palmer/pi/hall/wl474/projects/YALE_VARIANT_CALLS_R2/samples/HG02717/alignments/GRCh38_no_alt/hifi_reads/HG02717.GRCh38_no_alt.sorted.bam,/vast/palmer/pi/hall/wl474/projects/YALE_VARIANT_CALLS_R2/samples/HG02717/alignments/GRCh38_no_alt/hifi_reads/HG02717.GRCh38_no_alt.sorted.bam.bai
HG02723,female,/vast/palmer/pi/hall/wl474/projects/YALE_VARIANT_CALLS_R2/samples/HG02723/alignments/GRCh38_no_alt/hifi_reads/HG02723.GRCh38_no_alt.sorted.bam,/vast/palmer/pi/hall/wl474/projects/YALE_VARIANT_CALLS_R2/samples/HG02723/alignments/GRCh38_no_alt/hifi_reads/HG02723.GRCh38_no_alt.sorted.bam.bai
HG02735,male,/vast/palmer/pi/hall/wl474/projects/YALE_VARIANT_CALLS_R2/samples/HG02735/alignments/GRCh38_no_alt/hifi_reads/HG02735.GRCh38_no_alt.sorted.bam,/vast/palmer/pi/hall/wl474/projects/YALE_VARIANT_CALLS_R2/samples/HG02735/alignments/GRCh38_no_alt/hifi_reads/HG02735.GRCh38_no_alt.sorted.bam.bai
HG02738,male,/vast/palmer/pi/hall/wl474/projects/YALE_VARIANT_CALLS_R2/samples/HG02738/alignments/GRCh38_no_alt/hifi_reads/HG02738.GRCh38_no_alt.sorted.bam,/vast/palmer/pi/hall/wl474/projects/YALE_VARIANT_CALLS_R2/samples/HG02738/alignments/GRCh38_no_alt/hifi_reads/HG02738.GRCh38_no_alt.sorted.bam.bai
HG02809,female,/vast/palmer/pi/hall/wl474/projects/YALE_VARIANT_CALLS_R2/samples/HG02809/alignments/GRCh38_no_alt/hifi_reads/HG02809.GRCh38_no_alt.sorted.bam,/vast/palmer/pi/hall/wl474/projects/YALE_VARIANT_CALLS_R2/samples/HG02809/alignments/GRCh38_no_alt/hifi_reads/HG02809.GRCh38_no_alt.sorted.bam.bai
HG02818,female,/vast/palmer/pi/hall/wl474/projects/YALE_VARIANT_CALLS_R2/samples/HG02818/alignments/GRCh38_no_alt/hifi_reads/HG02818.GRCh38_no_alt.sorted.bam,/vast/palmer/pi/hall/wl474/projects/YALE_VARIANT_CALLS_R2/samples/HG02818/alignments/GRCh38_no_alt/hifi_reads/HG02818.GRCh38_no_alt.sorted.bam.bai
HG02841,female,/vast/palmer/pi/hall/wl474/projects/YALE_VARIANT_CALLS_R2/samples/HG02841/alignments/GRCh38_no_alt/hifi_reads/HG02841.GRCh38_no_alt.sorted.bam,/vast/palmer/pi/hall/wl474/projects/YALE_VARIANT_CALLS_R2/samples/HG02841/alignments/GRCh38_no_alt/hifi_reads/HG02841.GRCh38_no_alt.sorted.bam.bai
HG02886,female,/vast/palmer/pi/hall/wl474/projects/YALE_VARIANT_CALLS_R2/samples/HG02886/alignments/GRCh38_no_alt/hifi_reads/HG02886.GRCh38_no_alt.sorted.bam,/vast/palmer/pi/hall/wl474/projects/YALE_VARIANT_CALLS_R2/samples/HG02886/alignments/GRCh38_no_alt/hifi_reads/HG02886.GRCh38_no_alt.sorted.bam.bai
HG02922,female,/vast/palmer/pi/hall/wl474/projects/YALE_VARIANT_CALLS_R2/samples/HG02922/alignments/GRCh38_no_alt/hifi_reads/HG02922.GRCh38_no_alt.sorted.bam,/vast/palmer/pi/hall/wl474/projects/YALE_VARIANT_CALLS_R2/samples/HG02922/alignments/GRCh38_no_alt/hifi_reads/HG02922.GRCh38_no_alt.sorted.bam.bai
HG02965,male,/vast/palmer/pi/hall/wl474/projects/YALE_VARIANT_CALLS_R2/samples/HG02965/alignments/GRCh38_no_alt/hifi_reads/HG02965.GRCh38_no_alt.sorted.bam,/vast/palmer/pi/hall/wl474/projects/YALE_VARIANT_CALLS_R2/samples/HG02965/alignments/GRCh38_no_alt/hifi_reads/HG02965.GRCh38_no_alt.sorted.bam.bai
HG02976,female,/vast/palmer/pi/hall/wl474/projects/YALE_VARIANT_CALLS_R2/samples/HG02976/alignments/GRCh38_no_alt/hifi_reads/HG02976.GRCh38_no_alt.sorted.bam,/vast/palmer/pi/hall/wl474/projects/YALE_VARIANT_CALLS_R2/samples/HG02976/alignments/GRCh38_no_alt/hifi_reads/HG02976.GRCh38_no_alt.sorted.bam.bai
HG02984,male,/vast/palmer/pi/hall/wl474/projects/YALE_VARIANT_CALLS_R2/samples/HG02984/alignments/GRCh38_no_alt/hifi_reads/HG02984.GRCh38_no_alt.sorted.bam,/vast/palmer/pi/hall/wl474/projects/YALE_VARIANT_CALLS_R2/samples/HG02984/alignments/GRCh38_no_alt/hifi_reads/HG02984.GRCh38_no_alt.sorted.bam.bai
HG03017,male,/vast/palmer/pi/hall/wl474/projects/YALE_VARIANT_CALLS_R2/samples/HG03017/alignments/GRCh38_no_alt/hifi_reads/HG03017.GRCh38_no_alt.sorted.bam,/vast/palmer/pi/hall/wl474/projects/YALE_VARIANT_CALLS_R2/samples/HG03017/alignments/GRCh38_no_alt/hifi_reads/HG03017.GRCh38_no_alt.sorted.bam.bai
HG03041,female,/vast/palmer/pi/hall/wl474/projects/YALE_VARIANT_CALLS_R2/samples/HG03041/alignments/GRCh38_no_alt/hifi_reads/HG03041.GRCh38_no_alt.sorted.bam,/vast/palmer/pi/hall/wl474/projects/YALE_VARIANT_CALLS_R2/samples/HG03041/alignments/GRCh38_no_alt/hifi_reads/HG03041.GRCh38_no_alt.sorted.bam.bai
HG03050,male,/vast/palmer/pi/hall/wl474/projects/YALE_VARIANT_CALLS_R2/samples/HG03050/alignments/GRCh38_no_alt/hifi_reads/HG03050.GRCh38_no_alt.sorted.bam,/vast/palmer/pi/hall/wl474/projects/YALE_VARIANT_CALLS_R2/samples/HG03050/alignments/GRCh38_no_alt/hifi_reads/HG03050.GRCh38_no_alt.sorted.bam.bai
HG03098,male,/vast/palmer/pi/hall/wl474/projects/YALE_VARIANT_CALLS_R2/samples/HG03098/alignments/GRCh38_no_alt/hifi_reads/HG03098.GRCh38_no_alt.sorted.bam,/vast/palmer/pi/hall/wl474/projects/YALE_VARIANT_CALLS_R2/samples/HG03098/alignments/GRCh38_no_alt/hifi_reads/HG03098.GRCh38_no_alt.sorted.bam.bai
HG03130,male,/vast/palmer/pi/hall/wl474/projects/YALE_VARIANT_CALLS_R2/samples/HG03130/alignments/GRCh38_no_alt/hifi_reads/HG03130.GRCh38_no_alt.sorted.bam,/vast/palmer/pi/hall/wl474/projects/YALE_VARIANT_CALLS_R2/samples/HG03130/alignments/GRCh38_no_alt/hifi_reads/HG03130.GRCh38_no_alt.sorted.bam.bai
HG03139,male,/vast/palmer/pi/hall/wl474/projects/YALE_VARIANT_CALLS_R2/samples/HG03139/alignments/GRCh38_no_alt/hifi_reads/HG03139.GRCh38_no_alt.sorted.bam,/vast/palmer/pi/hall/wl474/projects/YALE_VARIANT_CALLS_R2/samples/HG03139/alignments/GRCh38_no_alt/hifi_reads/HG03139.GRCh38_no_alt.sorted.bam.bai
HG03195,female,/vast/palmer/pi/hall/wl474/projects/YALE_VARIANT_CALLS_R2/samples/HG03195/alignments/GRCh38_no_alt/hifi_reads/HG03195.GRCh38_no_alt.sorted.bam,/vast/palmer/pi/hall/wl474/projects/YALE_VARIANT_CALLS_R2/samples/HG03195/alignments/GRCh38_no_alt/hifi_reads/HG03195.GRCh38_no_alt.sorted.bam.bai
HG03209,male,/vast/palmer/pi/hall/wl474/projects/YALE_VARIANT_CALLS_R2/samples/HG03209/alignments/GRCh38_no_alt/hifi_reads/HG03209.GRCh38_no_alt.sorted.bam,/vast/palmer/pi/hall/wl474/projects/YALE_VARIANT_CALLS_R2/samples/HG03209/alignments/GRCh38_no_alt/hifi_reads/HG03209.GRCh38_no_alt.sorted.bam.bai
HG03225,male,/vast/palmer/pi/hall/wl474/projects/YALE_VARIANT_CALLS_R2/samples/HG03225/alignments/GRCh38_no_alt/hifi_reads/HG03225.GRCh38_no_alt.sorted.bam,/vast/palmer/pi/hall/wl474/projects/YALE_VARIANT_CALLS_R2/samples/HG03225/alignments/GRCh38_no_alt/hifi_reads/HG03225.GRCh38_no_alt.sorted.bam.bai
HG03239,female,/vast/palmer/pi/hall/wl474/projects/YALE_VARIANT_CALLS_R2/samples/HG03239/alignments/GRCh38_no_alt/hifi_reads/HG03239.GRCh38_no_alt.sorted.bam,/vast/palmer/pi/hall/wl474/projects/YALE_VARIANT_CALLS_R2/samples/HG03239/alignments/GRCh38_no_alt/hifi_reads/HG03239.GRCh38_no_alt.sorted.bam.bai
HG03270,female,/vast/palmer/pi/hall/wl474/projects/YALE_VARIANT_CALLS_R2/samples/HG03270/alignments/GRCh38_no_alt/hifi_reads/HG03270.GRCh38_no_alt.sorted.bam,/vast/palmer/pi/hall/wl474/projects/YALE_VARIANT_CALLS_R2/samples/HG03270/alignments/GRCh38_no_alt/hifi_reads/HG03270.GRCh38_no_alt.sorted.bam.bai
HG03369,female,/vast/palmer/pi/hall/wl474/projects/YALE_VARIANT_CALLS_R2/samples/HG03369/alignments/GRCh38_no_alt/hifi_reads/HG03369.GRCh38_no_alt.sorted.bam,/vast/palmer/pi/hall/wl474/projects/YALE_VARIANT_CALLS_R2/samples/HG03369/alignments/GRCh38_no_alt/hifi_reads/HG03369.GRCh38_no_alt.sorted.bam.bai
HG03453,female,/vast/palmer/pi/hall/wl474/projects/YALE_VARIANT_CALLS_R2/samples/HG03453/alignments/GRCh38_no_alt/hifi_reads/HG03453.GRCh38_no_alt.sorted.bam,/vast/palmer/pi/hall/wl474/projects/YALE_VARIANT_CALLS_R2/samples/HG03453/alignments/GRCh38_no_alt/hifi_reads/HG03453.GRCh38_no_alt.sorted.bam.bai
HG03470,female,/vast/palmer/pi/hall/wl474/projects/YALE_VARIANT_CALLS_R2/samples/HG03470/alignments/GRCh38_no_alt/hifi_reads/HG03470.GRCh38_no_alt.sorted.bam,/vast/palmer/pi/hall/wl474/projects/YALE_VARIANT_CALLS_R2/samples/HG03470/alignments/GRCh38_no_alt/hifi_reads/HG03470.GRCh38_no_alt.sorted.bam.bai
HG03471,male,/vast/palmer/pi/hall/wl474/projects/YALE_VARIANT_CALLS_R2/samples/HG03471/alignments/GRCh38_no_alt/hifi_reads/HG03471.GRCh38_no_alt.sorted.bam,/vast/palmer/pi/hall/wl474/projects/YALE_VARIANT_CALLS_R2/samples/HG03471/alignments/GRCh38_no_alt/hifi_reads/HG03471.GRCh38_no_alt.sorted.bam.bai
HG03486,female,/vast/palmer/pi/hall/wl474/projects/YALE_VARIANT_CALLS_R2/samples/HG03486/alignments/GRCh38_no_alt/hifi_reads/HG03486.GRCh38_no_alt.sorted.bam,/vast/palmer/pi/hall/wl474/projects/YALE_VARIANT_CALLS_R2/samples/HG03486/alignments/GRCh38_no_alt/hifi_reads/HG03486.GRCh38_no_alt.sorted.bam.bai
HG03516,female,/vast/palmer/pi/hall/wl474/projects/YALE_VARIANT_CALLS_R2/samples/HG03516/alignments/GRCh38_no_alt/hifi_reads/HG03516.GRCh38_no_alt.sorted.bam,/vast/palmer/pi/hall/wl474/projects/YALE_VARIANT_CALLS_R2/samples/HG03516/alignments/GRCh38_no_alt/hifi_reads/HG03516.GRCh38_no_alt.sorted.bam.bai
HG03521,male,/vast/palmer/pi/hall/wl474/projects/YALE_VARIANT_CALLS_R2/samples/HG03521/alignments/GRCh38_no_alt/hifi_reads/HG03521.GRCh38_no_alt.sorted.bam,/vast/palmer/pi/hall/wl474/projects/YALE_VARIANT_CALLS_R2/samples/HG03521/alignments/GRCh38_no_alt/hifi_reads/HG03521.GRCh38_no_alt.sorted.bam.bai
HG03540,female,/vast/palmer/pi/hall/wl474/projects/YALE_VARIANT_CALLS_R2/samples/HG03540/alignments/GRCh38_no_alt/hifi_reads/HG03540.GRCh38_no_alt.sorted.bam,/vast/palmer/pi/hall/wl474/projects/YALE_VARIANT_CALLS_R2/samples/HG03540/alignments/GRCh38_no_alt/hifi_reads/HG03540.GRCh38_no_alt.sorted.bam.bai
HG03579,male,/vast/palmer/pi/hall/wl474/projects/YALE_VARIANT_CALLS_R2/samples/HG03579/alignments/GRCh38_no_alt/hifi_reads/HG03579.GRCh38_no_alt.sorted.bam,/vast/palmer/pi/hall/wl474/projects/YALE_VARIANT_CALLS_R2/samples/HG03579/alignments/GRCh38_no_alt/hifi_reads/HG03579.GRCh38_no_alt.sorted.bam.bai
HG03583,female,/vast/palmer/pi/hall/wl474/projects/YALE_VARIANT_CALLS_R2/samples/HG03583/alignments/GRCh38_no_alt/hifi_reads/HG03583.GRCh38_no_alt.sorted.bam,/vast/palmer/pi/hall/wl474/projects/YALE_VARIANT_CALLS_R2/samples/HG03583/alignments/GRCh38_no_alt/hifi_reads/HG03583.GRCh38_no_alt.sorted.bam.bai
HG03654,male,/vast/palmer/pi/hall/wl474/projects/YALE_VARIANT_CALLS_R2/samples/HG03654/alignments/GRCh38_no_alt/hifi_reads/HG03654.GRCh38_no_alt.sorted.bam,/vast/palmer/pi/hall/wl474/projects/YALE_VARIANT_CALLS_R2/samples/HG03654/alignments/GRCh38_no_alt/hifi_reads/HG03654.GRCh38_no_alt.sorted.bam.bai
HG03669,female,/vast/palmer/pi/hall/wl474/projects/YALE_VARIANT_CALLS_R2/samples/HG03669/alignments/GRCh38_no_alt/hifi_reads/HG03669.GRCh38_no_alt.sorted.bam,/vast/palmer/pi/hall/wl474/projects/YALE_VARIANT_CALLS_R2/samples/HG03669/alignments/GRCh38_no_alt/hifi_reads/HG03669.GRCh38_no_alt.sorted.bam.bai
HG03688,male,/vast/palmer/pi/hall/wl474/projects/YALE_VARIANT_CALLS_R2/samples/HG03688/alignments/GRCh38_no_alt/hifi_reads/HG03688.GRCh38_no_alt.sorted.bam,/vast/palmer/pi/hall/wl474/projects/YALE_VARIANT_CALLS_R2/samples/HG03688/alignments/GRCh38_no_alt/hifi_reads/HG03688.GRCh38_no_alt.sorted.bam.bai
HG03704,female,/vast/palmer/pi/hall/wl474/projects/YALE_VARIANT_CALLS_R2/samples/HG03704/alignments/GRCh38_no_alt/hifi_reads/HG03704.GRCh38_no_alt.sorted.bam,/vast/palmer/pi/hall/wl474/projects/YALE_VARIANT_CALLS_R2/samples/HG03704/alignments/GRCh38_no_alt/hifi_reads/HG03704.GRCh38_no_alt.sorted.bam.bai
HG03710,male,/vast/palmer/pi/hall/wl474/projects/YALE_VARIANT_CALLS_R2/samples/HG03710/alignments/GRCh38_no_alt/hifi_reads/HG03710.GRCh38_no_alt.sorted.bam,/vast/palmer/pi/hall/wl474/projects/YALE_VARIANT_CALLS_R2/samples/HG03710/alignments/GRCh38_no_alt/hifi_reads/HG03710.GRCh38_no_alt.sorted.bam.bai
HG03742,male,/vast/palmer/pi/hall/wl474/projects/YALE_VARIANT_CALLS_R2/samples/HG03742/alignments/GRCh38_no_alt/hifi_reads/HG03742.GRCh38_no_alt.sorted.bam,/vast/palmer/pi/hall/wl474/projects/YALE_VARIANT_CALLS_R2/samples/HG03742/alignments/GRCh38_no_alt/hifi_reads/HG03742.GRCh38_no_alt.sorted.bam.bai
HG03784,female,/vast/palmer/pi/hall/wl474/projects/YALE_VARIANT_CALLS_R2/samples/HG03784/alignments/GRCh38_no_alt/hifi_reads/HG03784.GRCh38_no_alt.sorted.bam,/vast/palmer/pi/hall/wl474/projects/YALE_VARIANT_CALLS_R2/samples/HG03784/alignments/GRCh38_no_alt/hifi_reads/HG03784.GRCh38_no_alt.sorted.bam.bai
HG03804,female,/vast/palmer/pi/hall/wl474/projects/YALE_VARIANT_CALLS_R2/samples/HG03804/alignments/GRCh38_no_alt/hifi_reads/HG03804.GRCh38_no_alt.sorted.bam,/vast/palmer/pi/hall/wl474/projects/YALE_VARIANT_CALLS_R2/samples/HG03804/alignments/GRCh38_no_alt/hifi_reads/HG03804.GRCh38_no_alt.sorted.bam.bai
HG03816,female,/vast/palmer/pi/hall/wl474/projects/YALE_VARIANT_CALLS_R2/samples/HG03816/alignments/GRCh38_no_alt/hifi_reads/HG03816.GRCh38_no_alt.sorted.bam,/vast/palmer/pi/hall/wl474/projects/YALE_VARIANT_CALLS_R2/samples/HG03816/alignments/GRCh38_no_alt/hifi_reads/HG03816.GRCh38_no_alt.sorted.bam.bai
HG03831,female,/vast/palmer/pi/hall/wl474/projects/YALE_VARIANT_CALLS_R2/samples/HG03831/alignments/GRCh38_no_alt/hifi_reads/HG03831.GRCh38_no_alt.sorted.bam,/vast/palmer/pi/hall/wl474/projects/YALE_VARIANT_CALLS_R2/samples/HG03831/alignments/GRCh38_no_alt/hifi_reads/HG03831.GRCh38_no_alt.sorted.bam.bai
HG03834,female,/vast/palmer/pi/hall/wl474/projects/YALE_VARIANT_CALLS_R2/samples/HG03834/alignments/GRCh38_no_alt/hifi_reads/HG03834.GRCh38_no_alt.sorted.bam,/vast/palmer/pi/hall/wl474/projects/YALE_VARIANT_CALLS_R2/samples/HG03834/alignments/GRCh38_no_alt/hifi_reads/HG03834.GRCh38_no_alt.sorted.bam.bai
HG03874,female,/vast/palmer/pi/hall/wl474/projects/YALE_VARIANT_CALLS_R2/samples/HG03874/alignments/GRCh38_no_alt/hifi_reads/HG03874.GRCh38_no_alt.sorted.bam,/vast/palmer/pi/hall/wl474/projects/YALE_VARIANT_CALLS_R2/samples/HG03874/alignments/GRCh38_no_alt/hifi_reads/HG03874.GRCh38_no_alt.sorted.bam.bai
HG03927,female,/vast/palmer/pi/hall/wl474/projects/YALE_VARIANT_CALLS_R2/samples/HG03927/alignments/GRCh38_no_alt/hifi_reads/HG03927.GRCh38_no_alt.sorted.bam,/vast/palmer/pi/hall/wl474/projects/YALE_VARIANT_CALLS_R2/samples/HG03927/alignments/GRCh38_no_alt/hifi_reads/HG03927.GRCh38_no_alt.sorted.bam.bai
HG03942,male,/vast/palmer/pi/hall/wl474/projects/YALE_VARIANT_CALLS_R2/samples/HG03942/alignments/GRCh38_no_alt/hifi_reads/HG03942.GRCh38_no_alt.sorted.bam,/vast/palmer/pi/hall/wl474/projects/YALE_VARIANT_CALLS_R2/samples/HG03942/alignments/GRCh38_no_alt/hifi_reads/HG03942.GRCh38_no_alt.sorted.bam.bai
HG04115,male,/vast/palmer/pi/hall/wl474/projects/YALE_VARIANT_CALLS_R2/samples/HG04115/alignments/GRCh38_no_alt/hifi_reads/HG04115.GRCh38_no_alt.sorted.bam,/vast/palmer/pi/hall/wl474/projects/YALE_VARIANT_CALLS_R2/samples/HG04115/alignments/GRCh38_no_alt/hifi_reads/HG04115.GRCh38_no_alt.sorted.bam.bai
HG04157,male,/vast/palmer/pi/hall/wl474/projects/YALE_VARIANT_CALLS_R2/samples/HG04157/alignments/GRCh38_no_alt/hifi_reads/HG04157.GRCh38_no_alt.sorted.bam,/vast/palmer/pi/hall/wl474/projects/YALE_VARIANT_CALLS_R2/samples/HG04157/alignments/GRCh38_no_alt/hifi_reads/HG04157.GRCh38_no_alt.sorted.bam.bai
HG04160,male,/vast/palmer/pi/hall/wl474/projects/YALE_VARIANT_CALLS_R2/samples/HG04160/alignments/GRCh38_no_alt/hifi_reads/HG04160.GRCh38_no_alt.sorted.bam,/vast/palmer/pi/hall/wl474/projects/YALE_VARIANT_CALLS_R2/samples/HG04160/alignments/GRCh38_no_alt/hifi_reads/HG04160.GRCh38_no_alt.sorted.bam.bai
HG04184,female,/vast/palmer/pi/hall/wl474/projects/YALE_VARIANT_CALLS_R2/samples/HG04184/alignments/GRCh38_no_alt/hifi_reads/HG04184.GRCh38_no_alt.sorted.bam,/vast/palmer/pi/hall/wl474/projects/YALE_VARIANT_CALLS_R2/samples/HG04184/alignments/GRCh38_no_alt/hifi_reads/HG04184.GRCh38_no_alt.sorted.bam.bai
HG04187,male,/vast/palmer/pi/hall/wl474/projects/YALE_VARIANT_CALLS_R2/samples/HG04187/alignments/GRCh38_no_alt/hifi_reads/HG04187.GRCh38_no_alt.sorted.bam,/vast/palmer/pi/hall/wl474/projects/YALE_VARIANT_CALLS_R2/samples/HG04187/alignments/GRCh38_no_alt/hifi_reads/HG04187.GRCh38_no_alt.sorted.bam.bai
HG04199,male,/vast/palmer/pi/hall/wl474/projects/YALE_VARIANT_CALLS_R2/samples/HG04199/alignments/GRCh38_no_alt/hifi_reads/HG04199.GRCh38_no_alt.sorted.bam,/vast/palmer/pi/hall/wl474/projects/YALE_VARIANT_CALLS_R2/samples/HG04199/alignments/GRCh38_no_alt/hifi_reads/HG04199.GRCh38_no_alt.sorted.bam.bai
HG04204,male,/vast/palmer/pi/hall/wl474/projects/YALE_VARIANT_CALLS_R2/samples/HG04204/alignments/GRCh38_no_alt/hifi_reads/HG04204.GRCh38_no_alt.sorted.bam,/vast/palmer/pi/hall/wl474/projects/YALE_VARIANT_CALLS_R2/samples/HG04204/alignments/GRCh38_no_alt/hifi_reads/HG04204.GRCh38_no_alt.sorted.bam.bai
HG04228,male,/vast/palmer/pi/hall/wl474/projects/YALE_VARIANT_CALLS_R2/samples/HG04228/alignments/GRCh38_no_alt/hifi_reads/HG04228.GRCh38_no_alt.sorted.bam,/vast/palmer/pi/hall/wl474/projects/YALE_VARIANT_CALLS_R2/samples/HG04228/alignments/GRCh38_no_alt/hifi_reads/HG04228.GRCh38_no_alt.sorted.bam.bai
HG06807,female,/vast/palmer/pi/hall/wl474/projects/YALE_VARIANT_CALLS_R2/samples/HG06807/alignments/GRCh38_no_alt/hifi_reads/HG06807.GRCh38_no_alt.sorted.bam,/vast/palmer/pi/hall/wl474/projects/YALE_VARIANT_CALLS_R2/samples/HG06807/alignments/GRCh38_no_alt/hifi_reads/HG06807.GRCh38_no_alt.sorted.bam.bai
NA18505,female,/vast/palmer/pi/hall/wl474/projects/YALE_VARIANT_CALLS_R2/samples/NA18505/alignments/GRCh38_no_alt/hifi_reads/NA18505.GRCh38_no_alt.sorted.bam,/vast/palmer/pi/hall/wl474/projects/YALE_VARIANT_CALLS_R2/samples/NA18505/alignments/GRCh38_no_alt/hifi_reads/NA18505.GRCh38_no_alt.sorted.bam.bai
NA18508,female,/vast/palmer/pi/hall/wl474/projects/YALE_VARIANT_CALLS_R2/samples/NA18508/alignments/GRCh38_no_alt/hifi_reads/NA18508.GRCh38_no_alt.sorted.bam,/vast/palmer/pi/hall/wl474/projects/YALE_VARIANT_CALLS_R2/samples/NA18508/alignments/GRCh38_no_alt/hifi_reads/NA18508.GRCh38_no_alt.sorted.bam.bai
NA18522,male,/vast/palmer/pi/hall/wl474/projects/YALE_VARIANT_CALLS_R2/samples/NA18522/alignments/GRCh38_no_alt/hifi_reads/NA18522.GRCh38_no_alt.sorted.bam,/vast/palmer/pi/hall/wl474/projects/YALE_VARIANT_CALLS_R2/samples/NA18522/alignments/GRCh38_no_alt/hifi_reads/NA18522.GRCh38_no_alt.sorted.bam.bai
NA18565,female,/vast/palmer/pi/hall/wl474/projects/YALE_VARIANT_CALLS_R2/samples/NA18565/alignments/GRCh38_no_alt/hifi_reads/NA18565.GRCh38_no_alt.sorted.bam,/vast/palmer/pi/hall/wl474/projects/YALE_VARIANT_CALLS_R2/samples/NA18565/alignments/GRCh38_no_alt/hifi_reads/NA18565.GRCh38_no_alt.sorted.bam.bai
NA18570,female,/vast/palmer/pi/hall/wl474/projects/YALE_VARIANT_CALLS_R2/samples/NA18570/alignments/GRCh38_no_alt/hifi_reads/NA18570.GRCh38_no_alt.sorted.bam,/vast/palmer/pi/hall/wl474/projects/YALE_VARIANT_CALLS_R2/samples/NA18570/alignments/GRCh38_no_alt/hifi_reads/NA18570.GRCh38_no_alt.sorted.bam.bai
NA18608,male,/vast/palmer/pi/hall/wl474/projects/YALE_VARIANT_CALLS_R2/samples/NA18608/alignments/GRCh38_no_alt/hifi_reads/NA18608.GRCh38_no_alt.sorted.bam,/vast/palmer/pi/hall/wl474/projects/YALE_VARIANT_CALLS_R2/samples/NA18608/alignments/GRCh38_no_alt/hifi_reads/NA18608.GRCh38_no_alt.sorted.bam.bai
NA18620,male,/vast/palmer/pi/hall/wl474/projects/YALE_VARIANT_CALLS_R2/samples/NA18620/alignments/GRCh38_no_alt/hifi_reads/NA18620.GRCh38_no_alt.sorted.bam,/vast/palmer/pi/hall/wl474/projects/YALE_VARIANT_CALLS_R2/samples/NA18620/alignments/GRCh38_no_alt/hifi_reads/NA18620.GRCh38_no_alt.sorted.bam.bai
NA18747,male,/vast/palmer/pi/hall/wl474/projects/YALE_VARIANT_CALLS_R2/samples/NA18747/alignments/GRCh38_no_alt/hifi_reads/NA18747.GRCh38_no_alt.sorted.bam,/vast/palmer/pi/hall/wl474/projects/YALE_VARIANT_CALLS_R2/samples/NA18747/alignments/GRCh38_no_alt/hifi_reads/NA18747.GRCh38_no_alt.sorted.bam.bai
NA18879,male,/vast/palmer/pi/hall/wl474/projects/YALE_VARIANT_CALLS_R2/samples/NA18879/alignments/GRCh38_no_alt/hifi_reads/NA18879.GRCh38_no_alt.sorted.bam,/vast/palmer/pi/hall/wl474/projects/YALE_VARIANT_CALLS_R2/samples/NA18879/alignments/GRCh38_no_alt/hifi_reads/NA18879.GRCh38_no_alt.sorted.bam.bai
NA18906,female,/vast/palmer/pi/hall/wl474/projects/YALE_VARIANT_CALLS_R2/samples/NA18906/alignments/GRCh38_no_alt/hifi_reads/NA18906.GRCh38_no_alt.sorted.bam,/vast/palmer/pi/hall/wl474/projects/YALE_VARIANT_CALLS_R2/samples/NA18906/alignments/GRCh38_no_alt/hifi_reads/NA18906.GRCh38_no_alt.sorted.bam.bai
NA18940,male,/vast/palmer/pi/hall/wl474/projects/YALE_VARIANT_CALLS_R2/samples/NA18940/alignments/GRCh38_no_alt/hifi_reads/NA18940.GRCh38_no_alt.sorted.bam,/vast/palmer/pi/hall/wl474/projects/YALE_VARIANT_CALLS_R2/samples/NA18940/alignments/GRCh38_no_alt/hifi_reads/NA18940.GRCh38_no_alt.sorted.bam.bai
NA18943,male,/vast/palmer/pi/hall/wl474/projects/YALE_VARIANT_CALLS_R2/samples/NA18943/alignments/GRCh38_no_alt/hifi_reads/NA18943.GRCh38_no_alt.sorted.bam,/vast/palmer/pi/hall/wl474/projects/YALE_VARIANT_CALLS_R2/samples/NA18943/alignments/GRCh38_no_alt/hifi_reads/NA18943.GRCh38_no_alt.sorted.bam.bai
NA18944,male,/vast/palmer/pi/hall/wl474/projects/YALE_VARIANT_CALLS_R2/samples/NA18944/alignments/GRCh38_no_alt/hifi_reads/NA18944.GRCh38_no_alt.sorted.bam,/vast/palmer/pi/hall/wl474/projects/YALE_VARIANT_CALLS_R2/samples/NA18944/alignments/GRCh38_no_alt/hifi_reads/NA18944.GRCh38_no_alt.sorted.bam.bai
NA18945,male,/vast/palmer/pi/hall/wl474/projects/YALE_VARIANT_CALLS_R2/samples/NA18945/alignments/GRCh38_no_alt/hifi_reads/NA18945.GRCh38_no_alt.sorted.bam,/vast/palmer/pi/hall/wl474/projects/YALE_VARIANT_CALLS_R2/samples/NA18945/alignments/GRCh38_no_alt/hifi_reads/NA18945.GRCh38_no_alt.sorted.bam.bai
NA18948,male,/vast/palmer/pi/hall/wl474/projects/YALE_VARIANT_CALLS_R2/samples/NA18948/alignments/GRCh38_no_alt/hifi_reads/NA18948.GRCh38_no_alt.sorted.bam,/vast/palmer/pi/hall/wl474/projects/YALE_VARIANT_CALLS_R2/samples/NA18948/alignments/GRCh38_no_alt/hifi_reads/NA18948.GRCh38_no_alt.sorted.bam.bai
NA18952,male,/vast/palmer/pi/hall/wl474/projects/YALE_VARIANT_CALLS_R2/samples/NA18952/alignments/GRCh38_no_alt/hifi_reads/NA18952.GRCh38_no_alt.sorted.bam,/vast/palmer/pi/hall/wl474/projects/YALE_VARIANT_CALLS_R2/samples/NA18952/alignments/GRCh38_no_alt/hifi_reads/NA18952.GRCh38_no_alt.sorted.bam.bai
NA18959,male,/vast/palmer/pi/hall/wl474/projects/YALE_VARIANT_CALLS_R2/samples/NA18959/alignments/GRCh38_no_alt/hifi_reads/NA18959.GRCh38_no_alt.sorted.bam,/vast/palmer/pi/hall/wl474/projects/YALE_VARIANT_CALLS_R2/samples/NA18959/alignments/GRCh38_no_alt/hifi_reads/NA18959.GRCh38_no_alt.sorted.bam.bai
NA18960,male,/vast/palmer/pi/hall/wl474/projects/YALE_VARIANT_CALLS_R2/samples/NA18960/alignments/GRCh38_no_alt/hifi_reads/NA18960.GRCh38_no_alt.sorted.bam,/vast/palmer/pi/hall/wl474/projects/YALE_VARIANT_CALLS_R2/samples/NA18960/alignments/GRCh38_no_alt/hifi_reads/NA18960.GRCh38_no_alt.sorted.bam.bai
NA18967,male,/vast/palmer/pi/hall/wl474/projects/YALE_VARIANT_CALLS_R2/samples/NA18967/alignments/GRCh38_no_alt/hifi_reads/NA18967.GRCh38_no_alt.sorted.bam,/vast/palmer/pi/hall/wl474/projects/YALE_VARIANT_CALLS_R2/samples/NA18967/alignments/GRCh38_no_alt/hifi_reads/NA18967.GRCh38_no_alt.sorted.bam.bai
NA18970,male,/vast/palmer/pi/hall/wl474/projects/YALE_VARIANT_CALLS_R2/samples/NA18970/alignments/GRCh38_no_alt/hifi_reads/NA18970.GRCh38_no_alt.sorted.bam,/vast/palmer/pi/hall/wl474/projects/YALE_VARIANT_CALLS_R2/samples/NA18970/alignments/GRCh38_no_alt/hifi_reads/NA18970.GRCh38_no_alt.sorted.bam.bai
NA18971,male,/vast/palmer/pi/hall/wl474/projects/YALE_VARIANT_CALLS_R2/samples/NA18971/alignments/GRCh38_no_alt/hifi_reads/NA18971.GRCh38_no_alt.sorted.bam,/vast/palmer/pi/hall/wl474/projects/YALE_VARIANT_CALLS_R2/samples/NA18971/alignments/GRCh38_no_alt/hifi_reads/NA18971.GRCh38_no_alt.sorted.bam.bai
NA18974,male,/vast/palmer/pi/hall/wl474/projects/YALE_VARIANT_CALLS_R2/samples/NA18974/alignments/GRCh38_no_alt/hifi_reads/NA18974.GRCh38_no_alt.sorted.bam,/vast/palmer/pi/hall/wl474/projects/YALE_VARIANT_CALLS_R2/samples/NA18974/alignments/GRCh38_no_alt/hifi_reads/NA18974.GRCh38_no_alt.sorted.bam.bai
NA18976,female,/vast/palmer/pi/hall/wl474/projects/YALE_VARIANT_CALLS_R2/samples/NA18976/alignments/GRCh38_no_alt/hifi_reads/NA18976.GRCh38_no_alt.sorted.bam,/vast/palmer/pi/hall/wl474/projects/YALE_VARIANT_CALLS_R2/samples/NA18976/alignments/GRCh38_no_alt/hifi_reads/NA18976.GRCh38_no_alt.sorted.bam.bai
NA18982,male,/vast/palmer/pi/hall/wl474/projects/YALE_VARIANT_CALLS_R2/samples/NA18982/alignments/GRCh38_no_alt/hifi_reads/NA18982.GRCh38_no_alt.sorted.bam,/vast/palmer/pi/hall/wl474/projects/YALE_VARIANT_CALLS_R2/samples/NA18982/alignments/GRCh38_no_alt/hifi_reads/NA18982.GRCh38_no_alt.sorted.bam.bai
NA18983,male,/vast/palmer/pi/hall/wl474/projects/YALE_VARIANT_CALLS_R2/samples/NA18983/alignments/GRCh38_no_alt/hifi_reads/NA18983.GRCh38_no_alt.sorted.bam,/vast/palmer/pi/hall/wl474/projects/YALE_VARIANT_CALLS_R2/samples/NA18983/alignments/GRCh38_no_alt/hifi_reads/NA18983.GRCh38_no_alt.sorted.bam.bai
NA19036,female,/vast/palmer/pi/hall/wl474/projects/YALE_VARIANT_CALLS_R2/samples/NA19036/alignments/GRCh38_no_alt/hifi_reads/NA19036.GRCh38_no_alt.sorted.bam,/vast/palmer/pi/hall/wl474/projects/YALE_VARIANT_CALLS_R2/samples/NA19036/alignments/GRCh38_no_alt/hifi_reads/NA19036.GRCh38_no_alt.sorted.bam.bai
NA19043,male,/vast/palmer/pi/hall/wl474/projects/YALE_VARIANT_CALLS_R2/samples/NA19043/alignments/GRCh38_no_alt/hifi_reads/NA19043.GRCh38_no_alt.sorted.bam,/vast/palmer/pi/hall/wl474/projects/YALE_VARIANT_CALLS_R2/samples/NA19043/alignments/GRCh38_no_alt/hifi_reads/NA19043.GRCh38_no_alt.sorted.bam.bai
NA19087,female,/vast/palmer/pi/hall/wl474/projects/YALE_VARIANT_CALLS_R2/samples/NA19087/alignments/GRCh38_no_alt/hifi_reads/NA19087.GRCh38_no_alt.sorted.bam,/vast/palmer/pi/hall/wl474/projects/YALE_VARIANT_CALLS_R2/samples/NA19087/alignments/GRCh38_no_alt/hifi_reads/NA19087.GRCh38_no_alt.sorted.bam.bai
NA19159,female,/vast/palmer/pi/hall/wl474/projects/YALE_VARIANT_CALLS_R2/samples/NA19159/alignments/GRCh38_no_alt/hifi_reads/NA19159.GRCh38_no_alt.sorted.bam,/vast/palmer/pi/hall/wl474/projects/YALE_VARIANT_CALLS_R2/samples/NA19159/alignments/GRCh38_no_alt/hifi_reads/NA19159.GRCh38_no_alt.sorted.bam.bai
NA19185,female,/vast/palmer/pi/hall/wl474/projects/YALE_VARIANT_CALLS_R2/samples/NA19185/alignments/GRCh38_no_alt/hifi_reads/NA19185.GRCh38_no_alt.sorted.bam,/vast/palmer/pi/hall/wl474/projects/YALE_VARIANT_CALLS_R2/samples/NA19185/alignments/GRCh38_no_alt/hifi_reads/NA19185.GRCh38_no_alt.sorted.bam.bai
NA19240,female,/vast/palmer/pi/hall/wl474/projects/YALE_VARIANT_CALLS_R2/samples/NA19240/alignments/GRCh38_no_alt/hifi_reads/NA19240.GRCh38_no_alt.sorted.bam,/vast/palmer/pi/hall/wl474/projects/YALE_VARIANT_CALLS_R2/samples/NA19240/alignments/GRCh38_no_alt/hifi_reads/NA19240.GRCh38_no_alt.sorted.bam.bai
NA19338,female,/vast/palmer/pi/hall/wl474/projects/YALE_VARIANT_CALLS_R2/samples/NA19338/alignments/GRCh38_no_alt/hifi_reads/NA19338.GRCh38_no_alt.sorted.bam,/vast/palmer/pi/hall/wl474/projects/YALE_VARIANT_CALLS_R2/samples/NA19338/alignments/GRCh38_no_alt/hifi_reads/NA19338.GRCh38_no_alt.sorted.bam.bai
NA19391,female,/vast/palmer/pi/hall/wl474/projects/YALE_VARIANT_CALLS_R2/samples/NA19391/alignments/GRCh38_no_alt/hifi_reads/NA19391.GRCh38_no_alt.sorted.bam,/vast/palmer/pi/hall/wl474/projects/YALE_VARIANT_CALLS_R2/samples/NA19391/alignments/GRCh38_no_alt/hifi_reads/NA19391.GRCh38_no_alt.sorted.bam.bai
NA19443,male,/vast/palmer/pi/hall/wl474/projects/YALE_VARIANT_CALLS_R2/samples/NA19443/alignments/GRCh38_no_alt/hifi_reads/NA19443.GRCh38_no_alt.sorted.bam,/vast/palmer/pi/hall/wl474/projects/YALE_VARIANT_CALLS_R2/samples/NA19443/alignments/GRCh38_no_alt/hifi_reads/NA19443.GRCh38_no_alt.sorted.bam.bai
NA19468,female,/vast/palmer/pi/hall/wl474/projects/YALE_VARIANT_CALLS_R2/samples/NA19468/alignments/GRCh38_no_alt/hifi_reads/NA19468.GRCh38_no_alt.sorted.bam,/vast/palmer/pi/hall/wl474/projects/YALE_VARIANT_CALLS_R2/samples/NA19468/alignments/GRCh38_no_alt/hifi_reads/NA19468.GRCh38_no_alt.sorted.bam.bai
NA19682,male,/vast/palmer/pi/hall/wl474/projects/YALE_VARIANT_CALLS_R2/samples/NA19682/alignments/GRCh38_no_alt/hifi_reads/NA19682.GRCh38_no_alt.sorted.bam,/vast/palmer/pi/hall/wl474/projects/YALE_VARIANT_CALLS_R2/samples/NA19682/alignments/GRCh38_no_alt/hifi_reads/NA19682.GRCh38_no_alt.sorted.bam.bai
NA19700,male,/vast/palmer/pi/hall/wl474/projects/YALE_VARIANT_CALLS_R2/samples/NA19700/alignments/GRCh38_no_alt/hifi_reads/NA19700.GRCh38_no_alt.sorted.bam,/vast/palmer/pi/hall/wl474/projects/YALE_VARIANT_CALLS_R2/samples/NA19700/alignments/GRCh38_no_alt/hifi_reads/NA19700.GRCh38_no_alt.sorted.bam.bai
NA19776,female,/vast/palmer/pi/hall/wl474/projects/YALE_VARIANT_CALLS_R2/samples/NA19776/alignments/GRCh38_no_alt/hifi_reads/NA19776.GRCh38_no_alt.sorted.bam,/vast/palmer/pi/hall/wl474/projects/YALE_VARIANT_CALLS_R2/samples/NA19776/alignments/GRCh38_no_alt/hifi_reads/NA19776.GRCh38_no_alt.sorted.bam.bai
NA19835,female,/vast/palmer/pi/hall/wl474/projects/YALE_VARIANT_CALLS_R2/samples/NA19835/alignments/GRCh38_no_alt/hifi_reads/NA19835.GRCh38_no_alt.sorted.bam,/vast/palmer/pi/hall/wl474/projects/YALE_VARIANT_CALLS_R2/samples/NA19835/alignments/GRCh38_no_alt/hifi_reads/NA19835.GRCh38_no_alt.sorted.bam.bai
NA19909,female,/vast/palmer/pi/hall/wl474/projects/YALE_VARIANT_CALLS_R2/samples/NA19909/alignments/GRCh38_no_alt/hifi_reads/NA19909.GRCh38_no_alt.sorted.bam,/vast/palmer/pi/hall/wl474/projects/YALE_VARIANT_CALLS_R2/samples/NA19909/alignments/GRCh38_no_alt/hifi_reads/NA19909.GRCh38_no_alt.sorted.bam.bai
NA20129,female,/vast/palmer/pi/hall/wl474/projects/YALE_VARIANT_CALLS_R2/samples/NA20129/alignments/GRCh38_no_alt/hifi_reads/NA20129.GRCh38_no_alt.sorted.bam,/vast/palmer/pi/hall/wl474/projects/YALE_VARIANT_CALLS_R2/samples/NA20129/alignments/GRCh38_no_alt/hifi_reads/NA20129.GRCh38_no_alt.sorted.bam.bai
NA20282,female,/vast/palmer/pi/hall/wl474/projects/YALE_VARIANT_CALLS_R2/samples/NA20282/alignments/GRCh38_no_alt/hifi_reads/NA20282.GRCh38_no_alt.sorted.bam,/vast/palmer/pi/hall/wl474/projects/YALE_VARIANT_CALLS_R2/samples/NA20282/alignments/GRCh38_no_alt/hifi_reads/NA20282.GRCh38_no_alt.sorted.bam.bai
NA20346,male,/vast/palmer/pi/hall/wl474/projects/YALE_VARIANT_CALLS_R2/samples/NA20346/alignments/GRCh38_no_alt/hifi_reads/NA20346.GRCh38_no_alt.sorted.bam,/vast/palmer/pi/hall/wl474/projects/YALE_VARIANT_CALLS_R2/samples/NA20346/alignments/GRCh38_no_alt/hifi_reads/NA20346.GRCh38_no_alt.sorted.bam.bai
NA20503,female,/vast/palmer/pi/hall/wl474/projects/YALE_VARIANT_CALLS_R2/samples/NA20503/alignments/GRCh38_no_alt/hifi_reads/NA20503.GRCh38_no_alt.sorted.bam,/vast/palmer/pi/hall/wl474/projects/YALE_VARIANT_CALLS_R2/samples/NA20503/alignments/GRCh38_no_alt/hifi_reads/NA20503.GRCh38_no_alt.sorted.bam.bai
NA20752,male,/vast/palmer/pi/hall/wl474/projects/YALE_VARIANT_CALLS_R2/samples/NA20752/alignments/GRCh38_no_alt/hifi_reads/NA20752.GRCh38_no_alt.sorted.bam,/vast/palmer/pi/hall/wl474/projects/YALE_VARIANT_CALLS_R2/samples/NA20752/alignments/GRCh38_no_alt/hifi_reads/NA20752.GRCh38_no_alt.sorted.bam.bai
NA20762,male,/vast/palmer/pi/hall/wl474/projects/YALE_VARIANT_CALLS_R2/samples/NA20762/alignments/GRCh38_no_alt/hifi_reads/NA20762.GRCh38_no_alt.sorted.bam,/vast/palmer/pi/hall/wl474/projects/YALE_VARIANT_CALLS_R2/samples/NA20762/alignments/GRCh38_no_alt/hifi_reads/NA20762.GRCh38_no_alt.sorted.bam.bai
NA20799,female,/vast/palmer/pi/hall/wl474/projects/YALE_VARIANT_CALLS_R2/samples/NA20799/alignments/GRCh38_no_alt/hifi_reads/NA20799.GRCh38_no_alt.sorted.bam,/vast/palmer/pi/hall/wl474/projects/YALE_VARIANT_CALLS_R2/samples/NA20799/alignments/GRCh38_no_alt/hifi_reads/NA20799.GRCh38_no_alt.sorted.bam.bai
NA20805,male,/vast/palmer/pi/hall/wl474/projects/YALE_VARIANT_CALLS_R2/samples/NA20805/alignments/GRCh38_no_alt/hifi_reads/NA20805.GRCh38_no_alt.sorted.bam,/vast/palmer/pi/hall/wl474/projects/YALE_VARIANT_CALLS_R2/samples/NA20805/alignments/GRCh38_no_alt/hifi_reads/NA20805.GRCh38_no_alt.sorted.bam.bai
NA20806,male,/vast/palmer/pi/hall/wl474/projects/YALE_VARIANT_CALLS_R2/samples/NA20806/alignments/GRCh38_no_alt/hifi_reads/NA20806.GRCh38_no_alt.sorted.bam,/vast/palmer/pi/hall/wl474/projects/YALE_VARIANT_CALLS_R2/samples/NA20806/alignments/GRCh38_no_alt/hifi_reads/NA20806.GRCh38_no_alt.sorted.bam.bai
NA20809,male,/vast/palmer/pi/hall/wl474/projects/YALE_VARIANT_CALLS_R2/samples/NA20809/alignments/GRCh38_no_alt/hifi_reads/NA20809.GRCh38_no_alt.sorted.bam,/vast/palmer/pi/hall/wl474/projects/YALE_VARIANT_CALLS_R2/samples/NA20809/alignments/GRCh38_no_alt/hifi_reads/NA20809.GRCh38_no_alt.sorted.bam.bai
NA20827,male,/vast/palmer/pi/hall/wl474/projects/YALE_VARIANT_CALLS_R2/samples/NA20827/alignments/GRCh38_no_alt/hifi_reads/NA20827.GRCh38_no_alt.sorted.bam,/vast/palmer/pi/hall/wl474/projects/YALE_VARIANT_CALLS_R2/samples/NA20827/alignments/GRCh38_no_alt/hifi_reads/NA20827.GRCh38_no_alt.sorted.bam.bai
NA20850,male,/vast/palmer/pi/hall/wl474/projects/YALE_VARIANT_CALLS_R2/samples/NA20850/alignments/GRCh38_no_alt/hifi_reads/NA20850.GRCh38_no_alt.sorted.bam,/vast/palmer/pi/hall/wl474/projects/YALE_VARIANT_CALLS_R2/samples/NA20850/alignments/GRCh38_no_alt/hifi_reads/NA20850.GRCh38_no_alt.sorted.bam.bai
NA20870,male,/vast/palmer/pi/hall/wl474/projects/YALE_VARIANT_CALLS_R2/samples/NA20870/alignments/GRCh38_no_alt/hifi_reads/NA20870.GRCh38_no_alt.sorted.bam,/vast/palmer/pi/hall/wl474/projects/YALE_VARIANT_CALLS_R2/samples/NA20870/alignments/GRCh38_no_alt/hifi_reads/NA20870.GRCh38_no_alt.sorted.bam.bai
NA20905,male,/vast/palmer/pi/hall/wl474/projects/YALE_VARIANT_CALLS_R2/samples/NA20905/alignments/GRCh38_no_alt/hifi_reads/NA20905.GRCh38_no_alt.sorted.bam,/vast/palmer/pi/hall/wl474/projects/YALE_VARIANT_CALLS_R2/samples/NA20905/alignments/GRCh38_no_alt/hifi_reads/NA20905.GRCh38_no_alt.sorted.bam.bai
NA21093,male,/vast/palmer/pi/hall/wl474/projects/YALE_VARIANT_CALLS_R2/samples/NA21093/alignments/GRCh38_no_alt/hifi_reads/NA21093.GRCh38_no_alt.sorted.bam,/vast/palmer/pi/hall/wl474/projects/YALE_VARIANT_CALLS_R2/samples/NA21093/alignments/GRCh38_no_alt/hifi_reads/NA21093.GRCh38_no_alt.sorted.bam.bai
NA21102,female,/vast/palmer/pi/hall/wl474/projects/YALE_VARIANT_CALLS_R2/samples/NA21102/alignments/GRCh38_no_alt/hifi_reads/NA21102.GRCh38_no_alt.sorted.bam,/vast/palmer/pi/hall/wl474/projects/YALE_VARIANT_CALLS_R2/samples/NA21102/alignments/GRCh38_no_alt/hifi_reads/NA21102.GRCh38_no_alt.sorted.bam.bai
NA21106,female,/vast/palmer/pi/hall/wl474/projects/YALE_VARIANT_CALLS_R2/samples/NA21106/alignments/GRCh38_no_alt/hifi_reads/NA21106.GRCh38_no_alt.sorted.bam,/vast/palmer/pi/hall/wl474/projects/YALE_VARIANT_CALLS_R2/samples/NA21106/alignments/GRCh38_no_alt/hifi_reads/NA21106.GRCh38_no_alt.sorted.bam.bai
NA21110,female,/vast/palmer/pi/hall/wl474/projects/YALE_VARIANT_CALLS_R2/samples/NA21110/alignments/GRCh38_no_alt/hifi_reads/NA21110.GRCh38_no_alt.sorted.bam,/vast/palmer/pi/hall/wl474/projects/YALE_VARIANT_CALLS_R2/samples/NA21110/alignments/GRCh38_no_alt/hifi_reads/NA21110.GRCh38_no_alt.sorted.bam.bai
NA21144,female,/vast/palmer/pi/hall/wl474/projects/YALE_VARIANT_CALLS_R2/samples/NA21144/alignments/GRCh38_no_alt/hifi_reads/NA21144.GRCh38_no_alt.sorted.bam,/vast/palmer/pi/hall/wl474/projects/YALE_VARIANT_CALLS_R2/samples/NA21144/alignments/GRCh38_no_alt/hifi_reads/NA21144.GRCh38_no_alt.sorted.bam.bai
NA21309,female,/vast/palmer/pi/hall/wl474/projects/YALE_VARIANT_CALLS_R2/samples/NA21309/alignments/GRCh38_no_alt/hifi_reads/NA21309.GRCh38_no_alt.sorted.bam,/vast/palmer/pi/hall/wl474/projects/YALE_VARIANT_CALLS_R2/samples/NA21309/alignments/GRCh38_no_alt/hifi_reads/NA21309.GRCh38_no_alt.sorted.bam.bai
