sample,hap1,hap2
HG00097,/vast/palmer/pi/hall/wl474/projects/hprc_r2/variant_calling/assembly/data/HG00097_hap1_hprc_r2_v1.fa.gz,/vast/palmer/pi/hall/wl474/projects/hprc_r2/variant_calling/assembly/data/HG00097_hap2_hprc_r2_v1.fa.gz
HG00099,/vast/palmer/pi/hall/wl474/projects/hprc_r2/variant_calling/assembly/data/HG00099_hap1_hprc_r2_v1.fa.gz,/vast/palmer/pi/hall/wl474/projects/hprc_r2/variant_calling/assembly/data/HG00099_hap2_hprc_r2_v1.fa.gz
HG00126,/vast/palmer/pi/hall/wl474/projects/hprc_r2/variant_calling/assembly/data/HG00126_hap1_hprc_r2_v1.fa.gz,/vast/palmer/pi/hall/wl474/projects/hprc_r2/variant_calling/assembly/data/HG00126_hap2_hprc_r2_v1.fa.gz
HG00128,/vast/palmer/pi/hall/wl474/projects/hprc_r2/variant_calling/assembly/data/HG00128_hap1_hprc_r2_v1.fa.gz,/vast/palmer/pi/hall/wl474/projects/hprc_r2/variant_calling/assembly/data/HG00128_hap2_hprc_r2_v1.fa.gz
HG00133,/vast/palmer/pi/hall/wl474/projects/hprc_r2/variant_calling/assembly/data/HG00133_hap1_hprc_r2_v1.fa.gz,/vast/palmer/pi/hall/wl474/projects/hprc_r2/variant_calling/assembly/data/HG00133_hap2_hprc_r2_v1.fa.gz
HG00140,/vast/palmer/pi/hall/wl474/projects/hprc_r2/variant_calling/assembly/data/HG00140_hap1_hprc_r2_v1.fa.gz,/vast/palmer/pi/hall/wl474/projects/hprc_r2/variant_calling/assembly/data/HG00140_hap2_hprc_r2_v1.fa.gz
HG00146,/vast/palmer/pi/hall/wl474/projects/hprc_r2/variant_calling/assembly/data/HG00146_hap1_hprc_r2_v1.fa.gz,/vast/palmer/pi/hall/wl474/projects/hprc_r2/variant_calling/assembly/data/HG00146_hap2_hprc_r2_v1.fa.gz
HG00232,/vast/palmer/pi/hall/wl474/projects/hprc_r2/variant_calling/assembly/data/HG00232_hap1_hprc_r2_v1.fa.gz,/vast/palmer/pi/hall/wl474/projects/hprc_r2/variant_calling/assembly/data/HG00232_hap2_hprc_r2_v1.fa.gz
HG00235,/vast/palmer/pi/hall/wl474/projects/hprc_r2/variant_calling/assembly/data/HG00235_hap1_hprc_r2_v1.fa.gz,/vast/palmer/pi/hall/wl474/projects/hprc_r2/variant_calling/assembly/data/HG00235_hap2_hprc_r2_v1.fa.gz
HG00253,/vast/palmer/pi/hall/wl474/projects/hprc_r2/variant_calling/assembly/data/HG00253_hap1_hprc_r2_v1.fa.gz,/vast/palmer/pi/hall/wl474/projects/hprc_r2/variant_calling/assembly/data/HG00253_hap2_hprc_r2_v1.fa.gz
HG00272,/vast/palmer/pi/hall/wl474/projects/hprc_r2/variant_calling/assembly/data/HG00272_hap1_hprc_r2_v1.fa.gz,/vast/palmer/pi/hall/wl474/projects/hprc_r2/variant_calling/assembly/data/HG00272_hap2_hprc_r2_v1.fa.gz
HG00280,/vast/palmer/pi/hall/wl474/projects/hprc_r2/variant_calling/assembly/data/HG00280_hap1_hprc_r2_v1.fa.gz,/vast/palmer/pi/hall/wl474/projects/hprc_r2/variant_calling/assembly/data/HG00280_hap2_hprc_r2_v1.fa.gz
HG00290,/vast/palmer/pi/hall/wl474/projects/hprc_r2/variant_calling/assembly/data/HG00290_hap1_hprc_r2_v1.fa.gz,/vast/palmer/pi/hall/wl474/projects/hprc_r2/variant_calling/assembly/data/HG00290_hap2_hprc_r2_v1.fa.gz
HG00320,/vast/palmer/pi/hall/wl474/projects/hprc_r2/variant_calling/assembly/data/HG00320_hap1_hprc_r2_v1.fa.gz,/vast/palmer/pi/hall/wl474/projects/hprc_r2/variant_calling/assembly/data/HG00320_hap2_hprc_r2_v1.fa.gz
HG00321,/vast/palmer/pi/hall/wl474/projects/hprc_r2/variant_calling/assembly/data/HG00321_hap1_hprc_r2_v1.fa.gz,/vast/palmer/pi/hall/wl474/projects/hprc_r2/variant_calling/assembly/data/HG00321_hap2_hprc_r2_v1.fa.gz
HG00323,/vast/palmer/pi/hall/wl474/projects/hprc_r2/variant_calling/assembly/data/HG00323_hap1_hprc_r2_v1.fa.gz,/vast/palmer/pi/hall/wl474/projects/hprc_r2/variant_calling/assembly/data/HG00323_hap2_hprc_r2_v1.fa.gz
HG00329,/vast/palmer/pi/hall/wl474/projects/hprc_r2/variant_calling/assembly/data/HG00329_hap1_hprc_r2_v1.fa.gz,/vast/palmer/pi/hall/wl474/projects/hprc_r2/variant_calling/assembly/data/HG00329_hap2_hprc_r2_v1.fa.gz
HG00344,/vast/palmer/pi/hall/wl474/projects/hprc_r2/variant_calling/assembly/data/HG00344_hap1_hprc_r2_v1.fa.gz,/vast/palmer/pi/hall/wl474/projects/hprc_r2/variant_calling/assembly/data/HG00344_hap2_hprc_r2_v1.fa.gz
HG00350,/vast/palmer/pi/hall/wl474/projects/hprc_r2/variant_calling/assembly/data/HG00350_hap1_hprc_r2_v1.fa.gz,/vast/palmer/pi/hall/wl474/projects/hprc_r2/variant_calling/assembly/data/HG00350_hap2_hprc_r2_v1.fa.gz
HG00408,/vast/palmer/pi/hall/wl474/projects/hprc_r2/variant_calling/assembly/data/HG00408_pat_hprc_r2_v1.fa.gz,/vast/palmer/pi/hall/wl474/projects/hprc_r2/variant_calling/assembly/data/HG00408_mat_hprc_r2_v1.fa.gz
HG00423,/vast/palmer/pi/hall/wl474/projects/hprc_r2/variant_calling/assembly/data/HG00423_pat_hprc_r2_v1.fa.gz,/vast/palmer/pi/hall/wl474/projects/hprc_r2/variant_calling/assembly/data/HG00423_mat_hprc_r2_v1.fa.gz
HG00438,/vast/palmer/pi/hall/wl474/projects/hprc_r2/variant_calling/assembly/data/HG00438_pat_hprc_r2_v1.fa.gz,/vast/palmer/pi/hall/wl474/projects/hprc_r2/variant_calling/assembly/data/HG00438_mat_hprc_r2_v1.fa.gz
HG00544,/vast/palmer/pi/hall/wl474/projects/hprc_r2/variant_calling/assembly/data/HG00544_pat_hprc_r2_v1.fa.gz,/vast/palmer/pi/hall/wl474/projects/hprc_r2/variant_calling/assembly/data/HG00544_mat_hprc_r2_v1.fa.gz
HG00558,/vast/palmer/pi/hall/wl474/projects/hprc_r2/variant_calling/assembly/data/HG00558_pat_hprc_r2_v1.fa.gz,/vast/palmer/pi/hall/wl474/projects/hprc_r2/variant_calling/assembly/data/HG00558_mat_hprc_r2_v1.fa.gz
HG00597,/vast/palmer/pi/hall/wl474/projects/hprc_r2/variant_calling/assembly/data/HG00597_pat_hprc_r2_v1.fa.gz,/vast/palmer/pi/hall/wl474/projects/hprc_r2/variant_calling/assembly/data/HG00597_mat_hprc_r2_v1.fa.gz
HG00609,/vast/palmer/pi/hall/wl474/projects/hprc_r2/variant_calling/assembly/data/HG00609_pat_hprc_r2_v1.fa.gz,/vast/palmer/pi/hall/wl474/projects/hprc_r2/variant_calling/assembly/data/HG00609_mat_hprc_r2_v1.fa.gz
HG00621,/vast/palmer/pi/hall/wl474/projects/hprc_r2/variant_calling/assembly/data/HG00621_pat_hprc_r2_v1.fa.gz,/vast/palmer/pi/hall/wl474/projects/hprc_r2/variant_calling/assembly/data/HG00621_mat_hprc_r2_v1.fa.gz
HG00639,/vast/palmer/pi/hall/wl474/projects/hprc_r2/variant_calling/assembly/data/HG00639_pat_hprc_r2_v1.fa.gz,/vast/palmer/pi/hall/wl474/projects/hprc_r2/variant_calling/assembly/data/HG00639_mat_hprc_r2_v1.fa.gz
HG00642,/vast/palmer/pi/hall/wl474/projects/hprc_r2/variant_calling/assembly/data/HG00642_pat_hprc_r2_v1.fa.gz,/vast/palmer/pi/hall/wl474/projects/hprc_r2/variant_calling/assembly/data/HG00642_mat_hprc_r2_v1.fa.gz
HG00658,/vast/palmer/pi/hall/wl474/projects/hprc_r2/variant_calling/assembly/data/HG00658_pat_hprc_r2_v1.fa.gz,/vast/palmer/pi/hall/wl474/projects/hprc_r2/variant_calling/assembly/data/HG00658_mat_hprc_r2_v1.fa.gz
HG00673,/vast/palmer/pi/hall/wl474/projects/hprc_r2/variant_calling/assembly/data/HG00673_pat_hprc_r2_v1.fa.gz,/vast/palmer/pi/hall/wl474/projects/hprc_r2/variant_calling/assembly/data/HG00673_mat_hprc_r2_v1.fa.gz
HG00735,/vast/palmer/pi/hall/wl474/projects/hprc_r2/variant_calling/assembly/data/HG00735_pat_hprc_r2_v1.fa.gz,/vast/palmer/pi/hall/wl474/projects/hprc_r2/variant_calling/assembly/data/HG00735_mat_hprc_r2_v1.fa.gz
HG00738,/vast/palmer/pi/hall/wl474/projects/hprc_r2/variant_calling/assembly/data/HG00738_pat_hprc_r2_v1.fa.gz,/vast/palmer/pi/hall/wl474/projects/hprc_r2/variant_calling/assembly/data/HG00738_mat_hprc_r2_v1.fa.gz
HG00741,/vast/palmer/pi/hall/wl474/projects/hprc_r2/variant_calling/assembly/data/HG00741_pat_hprc_r2_v1.fa.gz,/vast/palmer/pi/hall/wl474/projects/hprc_r2/variant_calling/assembly/data/HG00741_mat_hprc_r2_v1.fa.gz
HG01071,/vast/palmer/pi/hall/wl474/projects/hprc_r2/variant_calling/assembly/data/HG01071_pat_hprc_r2_v1.fa.gz,/vast/palmer/pi/hall/wl474/projects/hprc_r2/variant_calling/assembly/data/HG01071_mat_hprc_r2_v1.fa.gz
HG01074,/vast/palmer/pi/hall/wl474/projects/hprc_r2/variant_calling/assembly/data/HG01074_pat_hprc_r2_v1.fa.gz,/vast/palmer/pi/hall/wl474/projects/hprc_r2/variant_calling/assembly/data/HG01074_mat_hprc_r2_v1.fa.gz
HG01081,/vast/palmer/pi/hall/wl474/projects/hprc_r2/variant_calling/assembly/data/HG01081_pat_hprc_r2_v1.fa.gz,/vast/palmer/pi/hall/wl474/projects/hprc_r2/variant_calling/assembly/data/HG01081_mat_hprc_r2_v1.fa.gz
HG01099,/vast/palmer/pi/hall/wl474/projects/hprc_r2/variant_calling/assembly/data/HG01099_pat_hprc_r2_v1.fa.gz,/vast/palmer/pi/hall/wl474/projects/hprc_r2/variant_calling/assembly/data/HG01099_mat_hprc_r2_v1.fa.gz
HG01106,/vast/palmer/pi/hall/wl474/projects/hprc_r2/variant_calling/assembly/data/HG01106_pat_hprc_r2_v1.fa.gz,/vast/palmer/pi/hall/wl474/projects/hprc_r2/variant_calling/assembly/data/HG01106_mat_hprc_r2_v1.fa.gz
HG01109,/vast/palmer/pi/hall/wl474/projects/hprc_r2/variant_calling/assembly/data/HG01109_pat_hprc_r2_v1.fa.gz,/vast/palmer/pi/hall/wl474/projects/hprc_r2/variant_calling/assembly/data/HG01109_mat_hprc_r2_v1.fa.gz
HG01123,/vast/palmer/pi/hall/wl474/projects/hprc_r2/variant_calling/assembly/data/HG01123_pat_hprc_r2_v1.fa.gz,/vast/palmer/pi/hall/wl474/projects/hprc_r2/variant_calling/assembly/data/HG01123_mat_hprc_r2_v1.fa.gz
HG01150,/vast/palmer/pi/hall/wl474/projects/hprc_r2/variant_calling/assembly/data/HG01150_pat_hprc_r2_v1.fa.gz,/vast/palmer/pi/hall/wl474/projects/hprc_r2/variant_calling/assembly/data/HG01150_mat_hprc_r2_v1.fa.gz
HG01167,/vast/palmer/pi/hall/wl474/projects/hprc_r2/variant_calling/assembly/data/HG01167_hap1_hprc_r2_v1.fa.gz,/vast/palmer/pi/hall/wl474/projects/hprc_r2/variant_calling/assembly/data/HG01167_hap2_hprc_r2_v1.fa.gz
HG01175,/vast/palmer/pi/hall/wl474/projects/hprc_r2/variant_calling/assembly/data/HG01175_pat_hprc_r2_v1.fa.gz,/vast/palmer/pi/hall/wl474/projects/hprc_r2/variant_calling/assembly/data/HG01175_mat_hprc_r2_v1.fa.gz
HG01192,/vast/palmer/pi/hall/wl474/projects/hprc_r2/variant_calling/assembly/data/HG01192_pat_hprc_r2_v1.fa.gz,/vast/palmer/pi/hall/wl474/projects/hprc_r2/variant_calling/assembly/data/HG01192_mat_hprc_r2_v1.fa.gz
HG01252,/vast/palmer/pi/hall/wl474/projects/hprc_r2/variant_calling/assembly/data/HG01252_pat_hprc_r2_v1.fa.gz,/vast/palmer/pi/hall/wl474/projects/hprc_r2/variant_calling/assembly/data/HG01252_mat_hprc_r2_v1.fa.gz
HG01255,/vast/palmer/pi/hall/wl474/projects/hprc_r2/variant_calling/assembly/data/HG01255_pat_hprc_r2_v1.fa.gz,/vast/palmer/pi/hall/wl474/projects/hprc_r2/variant_calling/assembly/data/HG01255_mat_hprc_r2_v1.fa.gz
HG01258,/vast/palmer/pi/hall/wl474/projects/hprc_r2/variant_calling/assembly/data/HG01258_pat_hprc_r2_v1.fa.gz,/vast/palmer/pi/hall/wl474/projects/hprc_r2/variant_calling/assembly/data/HG01258_mat_hprc_r2_v1.fa.gz
HG01261,/vast/palmer/pi/hall/wl474/projects/hprc_r2/variant_calling/assembly/data/HG01261_pat_hprc_r2_v1.fa.gz,/vast/palmer/pi/hall/wl474/projects/hprc_r2/variant_calling/assembly/data/HG01261_mat_hprc_r2_v1.fa.gz
HG01346,/vast/palmer/pi/hall/wl474/projects/hprc_r2/variant_calling/assembly/data/HG01346_pat_hprc_r2_v1.fa.gz,/vast/palmer/pi/hall/wl474/projects/hprc_r2/variant_calling/assembly/data/HG01346_mat_hprc_r2_v1.fa.gz
HG01358,/vast/palmer/pi/hall/wl474/projects/hprc_r2/variant_calling/assembly/data/HG01358_pat_hprc_r2_v1.fa.gz,/vast/palmer/pi/hall/wl474/projects/hprc_r2/variant_calling/assembly/data/HG01358_mat_hprc_r2_v1.fa.gz
HG01361,/vast/palmer/pi/hall/wl474/projects/hprc_r2/variant_calling/assembly/data/HG01361_pat_hprc_r2_v1.fa.gz,/vast/palmer/pi/hall/wl474/projects/hprc_r2/variant_calling/assembly/data/HG01361_mat_hprc_r2_v1.fa.gz
HG01433,/vast/palmer/pi/hall/wl474/projects/hprc_r2/variant_calling/assembly/data/HG01433_pat_hprc_r2_v1.fa.gz,/vast/palmer/pi/hall/wl474/projects/hprc_r2/variant_calling/assembly/data/HG01433_mat_hprc_r2_v1.fa.gz
HG01496,/vast/palmer/pi/hall/wl474/projects/hprc_r2/variant_calling/assembly/data/HG01496_pat_hprc_r2_v1.fa.gz,/vast/palmer/pi/hall/wl474/projects/hprc_r2/variant_calling/assembly/data/HG01496_mat_hprc_r2_v1.fa.gz
HG01530,/vast/palmer/pi/hall/wl474/projects/hprc_r2/variant_calling/assembly/data/HG01530_hap1_hprc_r2_v1.fa.gz,/vast/palmer/pi/hall/wl474/projects/hprc_r2/variant_calling/assembly/data/HG01530_hap2_hprc_r2_v1.fa.gz
HG01784,/vast/palmer/pi/hall/wl474/projects/hprc_r2/variant_calling/assembly/data/HG01784_hap1_hprc_r2_v1.fa.gz,/vast/palmer/pi/hall/wl474/projects/hprc_r2/variant_calling/assembly/data/HG01784_hap2_hprc_r2_v1.fa.gz
HG01786,/vast/palmer/pi/hall/wl474/projects/hprc_r2/variant_calling/assembly/data/HG01786_hap1_hprc_r2_v1.fa.gz,/vast/palmer/pi/hall/wl474/projects/hprc_r2/variant_calling/assembly/data/HG01786_hap2_hprc_r2_v1.fa.gz
HG01884,/vast/palmer/pi/hall/wl474/projects/hprc_r2/variant_calling/assembly/data/HG01884_pat_hprc_r2_v1.fa.gz,/vast/palmer/pi/hall/wl474/projects/hprc_r2/variant_calling/assembly/data/HG01884_mat_hprc_r2_v1.fa.gz
HG01891,/vast/palmer/pi/hall/wl474/projects/hprc_r2/variant_calling/assembly/data/HG01891_pat_hprc_r2_v1.fa.gz,/vast/palmer/pi/hall/wl474/projects/hprc_r2/variant_calling/assembly/data/HG01891_mat_hprc_r2_v1.fa.gz
HG01928,/vast/palmer/pi/hall/wl474/projects/hprc_r2/variant_calling/assembly/data/HG01928_pat_hprc_r2_v1.fa.gz,/vast/palmer/pi/hall/wl474/projects/hprc_r2/variant_calling/assembly/data/HG01928_mat_hprc_r2_v1.fa.gz
HG01934,/vast/palmer/pi/hall/wl474/projects/hprc_r2/variant_calling/assembly/data/HG01934_pat_hprc_r2_v1.fa.gz,/vast/palmer/pi/hall/wl474/projects/hprc_r2/variant_calling/assembly/data/HG01934_mat_hprc_r2_v1.fa.gz
HG01940,/vast/palmer/pi/hall/wl474/projects/hprc_r2/variant_calling/assembly/data/HG01940_pat_hprc_r2_v1.fa.gz,/vast/palmer/pi/hall/wl474/projects/hprc_r2/variant_calling/assembly/data/HG01940_mat_hprc_r2_v1.fa.gz
HG01943,/vast/palmer/pi/hall/wl474/projects/hprc_r2/variant_calling/assembly/data/HG01943_pat_hprc_r2_v1.fa.gz,/vast/palmer/pi/hall/wl474/projects/hprc_r2/variant_calling/assembly/data/HG01943_mat_hprc_r2_v1.fa.gz
HG01952,/vast/palmer/pi/hall/wl474/projects/hprc_r2/variant_calling/assembly/data/HG01952_pat_hprc_r2_v1.fa.gz,/vast/palmer/pi/hall/wl474/projects/hprc_r2/variant_calling/assembly/data/HG01952_mat_hprc_r2_v1.fa.gz
HG01960,/vast/palmer/pi/hall/wl474/projects/hprc_r2/variant_calling/assembly/data/HG01960_pat_hprc_r2_v1.fa.gz,/vast/palmer/pi/hall/wl474/projects/hprc_r2/variant_calling/assembly/data/HG01960_mat_hprc_r2_v1.fa.gz
HG01969,/vast/palmer/pi/hall/wl474/projects/hprc_r2/variant_calling/assembly/data/HG01969_pat_hprc_r2_v1.fa.gz,/vast/palmer/pi/hall/wl474/projects/hprc_r2/variant_calling/assembly/data/HG01969_mat_hprc_r2_v1.fa.gz
HG01978,/vast/palmer/pi/hall/wl474/projects/hprc_r2/variant_calling/assembly/data/HG01978_pat_hprc_r2_v1.fa.gz,/vast/palmer/pi/hall/wl474/projects/hprc_r2/variant_calling/assembly/data/HG01978_mat_hprc_r2_v1.fa.gz
HG01981,/vast/palmer/pi/hall/wl474/projects/hprc_r2/variant_calling/assembly/data/HG01981_pat_hprc_r2_v1.fa.gz,/vast/palmer/pi/hall/wl474/projects/hprc_r2/variant_calling/assembly/data/HG01981_mat_hprc_r2_v1.fa.gz
HG01993,/vast/palmer/pi/hall/wl474/projects/hprc_r2/variant_calling/assembly/data/HG01993_pat_hprc_r2_v1.fa.gz,/vast/palmer/pi/hall/wl474/projects/hprc_r2/variant_calling/assembly/data/HG01993_mat_hprc_r2_v1.fa.gz
HG02004,/vast/palmer/pi/hall/wl474/projects/hprc_r2/variant_calling/assembly/data/HG02004_pat_hprc_r2_v1.fa.gz,/vast/palmer/pi/hall/wl474/projects/hprc_r2/variant_calling/assembly/data/HG02004_mat_hprc_r2_v1.fa.gz
HG02015,/vast/palmer/pi/hall/wl474/projects/hprc_r2/variant_calling/assembly/data/HG02015_pat_hprc_r2_v1.fa.gz,/vast/palmer/pi/hall/wl474/projects/hprc_r2/variant_calling/assembly/data/HG02015_mat_hprc_r2_v1.fa.gz
HG02027,/vast/palmer/pi/hall/wl474/projects/hprc_r2/variant_calling/assembly/data/HG02027_pat_hprc_r2_v1.fa.gz,/vast/palmer/pi/hall/wl474/projects/hprc_r2/variant_calling/assembly/data/HG02027_mat_hprc_r2_v1.fa.gz
HG02040,/vast/palmer/pi/hall/wl474/projects/hprc_r2/variant_calling/assembly/data/HG02040_hap1_hprc_r2_v1.fa.gz,/vast/palmer/pi/hall/wl474/projects/hprc_r2/variant_calling/assembly/data/HG02040_hap2_hprc_r2_v1.fa.gz
HG02055,/vast/palmer/pi/hall/wl474/projects/hprc_r2/variant_calling/assembly/data/HG02055_pat_hprc_r2_v1.fa.gz,/vast/palmer/pi/hall/wl474/projects/hprc_r2/variant_calling/assembly/data/HG02055_mat_hprc_r2_v1.fa.gz
HG02056,/vast/palmer/pi/hall/wl474/projects/hprc_r2/variant_calling/assembly/data/HG02056_pat_hprc_r2_v1.fa.gz,/vast/palmer/pi/hall/wl474/projects/hprc_r2/variant_calling/assembly/data/HG02056_mat_hprc_r2_v1.fa.gz
HG02071,/vast/palmer/pi/hall/wl474/projects/hprc_r2/variant_calling/assembly/data/HG02071_pat_hprc_r2_v1.fa.gz,/vast/palmer/pi/hall/wl474/projects/hprc_r2/variant_calling/assembly/data/HG02071_mat_hprc_r2_v1.fa.gz
HG02074,/vast/palmer/pi/hall/wl474/projects/hprc_r2/variant_calling/assembly/data/HG02074_pat_hprc_r2_v1.fa.gz,/vast/palmer/pi/hall/wl474/projects/hprc_r2/variant_calling/assembly/data/HG02074_mat_hprc_r2_v1.fa.gz
HG02080,/vast/palmer/pi/hall/wl474/projects/hprc_r2/variant_calling/assembly/data/HG02080_pat_hprc_r2_v1.fa.gz,/vast/palmer/pi/hall/wl474/projects/hprc_r2/variant_calling/assembly/data/HG02080_mat_hprc_r2_v1.fa.gz
HG02083,/vast/palmer/pi/hall/wl474/projects/hprc_r2/variant_calling/assembly/data/HG02083_pat_hprc_r2_v1.fa.gz,/vast/palmer/pi/hall/wl474/projects/hprc_r2/variant_calling/assembly/data/HG02083_mat_hprc_r2_v1.fa.gz
HG02109,/vast/palmer/pi/hall/wl474/projects/hprc_r2/variant_calling/assembly/data/HG02109_pat_hprc_r2_v1.fa.gz,/vast/palmer/pi/hall/wl474/projects/hprc_r2/variant_calling/assembly/data/HG02109_mat_hprc_r2_v1.fa.gz
HG02129,/vast/palmer/pi/hall/wl474/projects/hprc_r2/variant_calling/assembly/data/HG02129_pat_hprc_r2_v1.fa.gz,/vast/palmer/pi/hall/wl474/projects/hprc_r2/variant_calling/assembly/data/HG02129_mat_hprc_r2_v1.fa.gz
HG02132,/vast/palmer/pi/hall/wl474/projects/hprc_r2/variant_calling/assembly/data/HG02132_pat_hprc_r2_v1.fa.gz,/vast/palmer/pi/hall/wl474/projects/hprc_r2/variant_calling/assembly/data/HG02132_mat_hprc_r2_v1.fa.gz
HG02135,/vast/palmer/pi/hall/wl474/projects/hprc_r2/variant_calling/assembly/data/HG02135_pat_hprc_r2_v1.fa.gz,/vast/palmer/pi/hall/wl474/projects/hprc_r2/variant_calling/assembly/data/HG02135_mat_hprc_r2_v1.fa.gz
HG02148,/vast/palmer/pi/hall/wl474/projects/hprc_r2/variant_calling/assembly/data/HG02148_pat_hprc_r2_v1.fa.gz,/vast/palmer/pi/hall/wl474/projects/hprc_r2/variant_calling/assembly/data/HG02148_mat_hprc_r2_v1.fa.gz
HG02155,/vast/palmer/pi/hall/wl474/projects/hprc_r2/variant_calling/assembly/data/HG02155_hap1_hprc_r2_v1.fa.gz,/vast/palmer/pi/hall/wl474/projects/hprc_r2/variant_calling/assembly/data/HG02155_hap2_hprc_r2_v1.fa.gz
HG02165,/vast/palmer/pi/hall/wl474/projects/hprc_r2/variant_calling/assembly/data/HG02165_hap1_hprc_r2_v1.fa.gz,/vast/palmer/pi/hall/wl474/projects/hprc_r2/variant_calling/assembly/data/HG02165_hap2_hprc_r2_v1.fa.gz
HG02178,/vast/palmer/pi/hall/wl474/projects/hprc_r2/variant_calling/assembly/data/HG02178_hap1_hprc_r2_v1.fa.gz,/vast/palmer/pi/hall/wl474/projects/hprc_r2/variant_calling/assembly/data/HG02178_hap2_hprc_r2_v1.fa.gz
HG02257,/vast/palmer/pi/hall/wl474/projects/hprc_r2/variant_calling/assembly/data/HG02257_pat_hprc_r2_v1.fa.gz,/vast/palmer/pi/hall/wl474/projects/hprc_r2/variant_calling/assembly/data/HG02257_mat_hprc_r2_v1.fa.gz
HG02258,/vast/palmer/pi/hall/wl474/projects/hprc_r2/variant_calling/assembly/data/HG02258_pat_hprc_r2_v1.fa.gz,/vast/palmer/pi/hall/wl474/projects/hprc_r2/variant_calling/assembly/data/HG02258_mat_hprc_r2_v1.fa.gz
HG02273,/vast/palmer/pi/hall/wl474/projects/hprc_r2/variant_calling/assembly/data/HG02273_hap1_hprc_r2_v1.fa.gz,/vast/palmer/pi/hall/wl474/projects/hprc_r2/variant_calling/assembly/data/HG02273_hap2_hprc_r2_v1.fa.gz
HG02280,/vast/palmer/pi/hall/wl474/projects/hprc_r2/variant_calling/assembly/data/HG02280_pat_hprc_r2_v1.fa.gz,/vast/palmer/pi/hall/wl474/projects/hprc_r2/variant_calling/assembly/data/HG02280_mat_hprc_r2_v1.fa.gz
HG02293,/vast/palmer/pi/hall/wl474/projects/hprc_r2/variant_calling/assembly/data/HG02293_pat_hprc_r2_v1.fa.gz,/vast/palmer/pi/hall/wl474/projects/hprc_r2/variant_calling/assembly/data/HG02293_mat_hprc_r2_v1.fa.gz
HG02300,/vast/palmer/pi/hall/wl474/projects/hprc_r2/variant_calling/assembly/data/HG02300_pat_hprc_r2_v1.fa.gz,/vast/palmer/pi/hall/wl474/projects/hprc_r2/variant_calling/assembly/data/HG02300_mat_hprc_r2_v1.fa.gz
HG02391,/vast/palmer/pi/hall/wl474/projects/hprc_r2/variant_calling/assembly/data/HG02391_hap1_hprc_r2_v1.fa.gz,/vast/palmer/pi/hall/wl474/projects/hprc_r2/variant_calling/assembly/data/HG02391_hap2_hprc_r2_v1.fa.gz
HG02451,/vast/palmer/pi/hall/wl474/projects/hprc_r2/variant_calling/assembly/data/HG02451_pat_hprc_r2_v1.fa.gz,/vast/palmer/pi/hall/wl474/projects/hprc_r2/variant_calling/assembly/data/HG02451_mat_hprc_r2_v1.fa.gz
HG02486,/vast/palmer/pi/hall/wl474/projects/hprc_r2/variant_calling/assembly/data/HG02486_pat_hprc_r2_v1.fa.gz,/vast/palmer/pi/hall/wl474/projects/hprc_r2/variant_calling/assembly/data/HG02486_mat_hprc_r2_v1.fa.gz
HG02523,/vast/palmer/pi/hall/wl474/projects/hprc_r2/variant_calling/assembly/data/HG02523_pat_hprc_r2_v1.fa.gz,/vast/palmer/pi/hall/wl474/projects/hprc_r2/variant_calling/assembly/data/HG02523_mat_hprc_r2_v1.fa.gz
HG02559,/vast/palmer/pi/hall/wl474/projects/hprc_r2/variant_calling/assembly/data/HG02559_pat_hprc_r2_v1.fa.gz,/vast/palmer/pi/hall/wl474/projects/hprc_r2/variant_calling/assembly/data/HG02559_mat_hprc_r2_v1.fa.gz
HG02572,/vast/palmer/pi/hall/wl474/projects/hprc_r2/variant_calling/assembly/data/HG02572_pat_hprc_r2_v1.fa.gz,/vast/palmer/pi/hall/wl474/projects/hprc_r2/variant_calling/assembly/data/HG02572_mat_hprc_r2_v1.fa.gz
HG02583,/vast/palmer/pi/hall/wl474/projects/hprc_r2/variant_calling/assembly/data/HG02583_hap1_hprc_r2_v1.fa.gz,/vast/palmer/pi/hall/wl474/projects/hprc_r2/variant_calling/assembly/data/HG02583_hap2_hprc_r2_v1.fa.gz
HG02615,/vast/palmer/pi/hall/wl474/projects/hprc_r2/variant_calling/assembly/data/HG02615_pat_hprc_r2_v1.fa.gz,/vast/palmer/pi/hall/wl474/projects/hprc_r2/variant_calling/assembly/data/HG02615_mat_hprc_r2_v1.fa.gz
HG02622,/vast/palmer/pi/hall/wl474/projects/hprc_r2/variant_calling/assembly/data/HG02622_pat_hprc_r2_v1.fa.gz,/vast/palmer/pi/hall/wl474/projects/hprc_r2/variant_calling/assembly/data/HG02622_mat_hprc_r2_v1.fa.gz
HG02630,/vast/palmer/pi/hall/wl474/projects/hprc_r2/variant_calling/assembly/data/HG02630_pat_hprc_r2_v1.fa.gz,/vast/palmer/pi/hall/wl474/projects/hprc_r2/variant_calling/assembly/data/HG02630_mat_hprc_r2_v1.fa.gz
HG02647,/vast/palmer/pi/hall/wl474/projects/hprc_r2/variant_calling/assembly/data/HG02647_pat_hprc_r2_v1.fa.gz,/vast/palmer/pi/hall/wl474/projects/hprc_r2/variant_calling/assembly/data/HG02647_mat_hprc_r2_v1.fa.gz
HG02668,/vast/palmer/pi/hall/wl474/projects/hprc_r2/variant_calling/assembly/data/HG02668_pat_hprc_r2_v1.fa.gz,/vast/palmer/pi/hall/wl474/projects/hprc_r2/variant_calling/assembly/data/HG02668_mat_hprc_r2_v1.fa.gz
HG02698,/vast/palmer/pi/hall/wl474/projects/hprc_r2/variant_calling/assembly/data/HG02698_pat_hprc_r2_v1.fa.gz,/vast/palmer/pi/hall/wl474/projects/hprc_r2/variant_calling/assembly/data/HG02698_mat_hprc_r2_v1.fa.gz
HG02717,/vast/palmer/pi/hall/wl474/projects/hprc_r2/variant_calling/assembly/data/HG02717_pat_hprc_r2_v1.fa.gz,/vast/palmer/pi/hall/wl474/projects/hprc_r2/variant_calling/assembly/data/HG02717_mat_hprc_r2_v1.fa.gz
HG02723,/vast/palmer/pi/hall/wl474/projects/hprc_r2/variant_calling/assembly/data/HG02723_pat_hprc_r2_v1.fa.gz,/vast/palmer/pi/hall/wl474/projects/hprc_r2/variant_calling/assembly/data/HG02723_mat_hprc_r2_v1.fa.gz
HG02735,/vast/palmer/pi/hall/wl474/projects/hprc_r2/variant_calling/assembly/data/HG02735_pat_hprc_r2_v1.fa.gz,/vast/palmer/pi/hall/wl474/projects/hprc_r2/variant_calling/assembly/data/HG02735_mat_hprc_r2_v1.fa.gz
HG02809,/vast/palmer/pi/hall/wl474/projects/hprc_r2/variant_calling/assembly/data/HG02809_pat_hprc_r2_v1.fa.gz,/vast/palmer/pi/hall/wl474/projects/hprc_r2/variant_calling/assembly/data/HG02809_mat_hprc_r2_v1.fa.gz
HG02818,/vast/palmer/pi/hall/wl474/projects/hprc_r2/variant_calling/assembly/data/HG02818_pat_hprc_r2_v1.fa.gz,/vast/palmer/pi/hall/wl474/projects/hprc_r2/variant_calling/assembly/data/HG02818_mat_hprc_r2_v1.fa.gz
HG02886,/vast/palmer/pi/hall/wl474/projects/hprc_r2/variant_calling/assembly/data/HG02886_pat_hprc_r2_v1.fa.gz,/vast/palmer/pi/hall/wl474/projects/hprc_r2/variant_calling/assembly/data/HG02886_mat_hprc_r2_v1.fa.gz
HG02922,/vast/palmer/pi/hall/wl474/projects/hprc_r2/variant_calling/assembly/data/HG02922_hap1_hprc_r2_v1.fa.gz,/vast/palmer/pi/hall/wl474/projects/hprc_r2/variant_calling/assembly/data/HG02922_hap2_hprc_r2_v1.fa.gz
HG02965,/vast/palmer/pi/hall/wl474/projects/hprc_r2/variant_calling/assembly/data/HG02965_hap1_hprc_r2_v1.fa.gz,/vast/palmer/pi/hall/wl474/projects/hprc_r2/variant_calling/assembly/data/HG02965_hap2_hprc_r2_v1.fa.gz
HG02976,/vast/palmer/pi/hall/wl474/projects/hprc_r2/variant_calling/assembly/data/HG02976_hap1_hprc_r2_v1.fa.gz,/vast/palmer/pi/hall/wl474/projects/hprc_r2/variant_calling/assembly/data/HG02976_hap2_hprc_r2_v1.fa.gz
HG03017,/vast/palmer/pi/hall/wl474/projects/hprc_r2/variant_calling/assembly/data/HG03017_pat_hprc_r2_v1.fa.gz,/vast/palmer/pi/hall/wl474/projects/hprc_r2/variant_calling/assembly/data/HG03017_mat_hprc_r2_v1.fa.gz
HG03041,/vast/palmer/pi/hall/wl474/projects/hprc_r2/variant_calling/assembly/data/HG03041_pat_hprc_r2_v1.fa.gz,/vast/palmer/pi/hall/wl474/projects/hprc_r2/variant_calling/assembly/data/HG03041_mat_hprc_r2_v1.fa.gz
HG03098,/vast/palmer/pi/hall/wl474/projects/hprc_r2/variant_calling/assembly/data/HG03098_pat_hprc_r2_v1.fa.gz,/vast/palmer/pi/hall/wl474/projects/hprc_r2/variant_calling/assembly/data/HG03098_mat_hprc_r2_v1.fa.gz
HG03130,/vast/palmer/pi/hall/wl474/projects/hprc_r2/variant_calling/assembly/data/HG03130_hap1_hprc_r2_v1.fa.gz,/vast/palmer/pi/hall/wl474/projects/hprc_r2/variant_calling/assembly/data/HG03130_hap2_hprc_r2_v1.fa.gz
HG03139,/vast/palmer/pi/hall/wl474/projects/hprc_r2/variant_calling/assembly/data/HG03139_hap1_hprc_r2_v1.fa.gz,/vast/palmer/pi/hall/wl474/projects/hprc_r2/variant_calling/assembly/data/HG03139_hap2_hprc_r2_v1.fa.gz
HG03195,/vast/palmer/pi/hall/wl474/projects/hprc_r2/variant_calling/assembly/data/HG03195_hap1_hprc_r2_v1.fa.gz,/vast/palmer/pi/hall/wl474/projects/hprc_r2/variant_calling/assembly/data/HG03195_hap2_hprc_r2_v1.fa.gz
HG03209,/vast/palmer/pi/hall/wl474/projects/hprc_r2/variant_calling/assembly/data/HG03209_hap1_hprc_r2_v1.fa.gz,/vast/palmer/pi/hall/wl474/projects/hprc_r2/variant_calling/assembly/data/HG03209_hap2_hprc_r2_v1.fa.gz
HG03225,/vast/palmer/pi/hall/wl474/projects/hprc_r2/variant_calling/assembly/data/HG03225_hap1_hprc_r2_v1.fa.gz,/vast/palmer/pi/hall/wl474/projects/hprc_r2/variant_calling/assembly/data/HG03225_hap2_hprc_r2_v1.fa.gz
HG03239,/vast/palmer/pi/hall/wl474/projects/hprc_r2/variant_calling/assembly/data/HG03239_pat_hprc_r2_v1.fa.gz,/vast/palmer/pi/hall/wl474/projects/hprc_r2/variant_calling/assembly/data/HG03239_mat_hprc_r2_v1.fa.gz
HG03270,/vast/palmer/pi/hall/wl474/projects/hprc_r2/variant_calling/assembly/data/HG03270_hap1_hprc_r2_v1.fa.gz,/vast/palmer/pi/hall/wl474/projects/hprc_r2/variant_calling/assembly/data/HG03270_hap2_hprc_r2_v1.fa.gz
HG03369,/vast/palmer/pi/hall/wl474/projects/hprc_r2/variant_calling/assembly/data/HG03369_hap1_hprc_r2_v1.fa.gz,/vast/palmer/pi/hall/wl474/projects/hprc_r2/variant_calling/assembly/data/HG03369_hap2_hprc_r2_v1.fa.gz
HG03453,/vast/palmer/pi/hall/wl474/projects/hprc_r2/variant_calling/assembly/data/HG03453_pat_hprc_r2_v1.fa.gz,/vast/palmer/pi/hall/wl474/projects/hprc_r2/variant_calling/assembly/data/HG03453_mat_hprc_r2_v1.fa.gz
HG03470,/vast/palmer/pi/hall/wl474/projects/hprc_r2/variant_calling/assembly/data/HG03470_hap1_hprc_r2_v1.fa.gz,/vast/palmer/pi/hall/wl474/projects/hprc_r2/variant_calling/assembly/data/HG03470_hap2_hprc_r2_v1.fa.gz
HG03471,/vast/palmer/pi/hall/wl474/projects/hprc_r2/variant_calling/assembly/data/HG03471_hap1_hprc_r2_v1.fa.gz,/vast/palmer/pi/hall/wl474/projects/hprc_r2/variant_calling/assembly/data/HG03471_hap2_hprc_r2_v1.fa.gz
HG03486,/vast/palmer/pi/hall/wl474/projects/hprc_r2/variant_calling/assembly/data/HG03486_pat_hprc_r2_v1.fa.gz,/vast/palmer/pi/hall/wl474/projects/hprc_r2/variant_calling/assembly/data/HG03486_mat_hprc_r2_v1.fa.gz
HG03516,/vast/palmer/pi/hall/wl474/projects/hprc_r2/variant_calling/assembly/data/HG03516_pat_hprc_r2_v1.fa.gz,/vast/palmer/pi/hall/wl474/projects/hprc_r2/variant_calling/assembly/data/HG03516_mat_hprc_r2_v1.fa.gz
HG03521,/vast/palmer/pi/hall/wl474/projects/hprc_r2/variant_calling/assembly/data/HG03521_hap1_hprc_r2_v1.fa.gz,/vast/palmer/pi/hall/wl474/projects/hprc_r2/variant_calling/assembly/data/HG03521_hap2_hprc_r2_v1.fa.gz
HG03540,/vast/palmer/pi/hall/wl474/projects/hprc_r2/variant_calling/assembly/data/HG03540_pat_hprc_r2_v1.fa.gz,/vast/palmer/pi/hall/wl474/projects/hprc_r2/variant_calling/assembly/data/HG03540_mat_hprc_r2_v1.fa.gz
HG03579,/vast/palmer/pi/hall/wl474/projects/hprc_r2/variant_calling/assembly/data/HG03579_pat_hprc_r2_v1.fa.gz,/vast/palmer/pi/hall/wl474/projects/hprc_r2/variant_calling/assembly/data/HG03579_mat_hprc_r2_v1.fa.gz
HG03583,/vast/palmer/pi/hall/wl474/projects/hprc_r2/variant_calling/assembly/data/HG03583_hap1_hprc_r2_v1.fa.gz,/vast/palmer/pi/hall/wl474/projects/hprc_r2/variant_calling/assembly/data/HG03583_hap2_hprc_r2_v1.fa.gz
HG03654,/vast/palmer/pi/hall/wl474/projects/hprc_r2/variant_calling/assembly/data/HG03654_pat_hprc_r2_v1.fa.gz,/vast/palmer/pi/hall/wl474/projects/hprc_r2/variant_calling/assembly/data/HG03654_mat_hprc_r2_v1.fa.gz
HG03669,/vast/palmer/pi/hall/wl474/projects/hprc_r2/variant_calling/assembly/data/HG03669_pat_hprc_r2_v1.fa.gz,/vast/palmer/pi/hall/wl474/projects/hprc_r2/variant_calling/assembly/data/HG03669_mat_hprc_r2_v1.fa.gz
HG03688,/vast/palmer/pi/hall/wl474/projects/hprc_r2/variant_calling/assembly/data/HG03688_pat_hprc_r2_v1.fa.gz,/vast/palmer/pi/hall/wl474/projects/hprc_r2/variant_calling/assembly/data/HG03688_mat_hprc_r2_v1.fa.gz
HG03704,/vast/palmer/pi/hall/wl474/projects/hprc_r2/variant_calling/assembly/data/HG03704_pat_hprc_r2_v1.fa.gz,/vast/palmer/pi/hall/wl474/projects/hprc_r2/variant_calling/assembly/data/HG03704_mat_hprc_r2_v1.fa.gz
HG03710,/vast/palmer/pi/hall/wl474/projects/hprc_r2/variant_calling/assembly/data/HG03710_pat_hprc_r2_v1.fa.gz,/vast/palmer/pi/hall/wl474/projects/hprc_r2/variant_calling/assembly/data/HG03710_mat_hprc_r2_v1.fa.gz
HG03742,/vast/palmer/pi/hall/wl474/projects/hprc_r2/variant_calling/assembly/data/HG03742_hap1_hprc_r2_v1.fa.gz,/vast/palmer/pi/hall/wl474/projects/hprc_r2/variant_calling/assembly/data/HG03742_hap2_hprc_r2_v1.fa.gz
HG03784,/vast/palmer/pi/hall/wl474/projects/hprc_r2/variant_calling/assembly/data/HG03784_hap1_hprc_r2_v1.fa.gz,/vast/palmer/pi/hall/wl474/projects/hprc_r2/variant_calling/assembly/data/HG03784_hap2_hprc_r2_v1.fa.gz
HG03804,/vast/palmer/pi/hall/wl474/projects/hprc_r2/variant_calling/assembly/data/HG03804_pat_hprc_r2_v1.fa.gz,/vast/palmer/pi/hall/wl474/projects/hprc_r2/variant_calling/assembly/data/HG03804_mat_hprc_r2_v1.fa.gz
HG03831,/vast/palmer/pi/hall/wl474/projects/hprc_r2/variant_calling/assembly/data/HG03831_pat_hprc_r2_v1.fa.gz,/vast/palmer/pi/hall/wl474/projects/hprc_r2/variant_calling/assembly/data/HG03831_mat_hprc_r2_v1.fa.gz
HG03834,/vast/palmer/pi/hall/wl474/projects/hprc_r2/variant_calling/assembly/data/HG03834_pat_hprc_r2_v1.fa.gz,/vast/palmer/pi/hall/wl474/projects/hprc_r2/variant_calling/assembly/data/HG03834_mat_hprc_r2_v1.fa.gz
HG03874,/vast/palmer/pi/hall/wl474/projects/hprc_r2/variant_calling/assembly/data/HG03874_hap1_hprc_r2_v1.fa.gz,/vast/palmer/pi/hall/wl474/projects/hprc_r2/variant_calling/assembly/data/HG03874_hap2_hprc_r2_v1.fa.gz
HG03927,/vast/palmer/pi/hall/wl474/projects/hprc_r2/variant_calling/assembly/data/HG03927_pat_hprc_r2_v1.fa.gz,/vast/palmer/pi/hall/wl474/projects/hprc_r2/variant_calling/assembly/data/HG03927_mat_hprc_r2_v1.fa.gz
HG03942,/vast/palmer/pi/hall/wl474/projects/hprc_r2/variant_calling/assembly/data/HG03942_pat_hprc_r2_v1.fa.gz,/vast/palmer/pi/hall/wl474/projects/hprc_r2/variant_calling/assembly/data/HG03942_mat_hprc_r2_v1.fa.gz
HG04115,/vast/palmer/pi/hall/wl474/projects/hprc_r2/variant_calling/assembly/data/HG04115_pat_hprc_r2_v1.fa.gz,/vast/palmer/pi/hall/wl474/projects/hprc_r2/variant_calling/assembly/data/HG04115_mat_hprc_r2_v1.fa.gz
HG04157,/vast/palmer/pi/hall/wl474/projects/hprc_r2/variant_calling/assembly/data/HG04157_pat_hprc_r2_v1.fa.gz,/vast/palmer/pi/hall/wl474/projects/hprc_r2/variant_calling/assembly/data/HG04157_mat_hprc_r2_v1.fa.gz
HG04160,/vast/palmer/pi/hall/wl474/projects/hprc_r2/variant_calling/assembly/data/HG04160_pat_hprc_r2_v1.fa.gz,/vast/palmer/pi/hall/wl474/projects/hprc_r2/variant_calling/assembly/data/HG04160_mat_hprc_r2_v1.fa.gz
HG04184,/vast/palmer/pi/hall/wl474/projects/hprc_r2/variant_calling/assembly/data/HG04184_pat_hprc_r2_v1.fa.gz,/vast/palmer/pi/hall/wl474/projects/hprc_r2/variant_calling/assembly/data/HG04184_mat_hprc_r2_v1.fa.gz
HG04199,/vast/palmer/pi/hall/wl474/projects/hprc_r2/variant_calling/assembly/data/HG04199_pat_hprc_r2_v1.fa.gz,/vast/palmer/pi/hall/wl474/projects/hprc_r2/variant_calling/assembly/data/HG04199_mat_hprc_r2_v1.fa.gz
HG04204,/vast/palmer/pi/hall/wl474/projects/hprc_r2/variant_calling/assembly/data/HG04204_pat_hprc_r2_v1.fa.gz,/vast/palmer/pi/hall/wl474/projects/hprc_r2/variant_calling/assembly/data/HG04204_mat_hprc_r2_v1.fa.gz
HG04228,/vast/palmer/pi/hall/wl474/projects/hprc_r2/variant_calling/assembly/data/HG04228_pat_hprc_r2_v1.fa.gz,/vast/palmer/pi/hall/wl474/projects/hprc_r2/variant_calling/assembly/data/HG04228_mat_hprc_r2_v1.fa.gz
NA18505,/vast/palmer/pi/hall/wl474/projects/hprc_r2/variant_calling/assembly/data/NA18505_hap1_hprc_r2_v1.fa.gz,/vast/palmer/pi/hall/wl474/projects/hprc_r2/variant_calling/assembly/data/NA18505_hap2_hprc_r2_v1.fa.gz
NA18508,/vast/palmer/pi/hall/wl474/projects/hprc_r2/variant_calling/assembly/data/NA18508_hap1_hprc_r2_v1.fa.gz,/vast/palmer/pi/hall/wl474/projects/hprc_r2/variant_calling/assembly/data/NA18508_hap2_hprc_r2_v1.fa.gz
NA18522,/vast/palmer/pi/hall/wl474/projects/hprc_r2/variant_calling/assembly/data/NA18522_hap1_hprc_r2_v1.fa.gz,/vast/palmer/pi/hall/wl474/projects/hprc_r2/variant_calling/assembly/data/NA18522_hap2_hprc_r2_v1.fa.gz
NA18565,/vast/palmer/pi/hall/wl474/projects/hprc_r2/variant_calling/assembly/data/NA18565_hap1_hprc_r2_v1.fa.gz,/vast/palmer/pi/hall/wl474/projects/hprc_r2/variant_calling/assembly/data/NA18565_hap2_hprc_r2_v1.fa.gz
NA18570,/vast/palmer/pi/hall/wl474/projects/hprc_r2/variant_calling/assembly/data/NA18570_hap1_hprc_r2_v1.fa.gz,/vast/palmer/pi/hall/wl474/projects/hprc_r2/variant_calling/assembly/data/NA18570_hap2_hprc_r2_v1.fa.gz
NA18608,/vast/palmer/pi/hall/wl474/projects/hprc_r2/variant_calling/assembly/data/NA18608_hap1_hprc_r2_v1.fa.gz,/vast/palmer/pi/hall/wl474/projects/hprc_r2/variant_calling/assembly/data/NA18608_hap2_hprc_r2_v1.fa.gz
NA18620,/vast/palmer/pi/hall/wl474/projects/hprc_r2/variant_calling/assembly/data/NA18620_hap1_hprc_r2_v1.fa.gz,/vast/palmer/pi/hall/wl474/projects/hprc_r2/variant_calling/assembly/data/NA18620_hap2_hprc_r2_v1.fa.gz
NA18747,/vast/palmer/pi/hall/wl474/projects/hprc_r2/variant_calling/assembly/data/NA18747_hap1_hprc_r2_v1.fa.gz,/vast/palmer/pi/hall/wl474/projects/hprc_r2/variant_calling/assembly/data/NA18747_hap2_hprc_r2_v1.fa.gz
NA18906,/vast/palmer/pi/hall/wl474/projects/hprc_r2/variant_calling/assembly/data/NA18906_pat_hprc_r2_v1.fa.gz,/vast/palmer/pi/hall/wl474/projects/hprc_r2/variant_calling/assembly/data/NA18906_mat_hprc_r2_v1.fa.gz
NA18952,/vast/palmer/pi/hall/wl474/projects/hprc_r2/variant_calling/assembly/data/NA18952_hap1_hprc_r2_v1.fa.gz,/vast/palmer/pi/hall/wl474/projects/hprc_r2/variant_calling/assembly/data/NA18952_hap2_hprc_r2_v1.fa.gz
NA18971,/vast/palmer/pi/hall/wl474/projects/hprc_r2/variant_calling/assembly/data/NA18971_hap1_hprc_r2_v1.fa.gz,/vast/palmer/pi/hall/wl474/projects/hprc_r2/variant_calling/assembly/data/NA18971_hap2_hprc_r2_v1.fa.gz
NA18974,/vast/palmer/pi/hall/wl474/projects/hprc_r2/variant_calling/assembly/data/NA18974_hap1_hprc_r2_v1.fa.gz,/vast/palmer/pi/hall/wl474/projects/hprc_r2/variant_calling/assembly/data/NA18974_hap2_hprc_r2_v1.fa.gz
NA18976,/vast/palmer/pi/hall/wl474/projects/hprc_r2/variant_calling/assembly/data/NA18976_hap1_hprc_r2_v1.fa.gz,/vast/palmer/pi/hall/wl474/projects/hprc_r2/variant_calling/assembly/data/NA18976_hap2_hprc_r2_v1.fa.gz
NA18983,/vast/palmer/pi/hall/wl474/projects/hprc_r2/variant_calling/assembly/data/NA18983_hap1_hprc_r2_v1.fa.gz,/vast/palmer/pi/hall/wl474/projects/hprc_r2/variant_calling/assembly/data/NA18983_hap2_hprc_r2_v1.fa.gz
NA19036,/vast/palmer/pi/hall/wl474/projects/hprc_r2/variant_calling/assembly/data/NA19036_hap1_hprc_r2_v1.fa.gz,/vast/palmer/pi/hall/wl474/projects/hprc_r2/variant_calling/assembly/data/NA19036_hap2_hprc_r2_v1.fa.gz
NA19043,/vast/palmer/pi/hall/wl474/projects/hprc_r2/variant_calling/assembly/data/NA19043_hap1_hprc_r2_v1.fa.gz,/vast/palmer/pi/hall/wl474/projects/hprc_r2/variant_calling/assembly/data/NA19043_hap2_hprc_r2_v1.fa.gz
NA19087,/vast/palmer/pi/hall/wl474/projects/hprc_r2/variant_calling/assembly/data/NA19087_hap1_hprc_r2_v1.fa.gz,/vast/palmer/pi/hall/wl474/projects/hprc_r2/variant_calling/assembly/data/NA19087_hap2_hprc_r2_v1.fa.gz
NA19185,/vast/palmer/pi/hall/wl474/projects/hprc_r2/variant_calling/assembly/data/NA19185_hap1_hprc_r2_v1.fa.gz,/vast/palmer/pi/hall/wl474/projects/hprc_r2/variant_calling/assembly/data/NA19185_hap2_hprc_r2_v1.fa.gz
NA19338,/vast/palmer/pi/hall/wl474/projects/hprc_r2/variant_calling/assembly/data/NA19338_hap1_hprc_r2_v1.fa.gz,/vast/palmer/pi/hall/wl474/projects/hprc_r2/variant_calling/assembly/data/NA19338_hap2_hprc_r2_v1.fa.gz
NA19391,/vast/palmer/pi/hall/wl474/projects/hprc_r2/variant_calling/assembly/data/NA19391_hap1_hprc_r2_v1.fa.gz,/vast/palmer/pi/hall/wl474/projects/hprc_r2/variant_calling/assembly/data/NA19391_hap2_hprc_r2_v1.fa.gz
NA19443,/vast/palmer/pi/hall/wl474/projects/hprc_r2/variant_calling/assembly/data/NA19443_hap1_hprc_r2_v1.fa.gz,/vast/palmer/pi/hall/wl474/projects/hprc_r2/variant_calling/assembly/data/NA19443_hap2_hprc_r2_v1.fa.gz
NA19468,/vast/palmer/pi/hall/wl474/projects/hprc_r2/variant_calling/assembly/data/NA19468_hap1_hprc_r2_v1.fa.gz,/vast/palmer/pi/hall/wl474/projects/hprc_r2/variant_calling/assembly/data/NA19468_hap2_hprc_r2_v1.fa.gz
NA19682,/vast/palmer/pi/hall/wl474/projects/hprc_r2/variant_calling/assembly/data/NA19682_hap1_hprc_r2_v1.fa.gz,/vast/palmer/pi/hall/wl474/projects/hprc_r2/variant_calling/assembly/data/NA19682_hap2_hprc_r2_v1.fa.gz
NA19700,/vast/palmer/pi/hall/wl474/projects/hprc_r2/variant_calling/assembly/data/NA19700_hap1_hprc_r2_v1.fa.gz,/vast/palmer/pi/hall/wl474/projects/hprc_r2/variant_calling/assembly/data/NA19700_hap2_hprc_r2_v1.fa.gz
NA19776,/vast/palmer/pi/hall/wl474/projects/hprc_r2/variant_calling/assembly/data/NA19776_hap1_hprc_r2_v1.fa.gz,/vast/palmer/pi/hall/wl474/projects/hprc_r2/variant_calling/assembly/data/NA19776_hap2_hprc_r2_v1.fa.gz
NA19835,/vast/palmer/pi/hall/wl474/projects/hprc_r2/variant_calling/assembly/data/NA19835_hap1_hprc_r2_v1.fa.gz,/vast/palmer/pi/hall/wl474/projects/hprc_r2/variant_calling/assembly/data/NA19835_hap2_hprc_r2_v1.fa.gz
NA19909,/vast/palmer/pi/hall/wl474/projects/hprc_r2/variant_calling/assembly/data/NA19909_hap1_hprc_r2_v1.fa.gz,/vast/palmer/pi/hall/wl474/projects/hprc_r2/variant_calling/assembly/data/NA19909_hap2_hprc_r2_v1.fa.gz
NA20129,/vast/palmer/pi/hall/wl474/projects/hprc_r2/variant_calling/assembly/data/NA20129_pat_hprc_r2_v1.fa.gz,/vast/palmer/pi/hall/wl474/projects/hprc_r2/variant_calling/assembly/data/NA20129_mat_hprc_r2_v1.fa.gz
NA20282,/vast/palmer/pi/hall/wl474/projects/hprc_r2/variant_calling/assembly/data/NA20282_hap1_hprc_r2_v1.fa.gz,/vast/palmer/pi/hall/wl474/projects/hprc_r2/variant_calling/assembly/data/NA20282_hap2_hprc_r2_v1.fa.gz
NA20346,/vast/palmer/pi/hall/wl474/projects/hprc_r2/variant_calling/assembly/data/NA20346_hap1_hprc_r2_v1.fa.gz,/vast/palmer/pi/hall/wl474/projects/hprc_r2/variant_calling/assembly/data/NA20346_hap2_hprc_r2_v1.fa.gz
NA20805,/vast/palmer/pi/hall/wl474/projects/hprc_r2/variant_calling/assembly/data/NA20805_hap1_hprc_r2_v1.fa.gz,/vast/palmer/pi/hall/wl474/projects/hprc_r2/variant_calling/assembly/data/NA20805_hap2_hprc_r2_v1.fa.gz
NA20809,/vast/palmer/pi/hall/wl474/projects/hprc_r2/variant_calling/assembly/data/NA20809_hap1_hprc_r2_v1.fa.gz,/vast/palmer/pi/hall/wl474/projects/hprc_r2/variant_calling/assembly/data/NA20809_hap2_hprc_r2_v1.fa.gz
NA20850,/vast/palmer/pi/hall/wl474/projects/hprc_r2/variant_calling/assembly/data/NA20850_hap1_hprc_r2_v1.fa.gz,/vast/palmer/pi/hall/wl474/projects/hprc_r2/variant_calling/assembly/data/NA20850_hap2_hprc_r2_v1.fa.gz
NA20870,/vast/palmer/pi/hall/wl474/projects/hprc_r2/variant_calling/assembly/data/NA20870_hap1_hprc_r2_v1.fa.gz,/vast/palmer/pi/hall/wl474/projects/hprc_r2/variant_calling/assembly/data/NA20870_hap2_hprc_r2_v1.fa.gz
NA20905,/vast/palmer/pi/hall/wl474/projects/hprc_r2/variant_calling/assembly/data/NA20905_hap1_hprc_r2_v1.fa.gz,/vast/palmer/pi/hall/wl474/projects/hprc_r2/variant_calling/assembly/data/NA20905_hap2_hprc_r2_v1.fa.gz
NA21093,/vast/palmer/pi/hall/wl474/projects/hprc_r2/variant_calling/assembly/data/NA21093_hap1_hprc_r2_v1.fa.gz,/vast/palmer/pi/hall/wl474/projects/hprc_r2/variant_calling/assembly/data/NA21093_hap2_hprc_r2_v1.fa.gz
NA21102,/vast/palmer/pi/hall/wl474/projects/hprc_r2/variant_calling/assembly/data/NA21102_hap1_hprc_r2_v1.fa.gz,/vast/palmer/pi/hall/wl474/projects/hprc_r2/variant_calling/assembly/data/NA21102_hap2_hprc_r2_v1.fa.gz
NA21106,/vast/palmer/pi/hall/wl474/projects/hprc_r2/variant_calling/assembly/data/NA21106_hap1_hprc_r2_v1.fa.gz,/vast/palmer/pi/hall/wl474/projects/hprc_r2/variant_calling/assembly/data/NA21106_hap2_hprc_r2_v1.fa.gz
NA21110,/vast/palmer/pi/hall/wl474/projects/hprc_r2/variant_calling/assembly/data/NA21110_hap1_hprc_r2_v1.fa.gz,/vast/palmer/pi/hall/wl474/projects/hprc_r2/variant_calling/assembly/data/NA21110_hap2_hprc_r2_v1.fa.gz
NA21144,/vast/palmer/pi/hall/wl474/projects/hprc_r2/variant_calling/assembly/data/NA21144_hap1_hprc_r2_v1.fa.gz,/vast/palmer/pi/hall/wl474/projects/hprc_r2/variant_calling/assembly/data/NA21144_hap2_hprc_r2_v1.fa.gz
NA21309,/vast/palmer/pi/hall/wl474/projects/hprc_r2/variant_calling/assembly/data/NA21309_pat_hprc_r2_v1.fa.gz,/vast/palmer/pi/hall/wl474/projects/hprc_r2/variant_calling/assembly/data/NA21309_mat_hprc_r2_v1.fa.gz
