sample,sex,query_bam,query_bai,query_vcf
HG00097,female,/gpfs/gibbs/pi/ycgh/wl474/YALE_VARIANT_CALLS_R2/samples/HG00097/alignments/GRCh38_no_alt/hifi_reads/HG00097.GRCh38_no_alt.sorted.bam,/gpfs/gibbs/pi/ycgh/wl474/YALE_VARIANT_CALLS_R2/samples/HG00097/alignments/GRCh38_no_alt/hifi_reads/HG00097.GRCh38_no_alt.sorted.bam.bai,/gpfs/gibbs/pi/ycgh/wl474/YALE_VARIANT_CALLS_R2/samples/HG00097/variant_calls/GRCh38_no_alt/svdss/HG00097.GRCh38_no_alt.svdss.vcf.gz
HG00099,female,/gpfs/gibbs/pi/ycgh/wl474/YALE_VARIANT_CALLS_R2/samples/HG00099/alignments/GRCh38_no_alt/hifi_reads/HG00099.GRCh38_no_alt.sorted.bam,/gpfs/gibbs/pi/ycgh/wl474/YALE_VARIANT_CALLS_R2/samples/HG00099/alignments/GRCh38_no_alt/hifi_reads/HG00099.GRCh38_no_alt.sorted.bam.bai,/gpfs/gibbs/pi/ycgh/wl474/YALE_VARIANT_CALLS_R2/samples/HG00099/variant_calls/GRCh38_no_alt/svdss/HG00099.GRCh38_no_alt.svdss.vcf.gz
HG00126,male,/gpfs/gibbs/pi/ycgh/wl474/YALE_VARIANT_CALLS_R2/samples/HG00126/alignments/GRCh38_no_alt/hifi_reads/HG00126.GRCh38_no_alt.sorted.bam,/gpfs/gibbs/pi/ycgh/wl474/YALE_VARIANT_CALLS_R2/samples/HG00126/alignments/GRCh38_no_alt/hifi_reads/HG00126.GRCh38_no_alt.sorted.bam.bai,/gpfs/gibbs/pi/ycgh/wl474/YALE_VARIANT_CALLS_R2/samples/HG00126/variant_calls/GRCh38_no_alt/svdss/HG00126.GRCh38_no_alt.svdss.vcf.gz
HG00128,female,/gpfs/gibbs/pi/ycgh/wl474/YALE_VARIANT_CALLS_R2/samples/HG00128/alignments/GRCh38_no_alt/hifi_reads/HG00128.GRCh38_no_alt.sorted.bam,/gpfs/gibbs/pi/ycgh/wl474/YALE_VARIANT_CALLS_R2/samples/HG00128/alignments/GRCh38_no_alt/hifi_reads/HG00128.GRCh38_no_alt.sorted.bam.bai,/gpfs/gibbs/pi/ycgh/wl474/YALE_VARIANT_CALLS_R2/samples/HG00128/variant_calls/GRCh38_no_alt/svdss/HG00128.GRCh38_no_alt.svdss.vcf.gz
HG00133,female,/gpfs/gibbs/pi/ycgh/wl474/YALE_VARIANT_CALLS_R2/samples/HG00133/alignments/GRCh38_no_alt/hifi_reads/HG00133.GRCh38_no_alt.sorted.bam,/gpfs/gibbs/pi/ycgh/wl474/YALE_VARIANT_CALLS_R2/samples/HG00133/alignments/GRCh38_no_alt/hifi_reads/HG00133.GRCh38_no_alt.sorted.bam.bai,/gpfs/gibbs/pi/ycgh/wl474/YALE_VARIANT_CALLS_R2/samples/HG00133/variant_calls/GRCh38_no_alt/svdss/HG00133.GRCh38_no_alt.svdss.vcf.gz
HG00140,male,/gpfs/gibbs/pi/ycgh/wl474/YALE_VARIANT_CALLS_R2/samples/HG00140/alignments/GRCh38_no_alt/hifi_reads/HG00140.GRCh38_no_alt.sorted.bam,/gpfs/gibbs/pi/ycgh/wl474/YALE_VARIANT_CALLS_R2/samples/HG00140/alignments/GRCh38_no_alt/hifi_reads/HG00140.GRCh38_no_alt.sorted.bam.bai,/gpfs/gibbs/pi/ycgh/wl474/YALE_VARIANT_CALLS_R2/samples/HG00140/variant_calls/GRCh38_no_alt/svdss/HG00140.GRCh38_no_alt.svdss.vcf.gz
HG00146,female,/gpfs/gibbs/pi/ycgh/wl474/YALE_VARIANT_CALLS_R2/samples/HG00146/alignments/GRCh38_no_alt/hifi_reads/HG00146.GRCh38_no_alt.sorted.bam,/gpfs/gibbs/pi/ycgh/wl474/YALE_VARIANT_CALLS_R2/samples/HG00146/alignments/GRCh38_no_alt/hifi_reads/HG00146.GRCh38_no_alt.sorted.bam.bai,/gpfs/gibbs/pi/ycgh/wl474/YALE_VARIANT_CALLS_R2/samples/HG00146/variant_calls/GRCh38_no_alt/svdss/HG00146.GRCh38_no_alt.svdss.vcf.gz
HG00232,female,/gpfs/gibbs/pi/ycgh/wl474/YALE_VARIANT_CALLS_R2/samples/HG00232/alignments/GRCh38_no_alt/hifi_reads/HG00232.GRCh38_no_alt.sorted.bam,/gpfs/gibbs/pi/ycgh/wl474/YALE_VARIANT_CALLS_R2/samples/HG00232/alignments/GRCh38_no_alt/hifi_reads/HG00232.GRCh38_no_alt.sorted.bam.bai,/gpfs/gibbs/pi/ycgh/wl474/YALE_VARIANT_CALLS_R2/samples/HG00232/variant_calls/GRCh38_no_alt/svdss/HG00232.GRCh38_no_alt.svdss.vcf.gz
HG00235,female,/gpfs/gibbs/pi/ycgh/wl474/YALE_VARIANT_CALLS_R2/samples/HG00235/alignments/GRCh38_no_alt/hifi_reads/HG00235.GRCh38_no_alt.sorted.bam,/gpfs/gibbs/pi/ycgh/wl474/YALE_VARIANT_CALLS_R2/samples/HG00235/alignments/GRCh38_no_alt/hifi_reads/HG00235.GRCh38_no_alt.sorted.bam.bai,/gpfs/gibbs/pi/ycgh/wl474/YALE_VARIANT_CALLS_R2/samples/HG00235/variant_calls/GRCh38_no_alt/svdss/HG00235.GRCh38_no_alt.svdss.vcf.gz
HG00253,female,/gpfs/gibbs/pi/ycgh/wl474/YALE_VARIANT_CALLS_R2/samples/HG00253/alignments/GRCh38_no_alt/hifi_reads/HG00253.GRCh38_no_alt.sorted.bam,/gpfs/gibbs/pi/ycgh/wl474/YALE_VARIANT_CALLS_R2/samples/HG00253/alignments/GRCh38_no_alt/hifi_reads/HG00253.GRCh38_no_alt.sorted.bam.bai,/gpfs/gibbs/pi/ycgh/wl474/YALE_VARIANT_CALLS_R2/samples/HG00253/variant_calls/GRCh38_no_alt/svdss/HG00253.GRCh38_no_alt.svdss.vcf.gz
HG00272,female,/gpfs/gibbs/pi/ycgh/wl474/YALE_VARIANT_CALLS_R2/samples/HG00272/alignments/GRCh38_no_alt/hifi_reads/HG00272.GRCh38_no_alt.sorted.bam,/gpfs/gibbs/pi/ycgh/wl474/YALE_VARIANT_CALLS_R2/samples/HG00272/alignments/GRCh38_no_alt/hifi_reads/HG00272.GRCh38_no_alt.sorted.bam.bai,/gpfs/gibbs/pi/ycgh/wl474/YALE_VARIANT_CALLS_R2/samples/HG00272/variant_calls/GRCh38_no_alt/svdss/HG00272.GRCh38_no_alt.svdss.vcf.gz
HG00280,male,/gpfs/gibbs/pi/ycgh/wl474/YALE_VARIANT_CALLS_R2/samples/HG00280/alignments/GRCh38_no_alt/hifi_reads/HG00280.GRCh38_no_alt.sorted.bam,/gpfs/gibbs/pi/ycgh/wl474/YALE_VARIANT_CALLS_R2/samples/HG00280/alignments/GRCh38_no_alt/hifi_reads/HG00280.GRCh38_no_alt.sorted.bam.bai,/gpfs/gibbs/pi/ycgh/wl474/YALE_VARIANT_CALLS_R2/samples/HG00280/variant_calls/GRCh38_no_alt/svdss/HG00280.GRCh38_no_alt.svdss.vcf.gz
HG00290,male,/gpfs/gibbs/pi/ycgh/wl474/YALE_VARIANT_CALLS_R2/samples/HG00290/alignments/GRCh38_no_alt/hifi_reads/HG00290.GRCh38_no_alt.sorted.bam,/gpfs/gibbs/pi/ycgh/wl474/YALE_VARIANT_CALLS_R2/samples/HG00290/alignments/GRCh38_no_alt/hifi_reads/HG00290.GRCh38_no_alt.sorted.bam.bai,/gpfs/gibbs/pi/ycgh/wl474/YALE_VARIANT_CALLS_R2/samples/HG00290/variant_calls/GRCh38_no_alt/svdss/HG00290.GRCh38_no_alt.svdss.vcf.gz
HG00320,female,/gpfs/gibbs/pi/ycgh/wl474/YALE_VARIANT_CALLS_R2/samples/HG00320/alignments/GRCh38_no_alt/hifi_reads/HG00320.GRCh38_no_alt.sorted.bam,/gpfs/gibbs/pi/ycgh/wl474/YALE_VARIANT_CALLS_R2/samples/HG00320/alignments/GRCh38_no_alt/hifi_reads/HG00320.GRCh38_no_alt.sorted.bam.bai,/gpfs/gibbs/pi/ycgh/wl474/YALE_VARIANT_CALLS_R2/samples/HG00320/variant_calls/GRCh38_no_alt/svdss/HG00320.GRCh38_no_alt.svdss.vcf.gz
HG00321,male,/gpfs/gibbs/pi/ycgh/wl474/YALE_VARIANT_CALLS_R2/samples/HG00321/alignments/GRCh38_no_alt/hifi_reads/HG00321.GRCh38_no_alt.sorted.bam,/gpfs/gibbs/pi/ycgh/wl474/YALE_VARIANT_CALLS_R2/samples/HG00321/alignments/GRCh38_no_alt/hifi_reads/HG00321.GRCh38_no_alt.sorted.bam.bai,/gpfs/gibbs/pi/ycgh/wl474/YALE_VARIANT_CALLS_R2/samples/HG00321/variant_calls/GRCh38_no_alt/svdss/HG00321.GRCh38_no_alt.svdss.vcf.gz
HG00323,female,/gpfs/gibbs/pi/ycgh/wl474/YALE_VARIANT_CALLS_R2/samples/HG00323/alignments/GRCh38_no_alt/hifi_reads/HG00323.GRCh38_no_alt.sorted.bam,/gpfs/gibbs/pi/ycgh/wl474/YALE_VARIANT_CALLS_R2/samples/HG00323/alignments/GRCh38_no_alt/hifi_reads/HG00323.GRCh38_no_alt.sorted.bam.bai,/gpfs/gibbs/pi/ycgh/wl474/YALE_VARIANT_CALLS_R2/samples/HG00323/variant_calls/GRCh38_no_alt/svdss/HG00323.GRCh38_no_alt.svdss.vcf.gz
HG00329,male,/gpfs/gibbs/pi/ycgh/wl474/YALE_VARIANT_CALLS_R2/samples/HG00329/alignments/GRCh38_no_alt/hifi_reads/HG00329.GRCh38_no_alt.sorted.bam,/gpfs/gibbs/pi/ycgh/wl474/YALE_VARIANT_CALLS_R2/samples/HG00329/alignments/GRCh38_no_alt/hifi_reads/HG00329.GRCh38_no_alt.sorted.bam.bai,/gpfs/gibbs/pi/ycgh/wl474/YALE_VARIANT_CALLS_R2/samples/HG00329/variant_calls/GRCh38_no_alt/svdss/HG00329.GRCh38_no_alt.svdss.vcf.gz
HG00344,female,/gpfs/gibbs/pi/ycgh/wl474/YALE_VARIANT_CALLS_R2/samples/HG00344/alignments/GRCh38_no_alt/hifi_reads/HG00344.GRCh38_no_alt.sorted.bam,/gpfs/gibbs/pi/ycgh/wl474/YALE_VARIANT_CALLS_R2/samples/HG00344/alignments/GRCh38_no_alt/hifi_reads/HG00344.GRCh38_no_alt.sorted.bam.bai,/gpfs/gibbs/pi/ycgh/wl474/YALE_VARIANT_CALLS_R2/samples/HG00344/variant_calls/GRCh38_no_alt/svdss/HG00344.GRCh38_no_alt.svdss.vcf.gz
HG00350,female,/gpfs/gibbs/pi/ycgh/wl474/YALE_VARIANT_CALLS_R2/samples/HG00350/alignments/GRCh38_no_alt/hifi_reads/HG00350.GRCh38_no_alt.sorted.bam,/gpfs/gibbs/pi/ycgh/wl474/YALE_VARIANT_CALLS_R2/samples/HG00350/alignments/GRCh38_no_alt/hifi_reads/HG00350.GRCh38_no_alt.sorted.bam.bai,/gpfs/gibbs/pi/ycgh/wl474/YALE_VARIANT_CALLS_R2/samples/HG00350/variant_calls/GRCh38_no_alt/svdss/HG00350.GRCh38_no_alt.svdss.vcf.gz
HG00408,female,/gpfs/gibbs/pi/ycgh/wl474/YALE_VARIANT_CALLS_R2/samples/HG00408/alignments/GRCh38_no_alt/hifi_reads/HG00408.GRCh38_no_alt.sorted.bam,/gpfs/gibbs/pi/ycgh/wl474/YALE_VARIANT_CALLS_R2/samples/HG00408/alignments/GRCh38_no_alt/hifi_reads/HG00408.GRCh38_no_alt.sorted.bam.bai,/gpfs/gibbs/pi/ycgh/wl474/YALE_VARIANT_CALLS_R2/samples/HG00408/variant_calls/GRCh38_no_alt/svdss/HG00408.GRCh38_no_alt.svdss.vcf.gz
HG00423,female,/gpfs/gibbs/pi/ycgh/wl474/YALE_VARIANT_CALLS_R2/samples/HG00423/alignments/GRCh38_no_alt/hifi_reads/HG00423.GRCh38_no_alt.sorted.bam,/gpfs/gibbs/pi/ycgh/wl474/YALE_VARIANT_CALLS_R2/samples/HG00423/alignments/GRCh38_no_alt/hifi_reads/HG00423.GRCh38_no_alt.sorted.bam.bai,/gpfs/gibbs/pi/ycgh/wl474/YALE_VARIANT_CALLS_R2/samples/HG00423/variant_calls/GRCh38_no_alt/svdss/HG00423.GRCh38_no_alt.svdss.vcf.gz
HG00438,female,/gpfs/gibbs/pi/ycgh/wl474/YALE_VARIANT_CALLS_R2/samples/HG00438/alignments/GRCh38_no_alt/hifi_reads/HG00438.GRCh38_no_alt.sorted.bam,/gpfs/gibbs/pi/ycgh/wl474/YALE_VARIANT_CALLS_R2/samples/HG00438/alignments/GRCh38_no_alt/hifi_reads/HG00438.GRCh38_no_alt.sorted.bam.bai,/gpfs/gibbs/pi/ycgh/wl474/YALE_VARIANT_CALLS_R2/samples/HG00438/variant_calls/GRCh38_no_alt/svdss/HG00438.GRCh38_no_alt.svdss.vcf.gz
HG005,male,/gpfs/gibbs/pi/ycgh/wl474/YALE_VARIANT_CALLS_R2/samples/HG005/alignments/GRCh38_no_alt/hifi_reads/HG005.GRCh38_no_alt.sorted.bam,/gpfs/gibbs/pi/ycgh/wl474/YALE_VARIANT_CALLS_R2/samples/HG005/alignments/GRCh38_no_alt/hifi_reads/HG005.GRCh38_no_alt.sorted.bam.bai,/gpfs/gibbs/pi/ycgh/wl474/YALE_VARIANT_CALLS_R2/samples/HG005/variant_calls/GRCh38_no_alt/svdss/HG005.GRCh38_no_alt.svdss.vcf.gz
HG00544,female,/gpfs/gibbs/pi/ycgh/wl474/YALE_VARIANT_CALLS_R2/samples/HG00544/alignments/GRCh38_no_alt/hifi_reads/HG00544.GRCh38_no_alt.sorted.bam,/gpfs/gibbs/pi/ycgh/wl474/YALE_VARIANT_CALLS_R2/samples/HG00544/alignments/GRCh38_no_alt/hifi_reads/HG00544.GRCh38_no_alt.sorted.bam.bai,/gpfs/gibbs/pi/ycgh/wl474/YALE_VARIANT_CALLS_R2/samples/HG00544/variant_calls/GRCh38_no_alt/svdss/HG00544.GRCh38_no_alt.svdss.vcf.gz
HG00558,female,/gpfs/gibbs/pi/ycgh/wl474/YALE_VARIANT_CALLS_R2/samples/HG00558/alignments/GRCh38_no_alt/hifi_reads/HG00558.GRCh38_no_alt.sorted.bam,/gpfs/gibbs/pi/ycgh/wl474/YALE_VARIANT_CALLS_R2/samples/HG00558/alignments/GRCh38_no_alt/hifi_reads/HG00558.GRCh38_no_alt.sorted.bam.bai,/gpfs/gibbs/pi/ycgh/wl474/YALE_VARIANT_CALLS_R2/samples/HG00558/variant_calls/GRCh38_no_alt/svdss/HG00558.GRCh38_no_alt.svdss.vcf.gz
HG00597,female,/gpfs/gibbs/pi/ycgh/wl474/YALE_VARIANT_CALLS_R2/samples/HG00597/alignments/GRCh38_no_alt/hifi_reads/HG00597.GRCh38_no_alt.sorted.bam,/gpfs/gibbs/pi/ycgh/wl474/YALE_VARIANT_CALLS_R2/samples/HG00597/alignments/GRCh38_no_alt/hifi_reads/HG00597.GRCh38_no_alt.sorted.bam.bai,/gpfs/gibbs/pi/ycgh/wl474/YALE_VARIANT_CALLS_R2/samples/HG00597/variant_calls/GRCh38_no_alt/svdss/HG00597.GRCh38_no_alt.svdss.vcf.gz
HG00609,male,/gpfs/gibbs/pi/ycgh/wl474/YALE_VARIANT_CALLS_R2/samples/HG00609/alignments/GRCh38_no_alt/hifi_reads/HG00609.GRCh38_no_alt.sorted.bam,/gpfs/gibbs/pi/ycgh/wl474/YALE_VARIANT_CALLS_R2/samples/HG00609/alignments/GRCh38_no_alt/hifi_reads/HG00609.GRCh38_no_alt.sorted.bam.bai,/gpfs/gibbs/pi/ycgh/wl474/YALE_VARIANT_CALLS_R2/samples/HG00609/variant_calls/GRCh38_no_alt/svdss/HG00609.GRCh38_no_alt.svdss.vcf.gz
HG00621,male,/gpfs/gibbs/pi/ycgh/wl474/YALE_VARIANT_CALLS_R2/samples/HG00621/alignments/GRCh38_no_alt/hifi_reads/HG00621.GRCh38_no_alt.sorted.bam,/gpfs/gibbs/pi/ycgh/wl474/YALE_VARIANT_CALLS_R2/samples/HG00621/alignments/GRCh38_no_alt/hifi_reads/HG00621.GRCh38_no_alt.sorted.bam.bai,/gpfs/gibbs/pi/ycgh/wl474/YALE_VARIANT_CALLS_R2/samples/HG00621/variant_calls/GRCh38_no_alt/svdss/HG00621.GRCh38_no_alt.svdss.vcf.gz
HG00639,female,/gpfs/gibbs/pi/ycgh/wl474/YALE_VARIANT_CALLS_R2/samples/HG00639/alignments/GRCh38_no_alt/hifi_reads/HG00639.GRCh38_no_alt.sorted.bam,/gpfs/gibbs/pi/ycgh/wl474/YALE_VARIANT_CALLS_R2/samples/HG00639/alignments/GRCh38_no_alt/hifi_reads/HG00639.GRCh38_no_alt.sorted.bam.bai,/gpfs/gibbs/pi/ycgh/wl474/YALE_VARIANT_CALLS_R2/samples/HG00639/variant_calls/GRCh38_no_alt/svdss/HG00639.GRCh38_no_alt.svdss.vcf.gz
HG00642,male,/gpfs/gibbs/pi/ycgh/wl474/YALE_VARIANT_CALLS_R2/samples/HG00642/alignments/GRCh38_no_alt/hifi_reads/HG00642.GRCh38_no_alt.sorted.bam,/gpfs/gibbs/pi/ycgh/wl474/YALE_VARIANT_CALLS_R2/samples/HG00642/alignments/GRCh38_no_alt/hifi_reads/HG00642.GRCh38_no_alt.sorted.bam.bai,/gpfs/gibbs/pi/ycgh/wl474/YALE_VARIANT_CALLS_R2/samples/HG00642/variant_calls/GRCh38_no_alt/svdss/HG00642.GRCh38_no_alt.svdss.vcf.gz
HG00658,male,/gpfs/gibbs/pi/ycgh/wl474/YALE_VARIANT_CALLS_R2/samples/HG00658/alignments/GRCh38_no_alt/hifi_reads/HG00658.GRCh38_no_alt.sorted.bam,/gpfs/gibbs/pi/ycgh/wl474/YALE_VARIANT_CALLS_R2/samples/HG00658/alignments/GRCh38_no_alt/hifi_reads/HG00658.GRCh38_no_alt.sorted.bam.bai,/gpfs/gibbs/pi/ycgh/wl474/YALE_VARIANT_CALLS_R2/samples/HG00658/variant_calls/GRCh38_no_alt/svdss/HG00658.GRCh38_no_alt.svdss.vcf.gz
HG00673,male,/gpfs/gibbs/pi/ycgh/wl474/YALE_VARIANT_CALLS_R2/samples/HG00673/alignments/GRCh38_no_alt/hifi_reads/HG00673.GRCh38_no_alt.sorted.bam,/gpfs/gibbs/pi/ycgh/wl474/YALE_VARIANT_CALLS_R2/samples/HG00673/alignments/GRCh38_no_alt/hifi_reads/HG00673.GRCh38_no_alt.sorted.bam.bai,/gpfs/gibbs/pi/ycgh/wl474/YALE_VARIANT_CALLS_R2/samples/HG00673/variant_calls/GRCh38_no_alt/svdss/HG00673.GRCh38_no_alt.svdss.vcf.gz
HG00706,male,/gpfs/gibbs/pi/ycgh/wl474/YALE_VARIANT_CALLS_R2/samples/HG00706/alignments/GRCh38_no_alt/hifi_reads/HG00706.GRCh38_no_alt.sorted.bam,/gpfs/gibbs/pi/ycgh/wl474/YALE_VARIANT_CALLS_R2/samples/HG00706/alignments/GRCh38_no_alt/hifi_reads/HG00706.GRCh38_no_alt.sorted.bam.bai,/gpfs/gibbs/pi/ycgh/wl474/YALE_VARIANT_CALLS_R2/samples/HG00706/variant_calls/GRCh38_no_alt/svdss/HG00706.GRCh38_no_alt.svdss.vcf.gz
HG00733,female,/gpfs/gibbs/pi/ycgh/wl474/YALE_VARIANT_CALLS_R2/samples/HG00733/alignments/GRCh38_no_alt/hifi_reads/HG00733.GRCh38_no_alt.sorted.bam,/gpfs/gibbs/pi/ycgh/wl474/YALE_VARIANT_CALLS_R2/samples/HG00733/alignments/GRCh38_no_alt/hifi_reads/HG00733.GRCh38_no_alt.sorted.bam.bai,/gpfs/gibbs/pi/ycgh/wl474/YALE_VARIANT_CALLS_R2/samples/HG00733/variant_calls/GRCh38_no_alt/svdss/HG00733.GRCh38_no_alt.svdss.vcf.gz
HG00735,female,/gpfs/gibbs/pi/ycgh/wl474/YALE_VARIANT_CALLS_R2/samples/HG00735/alignments/GRCh38_no_alt/hifi_reads/HG00735.GRCh38_no_alt.sorted.bam,/gpfs/gibbs/pi/ycgh/wl474/YALE_VARIANT_CALLS_R2/samples/HG00735/alignments/GRCh38_no_alt/hifi_reads/HG00735.GRCh38_no_alt.sorted.bam.bai,/gpfs/gibbs/pi/ycgh/wl474/YALE_VARIANT_CALLS_R2/samples/HG00735/variant_calls/GRCh38_no_alt/svdss/HG00735.GRCh38_no_alt.svdss.vcf.gz
HG00738,male,/gpfs/gibbs/pi/ycgh/wl474/YALE_VARIANT_CALLS_R2/samples/HG00738/alignments/GRCh38_no_alt/hifi_reads/HG00738.GRCh38_no_alt.sorted.bam,/gpfs/gibbs/pi/ycgh/wl474/YALE_VARIANT_CALLS_R2/samples/HG00738/alignments/GRCh38_no_alt/hifi_reads/HG00738.GRCh38_no_alt.sorted.bam.bai,/gpfs/gibbs/pi/ycgh/wl474/YALE_VARIANT_CALLS_R2/samples/HG00738/variant_calls/GRCh38_no_alt/svdss/HG00738.GRCh38_no_alt.svdss.vcf.gz
HG00741,female,/gpfs/gibbs/pi/ycgh/wl474/YALE_VARIANT_CALLS_R2/samples/HG00741/alignments/GRCh38_no_alt/hifi_reads/HG00741.GRCh38_no_alt.sorted.bam,/gpfs/gibbs/pi/ycgh/wl474/YALE_VARIANT_CALLS_R2/samples/HG00741/alignments/GRCh38_no_alt/hifi_reads/HG00741.GRCh38_no_alt.sorted.bam.bai,/gpfs/gibbs/pi/ycgh/wl474/YALE_VARIANT_CALLS_R2/samples/HG00741/variant_calls/GRCh38_no_alt/svdss/HG00741.GRCh38_no_alt.svdss.vcf.gz
HG01071,female,/gpfs/gibbs/pi/ycgh/wl474/YALE_VARIANT_CALLS_R2/samples/HG01071/alignments/GRCh38_no_alt/hifi_reads/HG01071.GRCh38_no_alt.sorted.bam,/gpfs/gibbs/pi/ycgh/wl474/YALE_VARIANT_CALLS_R2/samples/HG01071/alignments/GRCh38_no_alt/hifi_reads/HG01071.GRCh38_no_alt.sorted.bam.bai,/gpfs/gibbs/pi/ycgh/wl474/YALE_VARIANT_CALLS_R2/samples/HG01071/variant_calls/GRCh38_no_alt/svdss/HG01071.GRCh38_no_alt.svdss.vcf.gz
HG01074,male,/gpfs/gibbs/pi/ycgh/wl474/YALE_VARIANT_CALLS_R2/samples/HG01074/alignments/GRCh38_no_alt/hifi_reads/HG01074.GRCh38_no_alt.sorted.bam,/gpfs/gibbs/pi/ycgh/wl474/YALE_VARIANT_CALLS_R2/samples/HG01074/alignments/GRCh38_no_alt/hifi_reads/HG01074.GRCh38_no_alt.sorted.bam.bai,/gpfs/gibbs/pi/ycgh/wl474/YALE_VARIANT_CALLS_R2/samples/HG01074/variant_calls/GRCh38_no_alt/svdss/HG01074.GRCh38_no_alt.svdss.vcf.gz
HG01081,female,/gpfs/gibbs/pi/ycgh/wl474/YALE_VARIANT_CALLS_R2/samples/HG01081/alignments/GRCh38_no_alt/hifi_reads/HG01081.GRCh38_no_alt.sorted.bam,/gpfs/gibbs/pi/ycgh/wl474/YALE_VARIANT_CALLS_R2/samples/HG01081/alignments/GRCh38_no_alt/hifi_reads/HG01081.GRCh38_no_alt.sorted.bam.bai,/gpfs/gibbs/pi/ycgh/wl474/YALE_VARIANT_CALLS_R2/samples/HG01081/variant_calls/GRCh38_no_alt/svdss/HG01081.GRCh38_no_alt.svdss.vcf.gz
HG01099,male,/gpfs/gibbs/pi/ycgh/wl474/YALE_VARIANT_CALLS_R2/samples/HG01099/alignments/GRCh38_no_alt/hifi_reads/HG01099.GRCh38_no_alt.sorted.bam,/gpfs/gibbs/pi/ycgh/wl474/YALE_VARIANT_CALLS_R2/samples/HG01099/alignments/GRCh38_no_alt/hifi_reads/HG01099.GRCh38_no_alt.sorted.bam.bai,/gpfs/gibbs/pi/ycgh/wl474/YALE_VARIANT_CALLS_R2/samples/HG01099/variant_calls/GRCh38_no_alt/svdss/HG01099.GRCh38_no_alt.svdss.vcf.gz
HG01106,male,/gpfs/gibbs/pi/ycgh/wl474/YALE_VARIANT_CALLS_R2/samples/HG01106/alignments/GRCh38_no_alt/hifi_reads/HG01106.GRCh38_no_alt.sorted.bam,/gpfs/gibbs/pi/ycgh/wl474/YALE_VARIANT_CALLS_R2/samples/HG01106/alignments/GRCh38_no_alt/hifi_reads/HG01106.GRCh38_no_alt.sorted.bam.bai,/gpfs/gibbs/pi/ycgh/wl474/YALE_VARIANT_CALLS_R2/samples/HG01106/variant_calls/GRCh38_no_alt/svdss/HG01106.GRCh38_no_alt.svdss.vcf.gz
HG01109,male,/gpfs/gibbs/pi/ycgh/wl474/YALE_VARIANT_CALLS_R2/samples/HG01109/alignments/GRCh38_no_alt/hifi_reads/HG01109.GRCh38_no_alt.sorted.bam,/gpfs/gibbs/pi/ycgh/wl474/YALE_VARIANT_CALLS_R2/samples/HG01109/alignments/GRCh38_no_alt/hifi_reads/HG01109.GRCh38_no_alt.sorted.bam.bai,/gpfs/gibbs/pi/ycgh/wl474/YALE_VARIANT_CALLS_R2/samples/HG01109/variant_calls/GRCh38_no_alt/svdss/HG01109.GRCh38_no_alt.svdss.vcf.gz
HG01123,female,/gpfs/gibbs/pi/ycgh/wl474/YALE_VARIANT_CALLS_R2/samples/HG01123/alignments/GRCh38_no_alt/hifi_reads/HG01123.GRCh38_no_alt.sorted.bam,/gpfs/gibbs/pi/ycgh/wl474/YALE_VARIANT_CALLS_R2/samples/HG01123/alignments/GRCh38_no_alt/hifi_reads/HG01123.GRCh38_no_alt.sorted.bam.bai,/gpfs/gibbs/pi/ycgh/wl474/YALE_VARIANT_CALLS_R2/samples/HG01123/variant_calls/GRCh38_no_alt/svdss/HG01123.GRCh38_no_alt.svdss.vcf.gz
HG01150,female,/gpfs/gibbs/pi/ycgh/wl474/YALE_VARIANT_CALLS_R2/samples/HG01150/alignments/GRCh38_no_alt/hifi_reads/HG01150.GRCh38_no_alt.sorted.bam,/gpfs/gibbs/pi/ycgh/wl474/YALE_VARIANT_CALLS_R2/samples/HG01150/alignments/GRCh38_no_alt/hifi_reads/HG01150.GRCh38_no_alt.sorted.bam.bai,/gpfs/gibbs/pi/ycgh/wl474/YALE_VARIANT_CALLS_R2/samples/HG01150/variant_calls/GRCh38_no_alt/svdss/HG01150.GRCh38_no_alt.svdss.vcf.gz
HG01167,male,/gpfs/gibbs/pi/ycgh/wl474/YALE_VARIANT_CALLS_R2/samples/HG01167/alignments/GRCh38_no_alt/hifi_reads/HG01167.GRCh38_no_alt.sorted.bam,/gpfs/gibbs/pi/ycgh/wl474/YALE_VARIANT_CALLS_R2/samples/HG01167/alignments/GRCh38_no_alt/hifi_reads/HG01167.GRCh38_no_alt.sorted.bam.bai,/gpfs/gibbs/pi/ycgh/wl474/YALE_VARIANT_CALLS_R2/samples/HG01167/variant_calls/GRCh38_no_alt/svdss/HG01167.GRCh38_no_alt.svdss.vcf.gz
HG01175,female,/gpfs/gibbs/pi/ycgh/wl474/YALE_VARIANT_CALLS_R2/samples/HG01175/alignments/GRCh38_no_alt/hifi_reads/HG01175.GRCh38_no_alt.sorted.bam,/gpfs/gibbs/pi/ycgh/wl474/YALE_VARIANT_CALLS_R2/samples/HG01175/alignments/GRCh38_no_alt/hifi_reads/HG01175.GRCh38_no_alt.sorted.bam.bai,/gpfs/gibbs/pi/ycgh/wl474/YALE_VARIANT_CALLS_R2/samples/HG01175/variant_calls/GRCh38_no_alt/svdss/HG01175.GRCh38_no_alt.svdss.vcf.gz
HG01192,male,/gpfs/gibbs/pi/ycgh/wl474/YALE_VARIANT_CALLS_R2/samples/HG01192/alignments/GRCh38_no_alt/hifi_reads/HG01192.GRCh38_no_alt.sorted.bam,/gpfs/gibbs/pi/ycgh/wl474/YALE_VARIANT_CALLS_R2/samples/HG01192/alignments/GRCh38_no_alt/hifi_reads/HG01192.GRCh38_no_alt.sorted.bam.bai,/gpfs/gibbs/pi/ycgh/wl474/YALE_VARIANT_CALLS_R2/samples/HG01192/variant_calls/GRCh38_no_alt/svdss/HG01192.GRCh38_no_alt.svdss.vcf.gz
HG01243,male,/gpfs/gibbs/pi/ycgh/wl474/YALE_VARIANT_CALLS_R2/samples/HG01243/alignments/GRCh38_no_alt/hifi_reads/HG01243.GRCh38_no_alt.sorted.bam,/gpfs/gibbs/pi/ycgh/wl474/YALE_VARIANT_CALLS_R2/samples/HG01243/alignments/GRCh38_no_alt/hifi_reads/HG01243.GRCh38_no_alt.sorted.bam.bai,/gpfs/gibbs/pi/ycgh/wl474/YALE_VARIANT_CALLS_R2/samples/HG01243/variant_calls/GRCh38_no_alt/svdss/HG01243.GRCh38_no_alt.svdss.vcf.gz
HG01252,male,/gpfs/gibbs/pi/ycgh/wl474/YALE_VARIANT_CALLS_R2/samples/HG01252/alignments/GRCh38_no_alt/hifi_reads/HG01252.GRCh38_no_alt.sorted.bam,/gpfs/gibbs/pi/ycgh/wl474/YALE_VARIANT_CALLS_R2/samples/HG01252/alignments/GRCh38_no_alt/hifi_reads/HG01252.GRCh38_no_alt.sorted.bam.bai,/gpfs/gibbs/pi/ycgh/wl474/YALE_VARIANT_CALLS_R2/samples/HG01252/variant_calls/GRCh38_no_alt/svdss/HG01252.GRCh38_no_alt.svdss.vcf.gz
HG01255,male,/gpfs/gibbs/pi/ycgh/wl474/YALE_VARIANT_CALLS_R2/samples/HG01255/alignments/GRCh38_no_alt/hifi_reads/HG01255.GRCh38_no_alt.sorted.bam,/gpfs/gibbs/pi/ycgh/wl474/YALE_VARIANT_CALLS_R2/samples/HG01255/alignments/GRCh38_no_alt/hifi_reads/HG01255.GRCh38_no_alt.sorted.bam.bai,/gpfs/gibbs/pi/ycgh/wl474/YALE_VARIANT_CALLS_R2/samples/HG01255/variant_calls/GRCh38_no_alt/svdss/HG01255.GRCh38_no_alt.svdss.vcf.gz
HG01258,male,/gpfs/gibbs/pi/ycgh/wl474/YALE_VARIANT_CALLS_R2/samples/HG01258/alignments/GRCh38_no_alt/hifi_reads/HG01258.GRCh38_no_alt.sorted.bam,/gpfs/gibbs/pi/ycgh/wl474/YALE_VARIANT_CALLS_R2/samples/HG01258/alignments/GRCh38_no_alt/hifi_reads/HG01258.GRCh38_no_alt.sorted.bam.bai,/gpfs/gibbs/pi/ycgh/wl474/YALE_VARIANT_CALLS_R2/samples/HG01258/variant_calls/GRCh38_no_alt/svdss/HG01258.GRCh38_no_alt.svdss.vcf.gz
HG01261,male,/gpfs/gibbs/pi/ycgh/wl474/YALE_VARIANT_CALLS_R2/samples/HG01261/alignments/GRCh38_no_alt/hifi_reads/HG01261.GRCh38_no_alt.sorted.bam,/gpfs/gibbs/pi/ycgh/wl474/YALE_VARIANT_CALLS_R2/samples/HG01261/alignments/GRCh38_no_alt/hifi_reads/HG01261.GRCh38_no_alt.sorted.bam.bai,/gpfs/gibbs/pi/ycgh/wl474/YALE_VARIANT_CALLS_R2/samples/HG01261/variant_calls/GRCh38_no_alt/svdss/HG01261.GRCh38_no_alt.svdss.vcf.gz
HG01346,female,/gpfs/gibbs/pi/ycgh/wl474/YALE_VARIANT_CALLS_R2/samples/HG01346/alignments/GRCh38_no_alt/hifi_reads/HG01346.GRCh38_no_alt.sorted.bam,/gpfs/gibbs/pi/ycgh/wl474/YALE_VARIANT_CALLS_R2/samples/HG01346/alignments/GRCh38_no_alt/hifi_reads/HG01346.GRCh38_no_alt.sorted.bam.bai,/gpfs/gibbs/pi/ycgh/wl474/YALE_VARIANT_CALLS_R2/samples/HG01346/variant_calls/GRCh38_no_alt/svdss/HG01346.GRCh38_no_alt.svdss.vcf.gz
HG01358,male,/gpfs/gibbs/pi/ycgh/wl474/YALE_VARIANT_CALLS_R2/samples/HG01358/alignments/GRCh38_no_alt/hifi_reads/HG01358.GRCh38_no_alt.sorted.bam,/gpfs/gibbs/pi/ycgh/wl474/YALE_VARIANT_CALLS_R2/samples/HG01358/alignments/GRCh38_no_alt/hifi_reads/HG01358.GRCh38_no_alt.sorted.bam.bai,/gpfs/gibbs/pi/ycgh/wl474/YALE_VARIANT_CALLS_R2/samples/HG01358/variant_calls/GRCh38_no_alt/svdss/HG01358.GRCh38_no_alt.svdss.vcf.gz
HG01361,female,/gpfs/gibbs/pi/ycgh/wl474/YALE_VARIANT_CALLS_R2/samples/HG01361/alignments/GRCh38_no_alt/hifi_reads/HG01361.GRCh38_no_alt.sorted.bam,/gpfs/gibbs/pi/ycgh/wl474/YALE_VARIANT_CALLS_R2/samples/HG01361/alignments/GRCh38_no_alt/hifi_reads/HG01361.GRCh38_no_alt.sorted.bam.bai,/gpfs/gibbs/pi/ycgh/wl474/YALE_VARIANT_CALLS_R2/samples/HG01361/variant_calls/GRCh38_no_alt/svdss/HG01361.GRCh38_no_alt.svdss.vcf.gz
HG01433,male,/gpfs/gibbs/pi/ycgh/wl474/YALE_VARIANT_CALLS_R2/samples/HG01433/alignments/GRCh38_no_alt/hifi_reads/HG01433.GRCh38_no_alt.sorted.bam,/gpfs/gibbs/pi/ycgh/wl474/YALE_VARIANT_CALLS_R2/samples/HG01433/alignments/GRCh38_no_alt/hifi_reads/HG01433.GRCh38_no_alt.sorted.bam.bai,/gpfs/gibbs/pi/ycgh/wl474/YALE_VARIANT_CALLS_R2/samples/HG01433/variant_calls/GRCh38_no_alt/svdss/HG01433.GRCh38_no_alt.svdss.vcf.gz
HG01496,female,/gpfs/gibbs/pi/ycgh/wl474/YALE_VARIANT_CALLS_R2/samples/HG01496/alignments/GRCh38_no_alt/hifi_reads/HG01496.GRCh38_no_alt.sorted.bam,/gpfs/gibbs/pi/ycgh/wl474/YALE_VARIANT_CALLS_R2/samples/HG01496/alignments/GRCh38_no_alt/hifi_reads/HG01496.GRCh38_no_alt.sorted.bam.bai,/gpfs/gibbs/pi/ycgh/wl474/YALE_VARIANT_CALLS_R2/samples/HG01496/variant_calls/GRCh38_no_alt/svdss/HG01496.GRCh38_no_alt.svdss.vcf.gz
HG01530,male,/gpfs/gibbs/pi/ycgh/wl474/YALE_VARIANT_CALLS_R2/samples/HG01530/alignments/GRCh38_no_alt/hifi_reads/HG01530.GRCh38_no_alt.sorted.bam,/gpfs/gibbs/pi/ycgh/wl474/YALE_VARIANT_CALLS_R2/samples/HG01530/alignments/GRCh38_no_alt/hifi_reads/HG01530.GRCh38_no_alt.sorted.bam.bai,/gpfs/gibbs/pi/ycgh/wl474/YALE_VARIANT_CALLS_R2/samples/HG01530/variant_calls/GRCh38_no_alt/svdss/HG01530.GRCh38_no_alt.svdss.vcf.gz
HG01784,female,/gpfs/gibbs/pi/ycgh/wl474/YALE_VARIANT_CALLS_R2/samples/HG01784/alignments/GRCh38_no_alt/hifi_reads/HG01784.GRCh38_no_alt.sorted.bam,/gpfs/gibbs/pi/ycgh/wl474/YALE_VARIANT_CALLS_R2/samples/HG01784/alignments/GRCh38_no_alt/hifi_reads/HG01784.GRCh38_no_alt.sorted.bam.bai,/gpfs/gibbs/pi/ycgh/wl474/YALE_VARIANT_CALLS_R2/samples/HG01784/variant_calls/GRCh38_no_alt/svdss/HG01784.GRCh38_no_alt.svdss.vcf.gz
HG01786,female,/gpfs/gibbs/pi/ycgh/wl474/YALE_VARIANT_CALLS_R2/samples/HG01786/alignments/GRCh38_no_alt/hifi_reads/HG01786.GRCh38_no_alt.sorted.bam,/gpfs/gibbs/pi/ycgh/wl474/YALE_VARIANT_CALLS_R2/samples/HG01786/alignments/GRCh38_no_alt/hifi_reads/HG01786.GRCh38_no_alt.sorted.bam.bai,/gpfs/gibbs/pi/ycgh/wl474/YALE_VARIANT_CALLS_R2/samples/HG01786/variant_calls/GRCh38_no_alt/svdss/HG01786.GRCh38_no_alt.svdss.vcf.gz
HG01884,female,/gpfs/gibbs/pi/ycgh/wl474/YALE_VARIANT_CALLS_R2/samples/HG01884/alignments/GRCh38_no_alt/hifi_reads/HG01884.GRCh38_no_alt.sorted.bam,/gpfs/gibbs/pi/ycgh/wl474/YALE_VARIANT_CALLS_R2/samples/HG01884/alignments/GRCh38_no_alt/hifi_reads/HG01884.GRCh38_no_alt.sorted.bam.bai,/gpfs/gibbs/pi/ycgh/wl474/YALE_VARIANT_CALLS_R2/samples/HG01884/variant_calls/GRCh38_no_alt/svdss/HG01884.GRCh38_no_alt.svdss.vcf.gz
HG01891,female,/gpfs/gibbs/pi/ycgh/wl474/YALE_VARIANT_CALLS_R2/samples/HG01891/alignments/GRCh38_no_alt/hifi_reads/HG01891.GRCh38_no_alt.sorted.bam,/gpfs/gibbs/pi/ycgh/wl474/YALE_VARIANT_CALLS_R2/samples/HG01891/alignments/GRCh38_no_alt/hifi_reads/HG01891.GRCh38_no_alt.sorted.bam.bai,/gpfs/gibbs/pi/ycgh/wl474/YALE_VARIANT_CALLS_R2/samples/HG01891/variant_calls/GRCh38_no_alt/svdss/HG01891.GRCh38_no_alt.svdss.vcf.gz
HG01928,male,/gpfs/gibbs/pi/ycgh/wl474/YALE_VARIANT_CALLS_R2/samples/HG01928/alignments/GRCh38_no_alt/hifi_reads/HG01928.GRCh38_no_alt.sorted.bam,/gpfs/gibbs/pi/ycgh/wl474/YALE_VARIANT_CALLS_R2/samples/HG01928/alignments/GRCh38_no_alt/hifi_reads/HG01928.GRCh38_no_alt.sorted.bam.bai,/gpfs/gibbs/pi/ycgh/wl474/YALE_VARIANT_CALLS_R2/samples/HG01928/variant_calls/GRCh38_no_alt/svdss/HG01928.GRCh38_no_alt.svdss.vcf.gz
HG01934,male,/gpfs/gibbs/pi/ycgh/wl474/YALE_VARIANT_CALLS_R2/samples/HG01934/alignments/GRCh38_no_alt/hifi_reads/HG01934.GRCh38_no_alt.sorted.bam,/gpfs/gibbs/pi/ycgh/wl474/YALE_VARIANT_CALLS_R2/samples/HG01934/alignments/GRCh38_no_alt/hifi_reads/HG01934.GRCh38_no_alt.sorted.bam.bai,/gpfs/gibbs/pi/ycgh/wl474/YALE_VARIANT_CALLS_R2/samples/HG01934/variant_calls/GRCh38_no_alt/svdss/HG01934.GRCh38_no_alt.svdss.vcf.gz
HG01940,female,/gpfs/gibbs/pi/ycgh/wl474/YALE_VARIANT_CALLS_R2/samples/HG01940/alignments/GRCh38_no_alt/hifi_reads/HG01940.GRCh38_no_alt.sorted.bam,/gpfs/gibbs/pi/ycgh/wl474/YALE_VARIANT_CALLS_R2/samples/HG01940/alignments/GRCh38_no_alt/hifi_reads/HG01940.GRCh38_no_alt.sorted.bam.bai,/gpfs/gibbs/pi/ycgh/wl474/YALE_VARIANT_CALLS_R2/samples/HG01940/variant_calls/GRCh38_no_alt/svdss/HG01940.GRCh38_no_alt.svdss.vcf.gz
HG01943,male,/gpfs/gibbs/pi/ycgh/wl474/YALE_VARIANT_CALLS_R2/samples/HG01943/alignments/GRCh38_no_alt/hifi_reads/HG01943.GRCh38_no_alt.sorted.bam,/gpfs/gibbs/pi/ycgh/wl474/YALE_VARIANT_CALLS_R2/samples/HG01943/alignments/GRCh38_no_alt/hifi_reads/HG01943.GRCh38_no_alt.sorted.bam.bai,/gpfs/gibbs/pi/ycgh/wl474/YALE_VARIANT_CALLS_R2/samples/HG01943/variant_calls/GRCh38_no_alt/svdss/HG01943.GRCh38_no_alt.svdss.vcf.gz
HG01952,male,/gpfs/gibbs/pi/ycgh/wl474/YALE_VARIANT_CALLS_R2/samples/HG01952/alignments/GRCh38_no_alt/hifi_reads/HG01952.GRCh38_no_alt.sorted.bam,/gpfs/gibbs/pi/ycgh/wl474/YALE_VARIANT_CALLS_R2/samples/HG01952/alignments/GRCh38_no_alt/hifi_reads/HG01952.GRCh38_no_alt.sorted.bam.bai,/gpfs/gibbs/pi/ycgh/wl474/YALE_VARIANT_CALLS_R2/samples/HG01952/variant_calls/GRCh38_no_alt/svdss/HG01952.GRCh38_no_alt.svdss.vcf.gz
HG01960,female,/gpfs/gibbs/pi/ycgh/wl474/YALE_VARIANT_CALLS_R2/samples/HG01960/alignments/GRCh38_no_alt/hifi_reads/HG01960.GRCh38_no_alt.sorted.bam,/gpfs/gibbs/pi/ycgh/wl474/YALE_VARIANT_CALLS_R2/samples/HG01960/alignments/GRCh38_no_alt/hifi_reads/HG01960.GRCh38_no_alt.sorted.bam.bai,/gpfs/gibbs/pi/ycgh/wl474/YALE_VARIANT_CALLS_R2/samples/HG01960/variant_calls/GRCh38_no_alt/svdss/HG01960.GRCh38_no_alt.svdss.vcf.gz
HG01969,female,/gpfs/gibbs/pi/ycgh/wl474/YALE_VARIANT_CALLS_R2/samples/HG01969/alignments/GRCh38_no_alt/hifi_reads/HG01969.GRCh38_no_alt.sorted.bam,/gpfs/gibbs/pi/ycgh/wl474/YALE_VARIANT_CALLS_R2/samples/HG01969/alignments/GRCh38_no_alt/hifi_reads/HG01969.GRCh38_no_alt.sorted.bam.bai,/gpfs/gibbs/pi/ycgh/wl474/YALE_VARIANT_CALLS_R2/samples/HG01969/variant_calls/GRCh38_no_alt/svdss/HG01969.GRCh38_no_alt.svdss.vcf.gz
HG01975,female,/gpfs/gibbs/pi/ycgh/wl474/YALE_VARIANT_CALLS_R2/samples/HG01975/alignments/GRCh38_no_alt/hifi_reads/HG01975.GRCh38_no_alt.sorted.bam,/gpfs/gibbs/pi/ycgh/wl474/YALE_VARIANT_CALLS_R2/samples/HG01975/alignments/GRCh38_no_alt/hifi_reads/HG01975.GRCh38_no_alt.sorted.bam.bai,/gpfs/gibbs/pi/ycgh/wl474/YALE_VARIANT_CALLS_R2/samples/HG01975/variant_calls/GRCh38_no_alt/svdss/HG01975.GRCh38_no_alt.svdss.vcf.gz
HG01978,female,/gpfs/gibbs/pi/ycgh/wl474/YALE_VARIANT_CALLS_R2/samples/HG01978/alignments/GRCh38_no_alt/hifi_reads/HG01978.GRCh38_no_alt.sorted.bam,/gpfs/gibbs/pi/ycgh/wl474/YALE_VARIANT_CALLS_R2/samples/HG01978/alignments/GRCh38_no_alt/hifi_reads/HG01978.GRCh38_no_alt.sorted.bam.bai,/gpfs/gibbs/pi/ycgh/wl474/YALE_VARIANT_CALLS_R2/samples/HG01978/variant_calls/GRCh38_no_alt/svdss/HG01978.GRCh38_no_alt.svdss.vcf.gz
HG01981,female,/gpfs/gibbs/pi/ycgh/wl474/YALE_VARIANT_CALLS_R2/samples/HG01981/alignments/GRCh38_no_alt/hifi_reads/HG01981.GRCh38_no_alt.sorted.bam,/gpfs/gibbs/pi/ycgh/wl474/YALE_VARIANT_CALLS_R2/samples/HG01981/alignments/GRCh38_no_alt/hifi_reads/HG01981.GRCh38_no_alt.sorted.bam.bai,/gpfs/gibbs/pi/ycgh/wl474/YALE_VARIANT_CALLS_R2/samples/HG01981/variant_calls/GRCh38_no_alt/svdss/HG01981.GRCh38_no_alt.svdss.vcf.gz
HG01993,female,/gpfs/gibbs/pi/ycgh/wl474/YALE_VARIANT_CALLS_R2/samples/HG01993/alignments/GRCh38_no_alt/hifi_reads/HG01993.GRCh38_no_alt.sorted.bam,/gpfs/gibbs/pi/ycgh/wl474/YALE_VARIANT_CALLS_R2/samples/HG01993/alignments/GRCh38_no_alt/hifi_reads/HG01993.GRCh38_no_alt.sorted.bam.bai,/gpfs/gibbs/pi/ycgh/wl474/YALE_VARIANT_CALLS_R2/samples/HG01993/variant_calls/GRCh38_no_alt/svdss/HG01993.GRCh38_no_alt.svdss.vcf.gz
HG02004,female,/gpfs/gibbs/pi/ycgh/wl474/YALE_VARIANT_CALLS_R2/samples/HG02004/alignments/GRCh38_no_alt/hifi_reads/HG02004.GRCh38_no_alt.sorted.bam,/gpfs/gibbs/pi/ycgh/wl474/YALE_VARIANT_CALLS_R2/samples/HG02004/alignments/GRCh38_no_alt/hifi_reads/HG02004.GRCh38_no_alt.sorted.bam.bai,/gpfs/gibbs/pi/ycgh/wl474/YALE_VARIANT_CALLS_R2/samples/HG02004/variant_calls/GRCh38_no_alt/svdss/HG02004.GRCh38_no_alt.svdss.vcf.gz
HG02015,male,/gpfs/gibbs/pi/ycgh/wl474/YALE_VARIANT_CALLS_R2/samples/HG02015/alignments/GRCh38_no_alt/hifi_reads/HG02015.GRCh38_no_alt.sorted.bam,/gpfs/gibbs/pi/ycgh/wl474/YALE_VARIANT_CALLS_R2/samples/HG02015/alignments/GRCh38_no_alt/hifi_reads/HG02015.GRCh38_no_alt.sorted.bam.bai,/gpfs/gibbs/pi/ycgh/wl474/YALE_VARIANT_CALLS_R2/samples/HG02015/variant_calls/GRCh38_no_alt/svdss/HG02015.GRCh38_no_alt.svdss.vcf.gz
HG02027,male,/gpfs/gibbs/pi/ycgh/wl474/YALE_VARIANT_CALLS_R2/samples/HG02027/alignments/GRCh38_no_alt/hifi_reads/HG02027.GRCh38_no_alt.sorted.bam,/gpfs/gibbs/pi/ycgh/wl474/YALE_VARIANT_CALLS_R2/samples/HG02027/alignments/GRCh38_no_alt/hifi_reads/HG02027.GRCh38_no_alt.sorted.bam.bai,/gpfs/gibbs/pi/ycgh/wl474/YALE_VARIANT_CALLS_R2/samples/HG02027/variant_calls/GRCh38_no_alt/svdss/HG02027.GRCh38_no_alt.svdss.vcf.gz
HG02040,male,/gpfs/gibbs/pi/ycgh/wl474/YALE_VARIANT_CALLS_R2/samples/HG02040/alignments/GRCh38_no_alt/hifi_reads/HG02040.GRCh38_no_alt.sorted.bam,/gpfs/gibbs/pi/ycgh/wl474/YALE_VARIANT_CALLS_R2/samples/HG02040/alignments/GRCh38_no_alt/hifi_reads/HG02040.GRCh38_no_alt.sorted.bam.bai,/gpfs/gibbs/pi/ycgh/wl474/YALE_VARIANT_CALLS_R2/samples/HG02040/variant_calls/GRCh38_no_alt/svdss/HG02040.GRCh38_no_alt.svdss.vcf.gz
HG02055,male,/gpfs/gibbs/pi/ycgh/wl474/YALE_VARIANT_CALLS_R2/samples/HG02055/alignments/GRCh38_no_alt/hifi_reads/HG02055.GRCh38_no_alt.sorted.bam,/gpfs/gibbs/pi/ycgh/wl474/YALE_VARIANT_CALLS_R2/samples/HG02055/alignments/GRCh38_no_alt/hifi_reads/HG02055.GRCh38_no_alt.sorted.bam.bai,/gpfs/gibbs/pi/ycgh/wl474/YALE_VARIANT_CALLS_R2/samples/HG02055/variant_calls/GRCh38_no_alt/svdss/HG02055.GRCh38_no_alt.svdss.vcf.gz
HG02056,male,/gpfs/gibbs/pi/ycgh/wl474/YALE_VARIANT_CALLS_R2/samples/HG02056/alignments/GRCh38_no_alt/hifi_reads/HG02056.GRCh38_no_alt.sorted.bam,/gpfs/gibbs/pi/ycgh/wl474/YALE_VARIANT_CALLS_R2/samples/HG02056/alignments/GRCh38_no_alt/hifi_reads/HG02056.GRCh38_no_alt.sorted.bam.bai,/gpfs/gibbs/pi/ycgh/wl474/YALE_VARIANT_CALLS_R2/samples/HG02056/variant_calls/GRCh38_no_alt/svdss/HG02056.GRCh38_no_alt.svdss.vcf.gz
HG02071,male,/gpfs/gibbs/pi/ycgh/wl474/YALE_VARIANT_CALLS_R2/samples/HG02071/alignments/GRCh38_no_alt/hifi_reads/HG02071.GRCh38_no_alt.sorted.bam,/gpfs/gibbs/pi/ycgh/wl474/YALE_VARIANT_CALLS_R2/samples/HG02071/alignments/GRCh38_no_alt/hifi_reads/HG02071.GRCh38_no_alt.sorted.bam.bai,/gpfs/gibbs/pi/ycgh/wl474/YALE_VARIANT_CALLS_R2/samples/HG02071/variant_calls/GRCh38_no_alt/svdss/HG02071.GRCh38_no_alt.svdss.vcf.gz
HG02074,male,/gpfs/gibbs/pi/ycgh/wl474/YALE_VARIANT_CALLS_R2/samples/HG02074/alignments/GRCh38_no_alt/hifi_reads/HG02074.GRCh38_no_alt.sorted.bam,/gpfs/gibbs/pi/ycgh/wl474/YALE_VARIANT_CALLS_R2/samples/HG02074/alignments/GRCh38_no_alt/hifi_reads/HG02074.GRCh38_no_alt.sorted.bam.bai,/gpfs/gibbs/pi/ycgh/wl474/YALE_VARIANT_CALLS_R2/samples/HG02074/variant_calls/GRCh38_no_alt/svdss/HG02074.GRCh38_no_alt.svdss.vcf.gz
HG02080,female,/gpfs/gibbs/pi/ycgh/wl474/YALE_VARIANT_CALLS_R2/samples/HG02080/alignments/GRCh38_no_alt/hifi_reads/HG02080.GRCh38_no_alt.sorted.bam,/gpfs/gibbs/pi/ycgh/wl474/YALE_VARIANT_CALLS_R2/samples/HG02080/alignments/GRCh38_no_alt/hifi_reads/HG02080.GRCh38_no_alt.sorted.bam.bai,/gpfs/gibbs/pi/ycgh/wl474/YALE_VARIANT_CALLS_R2/samples/HG02080/variant_calls/GRCh38_no_alt/svdss/HG02080.GRCh38_no_alt.svdss.vcf.gz
HG02083,male,/gpfs/gibbs/pi/ycgh/wl474/YALE_VARIANT_CALLS_R2/samples/HG02083/alignments/GRCh38_no_alt/hifi_reads/HG02083.GRCh38_no_alt.sorted.bam,/gpfs/gibbs/pi/ycgh/wl474/YALE_VARIANT_CALLS_R2/samples/HG02083/alignments/GRCh38_no_alt/hifi_reads/HG02083.GRCh38_no_alt.sorted.bam.bai,/gpfs/gibbs/pi/ycgh/wl474/YALE_VARIANT_CALLS_R2/samples/HG02083/variant_calls/GRCh38_no_alt/svdss/HG02083.GRCh38_no_alt.svdss.vcf.gz
HG02109,female,/gpfs/gibbs/pi/ycgh/wl474/YALE_VARIANT_CALLS_R2/samples/HG02109/alignments/GRCh38_no_alt/hifi_reads/HG02109.GRCh38_no_alt.sorted.bam,/gpfs/gibbs/pi/ycgh/wl474/YALE_VARIANT_CALLS_R2/samples/HG02109/alignments/GRCh38_no_alt/hifi_reads/HG02109.GRCh38_no_alt.sorted.bam.bai,/gpfs/gibbs/pi/ycgh/wl474/YALE_VARIANT_CALLS_R2/samples/HG02109/variant_calls/GRCh38_no_alt/svdss/HG02109.GRCh38_no_alt.svdss.vcf.gz
HG02129,male,/gpfs/gibbs/pi/ycgh/wl474/YALE_VARIANT_CALLS_R2/samples/HG02129/alignments/GRCh38_no_alt/hifi_reads/HG02129.GRCh38_no_alt.sorted.bam,/gpfs/gibbs/pi/ycgh/wl474/YALE_VARIANT_CALLS_R2/samples/HG02129/alignments/GRCh38_no_alt/hifi_reads/HG02129.GRCh38_no_alt.sorted.bam.bai,/gpfs/gibbs/pi/ycgh/wl474/YALE_VARIANT_CALLS_R2/samples/HG02129/variant_calls/GRCh38_no_alt/svdss/HG02129.GRCh38_no_alt.svdss.vcf.gz
HG02132,male,/gpfs/gibbs/pi/ycgh/wl474/YALE_VARIANT_CALLS_R2/samples/HG02132/alignments/GRCh38_no_alt/hifi_reads/HG02132.GRCh38_no_alt.sorted.bam,/gpfs/gibbs/pi/ycgh/wl474/YALE_VARIANT_CALLS_R2/samples/HG02132/alignments/GRCh38_no_alt/hifi_reads/HG02132.GRCh38_no_alt.sorted.bam.bai,/gpfs/gibbs/pi/ycgh/wl474/YALE_VARIANT_CALLS_R2/samples/HG02132/variant_calls/GRCh38_no_alt/svdss/HG02132.GRCh38_no_alt.svdss.vcf.gz
HG02135,male,/gpfs/gibbs/pi/ycgh/wl474/YALE_VARIANT_CALLS_R2/samples/HG02135/alignments/GRCh38_no_alt/hifi_reads/HG02135.GRCh38_no_alt.sorted.bam,/gpfs/gibbs/pi/ycgh/wl474/YALE_VARIANT_CALLS_R2/samples/HG02135/alignments/GRCh38_no_alt/hifi_reads/HG02135.GRCh38_no_alt.sorted.bam.bai,/gpfs/gibbs/pi/ycgh/wl474/YALE_VARIANT_CALLS_R2/samples/HG02135/variant_calls/GRCh38_no_alt/svdss/HG02135.GRCh38_no_alt.svdss.vcf.gz
HG02145,male,/gpfs/gibbs/pi/ycgh/wl474/YALE_VARIANT_CALLS_R2/samples/HG02145/alignments/GRCh38_no_alt/hifi_reads/HG02145.GRCh38_no_alt.sorted.bam,/gpfs/gibbs/pi/ycgh/wl474/YALE_VARIANT_CALLS_R2/samples/HG02145/alignments/GRCh38_no_alt/hifi_reads/HG02145.GRCh38_no_alt.sorted.bam.bai,/gpfs/gibbs/pi/ycgh/wl474/YALE_VARIANT_CALLS_R2/samples/HG02145/variant_calls/GRCh38_no_alt/svdss/HG02145.GRCh38_no_alt.svdss.vcf.gz
HG02148,female,/gpfs/gibbs/pi/ycgh/wl474/YALE_VARIANT_CALLS_R2/samples/HG02148/alignments/GRCh38_no_alt/hifi_reads/HG02148.GRCh38_no_alt.sorted.bam,/gpfs/gibbs/pi/ycgh/wl474/YALE_VARIANT_CALLS_R2/samples/HG02148/alignments/GRCh38_no_alt/hifi_reads/HG02148.GRCh38_no_alt.sorted.bam.bai,/gpfs/gibbs/pi/ycgh/wl474/YALE_VARIANT_CALLS_R2/samples/HG02148/variant_calls/GRCh38_no_alt/svdss/HG02148.GRCh38_no_alt.svdss.vcf.gz
HG02155,female,/gpfs/gibbs/pi/ycgh/wl474/YALE_VARIANT_CALLS_R2/samples/HG02155/alignments/GRCh38_no_alt/hifi_reads/HG02155.GRCh38_no_alt.sorted.bam,/gpfs/gibbs/pi/ycgh/wl474/YALE_VARIANT_CALLS_R2/samples/HG02155/alignments/GRCh38_no_alt/hifi_reads/HG02155.GRCh38_no_alt.sorted.bam.bai,/gpfs/gibbs/pi/ycgh/wl474/YALE_VARIANT_CALLS_R2/samples/HG02155/variant_calls/GRCh38_no_alt/svdss/HG02155.GRCh38_no_alt.svdss.vcf.gz
HG02165,female,/gpfs/gibbs/pi/ycgh/wl474/YALE_VARIANT_CALLS_R2/samples/HG02165/alignments/GRCh38_no_alt/hifi_reads/HG02165.GRCh38_no_alt.sorted.bam,/gpfs/gibbs/pi/ycgh/wl474/YALE_VARIANT_CALLS_R2/samples/HG02165/alignments/GRCh38_no_alt/hifi_reads/HG02165.GRCh38_no_alt.sorted.bam.bai,/gpfs/gibbs/pi/ycgh/wl474/YALE_VARIANT_CALLS_R2/samples/HG02165/variant_calls/GRCh38_no_alt/svdss/HG02165.GRCh38_no_alt.svdss.vcf.gz
HG02178,female,/gpfs/gibbs/pi/ycgh/wl474/YALE_VARIANT_CALLS_R2/samples/HG02178/alignments/GRCh38_no_alt/hifi_reads/HG02178.GRCh38_no_alt.sorted.bam,/gpfs/gibbs/pi/ycgh/wl474/YALE_VARIANT_CALLS_R2/samples/HG02178/alignments/GRCh38_no_alt/hifi_reads/HG02178.GRCh38_no_alt.sorted.bam.bai,/gpfs/gibbs/pi/ycgh/wl474/YALE_VARIANT_CALLS_R2/samples/HG02178/variant_calls/GRCh38_no_alt/svdss/HG02178.GRCh38_no_alt.svdss.vcf.gz
HG02257,female,/gpfs/gibbs/pi/ycgh/wl474/YALE_VARIANT_CALLS_R2/samples/HG02257/alignments/GRCh38_no_alt/hifi_reads/HG02257.GRCh38_no_alt.sorted.bam,/gpfs/gibbs/pi/ycgh/wl474/YALE_VARIANT_CALLS_R2/samples/HG02257/alignments/GRCh38_no_alt/hifi_reads/HG02257.GRCh38_no_alt.sorted.bam.bai,/gpfs/gibbs/pi/ycgh/wl474/YALE_VARIANT_CALLS_R2/samples/HG02257/variant_calls/GRCh38_no_alt/svdss/HG02257.GRCh38_no_alt.svdss.vcf.gz
HG02258,male,/gpfs/gibbs/pi/ycgh/wl474/YALE_VARIANT_CALLS_R2/samples/HG02258/alignments/GRCh38_no_alt/hifi_reads/HG02258.GRCh38_no_alt.sorted.bam,/gpfs/gibbs/pi/ycgh/wl474/YALE_VARIANT_CALLS_R2/samples/HG02258/alignments/GRCh38_no_alt/hifi_reads/HG02258.GRCh38_no_alt.sorted.bam.bai,/gpfs/gibbs/pi/ycgh/wl474/YALE_VARIANT_CALLS_R2/samples/HG02258/variant_calls/GRCh38_no_alt/svdss/HG02258.GRCh38_no_alt.svdss.vcf.gz
HG02273,female,/gpfs/gibbs/pi/ycgh/wl474/YALE_VARIANT_CALLS_R2/samples/HG02273/alignments/GRCh38_no_alt/hifi_reads/HG02273.GRCh38_no_alt.sorted.bam,/gpfs/gibbs/pi/ycgh/wl474/YALE_VARIANT_CALLS_R2/samples/HG02273/alignments/GRCh38_no_alt/hifi_reads/HG02273.GRCh38_no_alt.sorted.bam.bai,/gpfs/gibbs/pi/ycgh/wl474/YALE_VARIANT_CALLS_R2/samples/HG02273/variant_calls/GRCh38_no_alt/svdss/HG02273.GRCh38_no_alt.svdss.vcf.gz
HG02280,female,/gpfs/gibbs/pi/ycgh/wl474/YALE_VARIANT_CALLS_R2/samples/HG02280/alignments/GRCh38_no_alt/hifi_reads/HG02280.GRCh38_no_alt.sorted.bam,/gpfs/gibbs/pi/ycgh/wl474/YALE_VARIANT_CALLS_R2/samples/HG02280/alignments/GRCh38_no_alt/hifi_reads/HG02280.GRCh38_no_alt.sorted.bam.bai,/gpfs/gibbs/pi/ycgh/wl474/YALE_VARIANT_CALLS_R2/samples/HG02280/variant_calls/GRCh38_no_alt/svdss/HG02280.GRCh38_no_alt.svdss.vcf.gz
HG02293,female,/gpfs/gibbs/pi/ycgh/wl474/YALE_VARIANT_CALLS_R2/samples/HG02293/alignments/GRCh38_no_alt/hifi_reads/HG02293.GRCh38_no_alt.sorted.bam,/gpfs/gibbs/pi/ycgh/wl474/YALE_VARIANT_CALLS_R2/samples/HG02293/alignments/GRCh38_no_alt/hifi_reads/HG02293.GRCh38_no_alt.sorted.bam.bai,/gpfs/gibbs/pi/ycgh/wl474/YALE_VARIANT_CALLS_R2/samples/HG02293/variant_calls/GRCh38_no_alt/svdss/HG02293.GRCh38_no_alt.svdss.vcf.gz
HG02300,female,/gpfs/gibbs/pi/ycgh/wl474/YALE_VARIANT_CALLS_R2/samples/HG02300/alignments/GRCh38_no_alt/hifi_reads/HG02300.GRCh38_no_alt.sorted.bam,/gpfs/gibbs/pi/ycgh/wl474/YALE_VARIANT_CALLS_R2/samples/HG02300/alignments/GRCh38_no_alt/hifi_reads/HG02300.GRCh38_no_alt.sorted.bam.bai,/gpfs/gibbs/pi/ycgh/wl474/YALE_VARIANT_CALLS_R2/samples/HG02300/variant_calls/GRCh38_no_alt/svdss/HG02300.GRCh38_no_alt.svdss.vcf.gz
HG02391,male,/gpfs/gibbs/pi/ycgh/wl474/YALE_VARIANT_CALLS_R2/samples/HG02391/alignments/GRCh38_no_alt/hifi_reads/HG02391.GRCh38_no_alt.sorted.bam,/gpfs/gibbs/pi/ycgh/wl474/YALE_VARIANT_CALLS_R2/samples/HG02391/alignments/GRCh38_no_alt/hifi_reads/HG02391.GRCh38_no_alt.sorted.bam.bai,/gpfs/gibbs/pi/ycgh/wl474/YALE_VARIANT_CALLS_R2/samples/HG02391/variant_calls/GRCh38_no_alt/svdss/HG02391.GRCh38_no_alt.svdss.vcf.gz
HG02392,male,/gpfs/gibbs/pi/ycgh/wl474/YALE_VARIANT_CALLS_R2/samples/HG02392/alignments/GRCh38_no_alt/hifi_reads/HG02392.GRCh38_no_alt.sorted.bam,/gpfs/gibbs/pi/ycgh/wl474/YALE_VARIANT_CALLS_R2/samples/HG02392/alignments/GRCh38_no_alt/hifi_reads/HG02392.GRCh38_no_alt.sorted.bam.bai,/gpfs/gibbs/pi/ycgh/wl474/YALE_VARIANT_CALLS_R2/samples/HG02392/variant_calls/GRCh38_no_alt/svdss/HG02392.GRCh38_no_alt.svdss.vcf.gz
HG02451,female,/gpfs/gibbs/pi/ycgh/wl474/YALE_VARIANT_CALLS_R2/samples/HG02451/alignments/GRCh38_no_alt/hifi_reads/HG02451.GRCh38_no_alt.sorted.bam,/gpfs/gibbs/pi/ycgh/wl474/YALE_VARIANT_CALLS_R2/samples/HG02451/alignments/GRCh38_no_alt/hifi_reads/HG02451.GRCh38_no_alt.sorted.bam.bai,/gpfs/gibbs/pi/ycgh/wl474/YALE_VARIANT_CALLS_R2/samples/HG02451/variant_calls/GRCh38_no_alt/svdss/HG02451.GRCh38_no_alt.svdss.vcf.gz
HG02486,male,/gpfs/gibbs/pi/ycgh/wl474/YALE_VARIANT_CALLS_R2/samples/HG02486/alignments/GRCh38_no_alt/hifi_reads/HG02486.GRCh38_no_alt.sorted.bam,/gpfs/gibbs/pi/ycgh/wl474/YALE_VARIANT_CALLS_R2/samples/HG02486/alignments/GRCh38_no_alt/hifi_reads/HG02486.GRCh38_no_alt.sorted.bam.bai,/gpfs/gibbs/pi/ycgh/wl474/YALE_VARIANT_CALLS_R2/samples/HG02486/variant_calls/GRCh38_no_alt/svdss/HG02486.GRCh38_no_alt.svdss.vcf.gz
HG02514,male,/gpfs/gibbs/pi/ycgh/wl474/YALE_VARIANT_CALLS_R2/samples/HG02514/alignments/GRCh38_no_alt/hifi_reads/HG02514.GRCh38_no_alt.sorted.bam,/gpfs/gibbs/pi/ycgh/wl474/YALE_VARIANT_CALLS_R2/samples/HG02514/alignments/GRCh38_no_alt/hifi_reads/HG02514.GRCh38_no_alt.sorted.bam.bai,/gpfs/gibbs/pi/ycgh/wl474/YALE_VARIANT_CALLS_R2/samples/HG02514/variant_calls/GRCh38_no_alt/svdss/HG02514.GRCh38_no_alt.svdss.vcf.gz
HG02523,female,/gpfs/gibbs/pi/ycgh/wl474/YALE_VARIANT_CALLS_R2/samples/HG02523/alignments/GRCh38_no_alt/hifi_reads/HG02523.GRCh38_no_alt.sorted.bam,/gpfs/gibbs/pi/ycgh/wl474/YALE_VARIANT_CALLS_R2/samples/HG02523/alignments/GRCh38_no_alt/hifi_reads/HG02523.GRCh38_no_alt.sorted.bam.bai,/gpfs/gibbs/pi/ycgh/wl474/YALE_VARIANT_CALLS_R2/samples/HG02523/variant_calls/GRCh38_no_alt/svdss/HG02523.GRCh38_no_alt.svdss.vcf.gz
HG02559,female,/gpfs/gibbs/pi/ycgh/wl474/YALE_VARIANT_CALLS_R2/samples/HG02559/alignments/GRCh38_no_alt/hifi_reads/HG02559.GRCh38_no_alt.sorted.bam,/gpfs/gibbs/pi/ycgh/wl474/YALE_VARIANT_CALLS_R2/samples/HG02559/alignments/GRCh38_no_alt/hifi_reads/HG02559.GRCh38_no_alt.sorted.bam.bai,/gpfs/gibbs/pi/ycgh/wl474/YALE_VARIANT_CALLS_R2/samples/HG02559/variant_calls/GRCh38_no_alt/svdss/HG02559.GRCh38_no_alt.svdss.vcf.gz
HG02572,male,/gpfs/gibbs/pi/ycgh/wl474/YALE_VARIANT_CALLS_R2/samples/HG02572/alignments/GRCh38_no_alt/hifi_reads/HG02572.GRCh38_no_alt.sorted.bam,/gpfs/gibbs/pi/ycgh/wl474/YALE_VARIANT_CALLS_R2/samples/HG02572/alignments/GRCh38_no_alt/hifi_reads/HG02572.GRCh38_no_alt.sorted.bam.bai,/gpfs/gibbs/pi/ycgh/wl474/YALE_VARIANT_CALLS_R2/samples/HG02572/variant_calls/GRCh38_no_alt/svdss/HG02572.GRCh38_no_alt.svdss.vcf.gz
HG02583,female,/gpfs/gibbs/pi/ycgh/wl474/YALE_VARIANT_CALLS_R2/samples/HG02583/alignments/GRCh38_no_alt/hifi_reads/HG02583.GRCh38_no_alt.sorted.bam,/gpfs/gibbs/pi/ycgh/wl474/YALE_VARIANT_CALLS_R2/samples/HG02583/alignments/GRCh38_no_alt/hifi_reads/HG02583.GRCh38_no_alt.sorted.bam.bai,/gpfs/gibbs/pi/ycgh/wl474/YALE_VARIANT_CALLS_R2/samples/HG02583/variant_calls/GRCh38_no_alt/svdss/HG02583.GRCh38_no_alt.svdss.vcf.gz
HG02602,male,/gpfs/gibbs/pi/ycgh/wl474/YALE_VARIANT_CALLS_R2/samples/HG02602/alignments/GRCh38_no_alt/hifi_reads/HG02602.GRCh38_no_alt.sorted.bam,/gpfs/gibbs/pi/ycgh/wl474/YALE_VARIANT_CALLS_R2/samples/HG02602/alignments/GRCh38_no_alt/hifi_reads/HG02602.GRCh38_no_alt.sorted.bam.bai,/gpfs/gibbs/pi/ycgh/wl474/YALE_VARIANT_CALLS_R2/samples/HG02602/variant_calls/GRCh38_no_alt/svdss/HG02602.GRCh38_no_alt.svdss.vcf.gz
HG02615,female,/gpfs/gibbs/pi/ycgh/wl474/YALE_VARIANT_CALLS_R2/samples/HG02615/alignments/GRCh38_no_alt/hifi_reads/HG02615.GRCh38_no_alt.sorted.bam,/gpfs/gibbs/pi/ycgh/wl474/YALE_VARIANT_CALLS_R2/samples/HG02615/alignments/GRCh38_no_alt/hifi_reads/HG02615.GRCh38_no_alt.sorted.bam.bai,/gpfs/gibbs/pi/ycgh/wl474/YALE_VARIANT_CALLS_R2/samples/HG02615/variant_calls/GRCh38_no_alt/svdss/HG02615.GRCh38_no_alt.svdss.vcf.gz
HG02622,female,/gpfs/gibbs/pi/ycgh/wl474/YALE_VARIANT_CALLS_R2/samples/HG02622/alignments/GRCh38_no_alt/hifi_reads/HG02622.GRCh38_no_alt.sorted.bam,/gpfs/gibbs/pi/ycgh/wl474/YALE_VARIANT_CALLS_R2/samples/HG02622/alignments/GRCh38_no_alt/hifi_reads/HG02622.GRCh38_no_alt.sorted.bam.bai,/gpfs/gibbs/pi/ycgh/wl474/YALE_VARIANT_CALLS_R2/samples/HG02622/variant_calls/GRCh38_no_alt/svdss/HG02622.GRCh38_no_alt.svdss.vcf.gz
HG02630,female,/gpfs/gibbs/pi/ycgh/wl474/YALE_VARIANT_CALLS_R2/samples/HG02630/alignments/GRCh38_no_alt/hifi_reads/HG02630.GRCh38_no_alt.sorted.bam,/gpfs/gibbs/pi/ycgh/wl474/YALE_VARIANT_CALLS_R2/samples/HG02630/alignments/GRCh38_no_alt/hifi_reads/HG02630.GRCh38_no_alt.sorted.bam.bai,/gpfs/gibbs/pi/ycgh/wl474/YALE_VARIANT_CALLS_R2/samples/HG02630/variant_calls/GRCh38_no_alt/svdss/HG02630.GRCh38_no_alt.svdss.vcf.gz
HG02647,male,/gpfs/gibbs/pi/ycgh/wl474/YALE_VARIANT_CALLS_R2/samples/HG02647/alignments/GRCh38_no_alt/hifi_reads/HG02647.GRCh38_no_alt.sorted.bam,/gpfs/gibbs/pi/ycgh/wl474/YALE_VARIANT_CALLS_R2/samples/HG02647/alignments/GRCh38_no_alt/hifi_reads/HG02647.GRCh38_no_alt.sorted.bam.bai,/gpfs/gibbs/pi/ycgh/wl474/YALE_VARIANT_CALLS_R2/samples/HG02647/variant_calls/GRCh38_no_alt/svdss/HG02647.GRCh38_no_alt.svdss.vcf.gz
HG02668,male,/gpfs/gibbs/pi/ycgh/wl474/YALE_VARIANT_CALLS_R2/samples/HG02668/alignments/GRCh38_no_alt/hifi_reads/HG02668.GRCh38_no_alt.sorted.bam,/gpfs/gibbs/pi/ycgh/wl474/YALE_VARIANT_CALLS_R2/samples/HG02668/alignments/GRCh38_no_alt/hifi_reads/HG02668.GRCh38_no_alt.sorted.bam.bai,/gpfs/gibbs/pi/ycgh/wl474/YALE_VARIANT_CALLS_R2/samples/HG02668/variant_calls/GRCh38_no_alt/svdss/HG02668.GRCh38_no_alt.svdss.vcf.gz
HG02698,male,/gpfs/gibbs/pi/ycgh/wl474/YALE_VARIANT_CALLS_R2/samples/HG02698/alignments/GRCh38_no_alt/hifi_reads/HG02698.GRCh38_no_alt.sorted.bam,/gpfs/gibbs/pi/ycgh/wl474/YALE_VARIANT_CALLS_R2/samples/HG02698/alignments/GRCh38_no_alt/hifi_reads/HG02698.GRCh38_no_alt.sorted.bam.bai,/gpfs/gibbs/pi/ycgh/wl474/YALE_VARIANT_CALLS_R2/samples/HG02698/variant_calls/GRCh38_no_alt/svdss/HG02698.GRCh38_no_alt.svdss.vcf.gz
HG02717,male,/gpfs/gibbs/pi/ycgh/wl474/YALE_VARIANT_CALLS_R2/samples/HG02717/alignments/GRCh38_no_alt/hifi_reads/HG02717.GRCh38_no_alt.sorted.bam,/gpfs/gibbs/pi/ycgh/wl474/YALE_VARIANT_CALLS_R2/samples/HG02717/alignments/GRCh38_no_alt/hifi_reads/HG02717.GRCh38_no_alt.sorted.bam.bai,/gpfs/gibbs/pi/ycgh/wl474/YALE_VARIANT_CALLS_R2/samples/HG02717/variant_calls/GRCh38_no_alt/svdss/HG02717.GRCh38_no_alt.svdss.vcf.gz
HG02723,female,/gpfs/gibbs/pi/ycgh/wl474/YALE_VARIANT_CALLS_R2/samples/HG02723/alignments/GRCh38_no_alt/hifi_reads/HG02723.GRCh38_no_alt.sorted.bam,/gpfs/gibbs/pi/ycgh/wl474/YALE_VARIANT_CALLS_R2/samples/HG02723/alignments/GRCh38_no_alt/hifi_reads/HG02723.GRCh38_no_alt.sorted.bam.bai,/gpfs/gibbs/pi/ycgh/wl474/YALE_VARIANT_CALLS_R2/samples/HG02723/variant_calls/GRCh38_no_alt/svdss/HG02723.GRCh38_no_alt.svdss.vcf.gz
HG02735,male,/gpfs/gibbs/pi/ycgh/wl474/YALE_VARIANT_CALLS_R2/samples/HG02735/alignments/GRCh38_no_alt/hifi_reads/HG02735.GRCh38_no_alt.sorted.bam,/gpfs/gibbs/pi/ycgh/wl474/YALE_VARIANT_CALLS_R2/samples/HG02735/alignments/GRCh38_no_alt/hifi_reads/HG02735.GRCh38_no_alt.sorted.bam.bai,/gpfs/gibbs/pi/ycgh/wl474/YALE_VARIANT_CALLS_R2/samples/HG02735/variant_calls/GRCh38_no_alt/svdss/HG02735.GRCh38_no_alt.svdss.vcf.gz
HG02738,male,/gpfs/gibbs/pi/ycgh/wl474/YALE_VARIANT_CALLS_R2/samples/HG02738/alignments/GRCh38_no_alt/hifi_reads/HG02738.GRCh38_no_alt.sorted.bam,/gpfs/gibbs/pi/ycgh/wl474/YALE_VARIANT_CALLS_R2/samples/HG02738/alignments/GRCh38_no_alt/hifi_reads/HG02738.GRCh38_no_alt.sorted.bam.bai,/gpfs/gibbs/pi/ycgh/wl474/YALE_VARIANT_CALLS_R2/samples/HG02738/variant_calls/GRCh38_no_alt/svdss/HG02738.GRCh38_no_alt.svdss.vcf.gz
HG02809,female,/gpfs/gibbs/pi/ycgh/wl474/YALE_VARIANT_CALLS_R2/samples/HG02809/alignments/GRCh38_no_alt/hifi_reads/HG02809.GRCh38_no_alt.sorted.bam,/gpfs/gibbs/pi/ycgh/wl474/YALE_VARIANT_CALLS_R2/samples/HG02809/alignments/GRCh38_no_alt/hifi_reads/HG02809.GRCh38_no_alt.sorted.bam.bai,/gpfs/gibbs/pi/ycgh/wl474/YALE_VARIANT_CALLS_R2/samples/HG02809/variant_calls/GRCh38_no_alt/svdss/HG02809.GRCh38_no_alt.svdss.vcf.gz
HG02818,female,/gpfs/gibbs/pi/ycgh/wl474/YALE_VARIANT_CALLS_R2/samples/HG02818/alignments/GRCh38_no_alt/hifi_reads/HG02818.GRCh38_no_alt.sorted.bam,/gpfs/gibbs/pi/ycgh/wl474/YALE_VARIANT_CALLS_R2/samples/HG02818/alignments/GRCh38_no_alt/hifi_reads/HG02818.GRCh38_no_alt.sorted.bam.bai,/gpfs/gibbs/pi/ycgh/wl474/YALE_VARIANT_CALLS_R2/samples/HG02818/variant_calls/GRCh38_no_alt/svdss/HG02818.GRCh38_no_alt.svdss.vcf.gz
HG02841,female,/gpfs/gibbs/pi/ycgh/wl474/YALE_VARIANT_CALLS_R2/samples/HG02841/alignments/GRCh38_no_alt/hifi_reads/HG02841.GRCh38_no_alt.sorted.bam,/gpfs/gibbs/pi/ycgh/wl474/YALE_VARIANT_CALLS_R2/samples/HG02841/alignments/GRCh38_no_alt/hifi_reads/HG02841.GRCh38_no_alt.sorted.bam.bai,/gpfs/gibbs/pi/ycgh/wl474/YALE_VARIANT_CALLS_R2/samples/HG02841/variant_calls/GRCh38_no_alt/svdss/HG02841.GRCh38_no_alt.svdss.vcf.gz
HG02886,female,/gpfs/gibbs/pi/ycgh/wl474/YALE_VARIANT_CALLS_R2/samples/HG02886/alignments/GRCh38_no_alt/hifi_reads/HG02886.GRCh38_no_alt.sorted.bam,/gpfs/gibbs/pi/ycgh/wl474/YALE_VARIANT_CALLS_R2/samples/HG02886/alignments/GRCh38_no_alt/hifi_reads/HG02886.GRCh38_no_alt.sorted.bam.bai,/gpfs/gibbs/pi/ycgh/wl474/YALE_VARIANT_CALLS_R2/samples/HG02886/variant_calls/GRCh38_no_alt/svdss/HG02886.GRCh38_no_alt.svdss.vcf.gz
HG02922,female,/gpfs/gibbs/pi/ycgh/wl474/YALE_VARIANT_CALLS_R2/samples/HG02922/alignments/GRCh38_no_alt/hifi_reads/HG02922.GRCh38_no_alt.sorted.bam,/gpfs/gibbs/pi/ycgh/wl474/YALE_VARIANT_CALLS_R2/samples/HG02922/alignments/GRCh38_no_alt/hifi_reads/HG02922.GRCh38_no_alt.sorted.bam.bai,/gpfs/gibbs/pi/ycgh/wl474/YALE_VARIANT_CALLS_R2/samples/HG02922/variant_calls/GRCh38_no_alt/svdss/HG02922.GRCh38_no_alt.svdss.vcf.gz
HG02965,male,/gpfs/gibbs/pi/ycgh/wl474/YALE_VARIANT_CALLS_R2/samples/HG02965/alignments/GRCh38_no_alt/hifi_reads/HG02965.GRCh38_no_alt.sorted.bam,/gpfs/gibbs/pi/ycgh/wl474/YALE_VARIANT_CALLS_R2/samples/HG02965/alignments/GRCh38_no_alt/hifi_reads/HG02965.GRCh38_no_alt.sorted.bam.bai,/gpfs/gibbs/pi/ycgh/wl474/YALE_VARIANT_CALLS_R2/samples/HG02965/variant_calls/GRCh38_no_alt/svdss/HG02965.GRCh38_no_alt.svdss.vcf.gz
HG02976,female,/gpfs/gibbs/pi/ycgh/wl474/YALE_VARIANT_CALLS_R2/samples/HG02976/alignments/GRCh38_no_alt/hifi_reads/HG02976.GRCh38_no_alt.sorted.bam,/gpfs/gibbs/pi/ycgh/wl474/YALE_VARIANT_CALLS_R2/samples/HG02976/alignments/GRCh38_no_alt/hifi_reads/HG02976.GRCh38_no_alt.sorted.bam.bai,/gpfs/gibbs/pi/ycgh/wl474/YALE_VARIANT_CALLS_R2/samples/HG02976/variant_calls/GRCh38_no_alt/svdss/HG02976.GRCh38_no_alt.svdss.vcf.gz
HG02984,male,/gpfs/gibbs/pi/ycgh/wl474/YALE_VARIANT_CALLS_R2/samples/HG02984/alignments/GRCh38_no_alt/hifi_reads/HG02984.GRCh38_no_alt.sorted.bam,/gpfs/gibbs/pi/ycgh/wl474/YALE_VARIANT_CALLS_R2/samples/HG02984/alignments/GRCh38_no_alt/hifi_reads/HG02984.GRCh38_no_alt.sorted.bam.bai,/gpfs/gibbs/pi/ycgh/wl474/YALE_VARIANT_CALLS_R2/samples/HG02984/variant_calls/GRCh38_no_alt/svdss/HG02984.GRCh38_no_alt.svdss.vcf.gz
HG03017,male,/gpfs/gibbs/pi/ycgh/wl474/YALE_VARIANT_CALLS_R2/samples/HG03017/alignments/GRCh38_no_alt/hifi_reads/HG03017.GRCh38_no_alt.sorted.bam,/gpfs/gibbs/pi/ycgh/wl474/YALE_VARIANT_CALLS_R2/samples/HG03017/alignments/GRCh38_no_alt/hifi_reads/HG03017.GRCh38_no_alt.sorted.bam.bai,/gpfs/gibbs/pi/ycgh/wl474/YALE_VARIANT_CALLS_R2/samples/HG03017/variant_calls/GRCh38_no_alt/svdss/HG03017.GRCh38_no_alt.svdss.vcf.gz
HG03041,female,/gpfs/gibbs/pi/ycgh/wl474/YALE_VARIANT_CALLS_R2/samples/HG03041/alignments/GRCh38_no_alt/hifi_reads/HG03041.GRCh38_no_alt.sorted.bam,/gpfs/gibbs/pi/ycgh/wl474/YALE_VARIANT_CALLS_R2/samples/HG03041/alignments/GRCh38_no_alt/hifi_reads/HG03041.GRCh38_no_alt.sorted.bam.bai,/gpfs/gibbs/pi/ycgh/wl474/YALE_VARIANT_CALLS_R2/samples/HG03041/variant_calls/GRCh38_no_alt/svdss/HG03041.GRCh38_no_alt.svdss.vcf.gz
HG03050,male,/gpfs/gibbs/pi/ycgh/wl474/YALE_VARIANT_CALLS_R2/samples/HG03050/alignments/GRCh38_no_alt/hifi_reads/HG03050.GRCh38_no_alt.sorted.bam,/gpfs/gibbs/pi/ycgh/wl474/YALE_VARIANT_CALLS_R2/samples/HG03050/alignments/GRCh38_no_alt/hifi_reads/HG03050.GRCh38_no_alt.sorted.bam.bai,/gpfs/gibbs/pi/ycgh/wl474/YALE_VARIANT_CALLS_R2/samples/HG03050/variant_calls/GRCh38_no_alt/svdss/HG03050.GRCh38_no_alt.svdss.vcf.gz
HG03098,male,/gpfs/gibbs/pi/ycgh/wl474/YALE_VARIANT_CALLS_R2/samples/HG03098/alignments/GRCh38_no_alt/hifi_reads/HG03098.GRCh38_no_alt.sorted.bam,/gpfs/gibbs/pi/ycgh/wl474/YALE_VARIANT_CALLS_R2/samples/HG03098/alignments/GRCh38_no_alt/hifi_reads/HG03098.GRCh38_no_alt.sorted.bam.bai,/gpfs/gibbs/pi/ycgh/wl474/YALE_VARIANT_CALLS_R2/samples/HG03098/variant_calls/GRCh38_no_alt/svdss/HG03098.GRCh38_no_alt.svdss.vcf.gz
HG03130,male,/gpfs/gibbs/pi/ycgh/wl474/YALE_VARIANT_CALLS_R2/samples/HG03130/alignments/GRCh38_no_alt/hifi_reads/HG03130.GRCh38_no_alt.sorted.bam,/gpfs/gibbs/pi/ycgh/wl474/YALE_VARIANT_CALLS_R2/samples/HG03130/alignments/GRCh38_no_alt/hifi_reads/HG03130.GRCh38_no_alt.sorted.bam.bai,/gpfs/gibbs/pi/ycgh/wl474/YALE_VARIANT_CALLS_R2/samples/HG03130/variant_calls/GRCh38_no_alt/svdss/HG03130.GRCh38_no_alt.svdss.vcf.gz
HG03139,male,/gpfs/gibbs/pi/ycgh/wl474/YALE_VARIANT_CALLS_R2/samples/HG03139/alignments/GRCh38_no_alt/hifi_reads/HG03139.GRCh38_no_alt.sorted.bam,/gpfs/gibbs/pi/ycgh/wl474/YALE_VARIANT_CALLS_R2/samples/HG03139/alignments/GRCh38_no_alt/hifi_reads/HG03139.GRCh38_no_alt.sorted.bam.bai,/gpfs/gibbs/pi/ycgh/wl474/YALE_VARIANT_CALLS_R2/samples/HG03139/variant_calls/GRCh38_no_alt/svdss/HG03139.GRCh38_no_alt.svdss.vcf.gz
HG03195,female,/gpfs/gibbs/pi/ycgh/wl474/YALE_VARIANT_CALLS_R2/samples/HG03195/alignments/GRCh38_no_alt/hifi_reads/HG03195.GRCh38_no_alt.sorted.bam,/gpfs/gibbs/pi/ycgh/wl474/YALE_VARIANT_CALLS_R2/samples/HG03195/alignments/GRCh38_no_alt/hifi_reads/HG03195.GRCh38_no_alt.sorted.bam.bai,/gpfs/gibbs/pi/ycgh/wl474/YALE_VARIANT_CALLS_R2/samples/HG03195/variant_calls/GRCh38_no_alt/svdss/HG03195.GRCh38_no_alt.svdss.vcf.gz
HG03209,male,/gpfs/gibbs/pi/ycgh/wl474/YALE_VARIANT_CALLS_R2/samples/HG03209/alignments/GRCh38_no_alt/hifi_reads/HG03209.GRCh38_no_alt.sorted.bam,/gpfs/gibbs/pi/ycgh/wl474/YALE_VARIANT_CALLS_R2/samples/HG03209/alignments/GRCh38_no_alt/hifi_reads/HG03209.GRCh38_no_alt.sorted.bam.bai,/gpfs/gibbs/pi/ycgh/wl474/YALE_VARIANT_CALLS_R2/samples/HG03209/variant_calls/GRCh38_no_alt/svdss/HG03209.GRCh38_no_alt.svdss.vcf.gz
HG03225,male,/gpfs/gibbs/pi/ycgh/wl474/YALE_VARIANT_CALLS_R2/samples/HG03225/alignments/GRCh38_no_alt/hifi_reads/HG03225.GRCh38_no_alt.sorted.bam,/gpfs/gibbs/pi/ycgh/wl474/YALE_VARIANT_CALLS_R2/samples/HG03225/alignments/GRCh38_no_alt/hifi_reads/HG03225.GRCh38_no_alt.sorted.bam.bai,/gpfs/gibbs/pi/ycgh/wl474/YALE_VARIANT_CALLS_R2/samples/HG03225/variant_calls/GRCh38_no_alt/svdss/HG03225.GRCh38_no_alt.svdss.vcf.gz
HG03239,female,/gpfs/gibbs/pi/ycgh/wl474/YALE_VARIANT_CALLS_R2/samples/HG03239/alignments/GRCh38_no_alt/hifi_reads/HG03239.GRCh38_no_alt.sorted.bam,/gpfs/gibbs/pi/ycgh/wl474/YALE_VARIANT_CALLS_R2/samples/HG03239/alignments/GRCh38_no_alt/hifi_reads/HG03239.GRCh38_no_alt.sorted.bam.bai,/gpfs/gibbs/pi/ycgh/wl474/YALE_VARIANT_CALLS_R2/samples/HG03239/variant_calls/GRCh38_no_alt/svdss/HG03239.GRCh38_no_alt.svdss.vcf.gz
HG03270,female,/gpfs/gibbs/pi/ycgh/wl474/YALE_VARIANT_CALLS_R2/samples/HG03270/alignments/GRCh38_no_alt/hifi_reads/HG03270.GRCh38_no_alt.sorted.bam,/gpfs/gibbs/pi/ycgh/wl474/YALE_VARIANT_CALLS_R2/samples/HG03270/alignments/GRCh38_no_alt/hifi_reads/HG03270.GRCh38_no_alt.sorted.bam.bai,/gpfs/gibbs/pi/ycgh/wl474/YALE_VARIANT_CALLS_R2/samples/HG03270/variant_calls/GRCh38_no_alt/svdss/HG03270.GRCh38_no_alt.svdss.vcf.gz
HG03369,female,/gpfs/gibbs/pi/ycgh/wl474/YALE_VARIANT_CALLS_R2/samples/HG03369/alignments/GRCh38_no_alt/hifi_reads/HG03369.GRCh38_no_alt.sorted.bam,/gpfs/gibbs/pi/ycgh/wl474/YALE_VARIANT_CALLS_R2/samples/HG03369/alignments/GRCh38_no_alt/hifi_reads/HG03369.GRCh38_no_alt.sorted.bam.bai,/gpfs/gibbs/pi/ycgh/wl474/YALE_VARIANT_CALLS_R2/samples/HG03369/variant_calls/GRCh38_no_alt/svdss/HG03369.GRCh38_no_alt.svdss.vcf.gz
HG03453,female,/gpfs/gibbs/pi/ycgh/wl474/YALE_VARIANT_CALLS_R2/samples/HG03453/alignments/GRCh38_no_alt/hifi_reads/HG03453.GRCh38_no_alt.sorted.bam,/gpfs/gibbs/pi/ycgh/wl474/YALE_VARIANT_CALLS_R2/samples/HG03453/alignments/GRCh38_no_alt/hifi_reads/HG03453.GRCh38_no_alt.sorted.bam.bai,/gpfs/gibbs/pi/ycgh/wl474/YALE_VARIANT_CALLS_R2/samples/HG03453/variant_calls/GRCh38_no_alt/svdss/HG03453.GRCh38_no_alt.svdss.vcf.gz
HG03470,female,/gpfs/gibbs/pi/ycgh/wl474/YALE_VARIANT_CALLS_R2/samples/HG03470/alignments/GRCh38_no_alt/hifi_reads/HG03470.GRCh38_no_alt.sorted.bam,/gpfs/gibbs/pi/ycgh/wl474/YALE_VARIANT_CALLS_R2/samples/HG03470/alignments/GRCh38_no_alt/hifi_reads/HG03470.GRCh38_no_alt.sorted.bam.bai,/gpfs/gibbs/pi/ycgh/wl474/YALE_VARIANT_CALLS_R2/samples/HG03470/variant_calls/GRCh38_no_alt/svdss/HG03470.GRCh38_no_alt.svdss.vcf.gz
HG03471,male,/gpfs/gibbs/pi/ycgh/wl474/YALE_VARIANT_CALLS_R2/samples/HG03471/alignments/GRCh38_no_alt/hifi_reads/HG03471.GRCh38_no_alt.sorted.bam,/gpfs/gibbs/pi/ycgh/wl474/YALE_VARIANT_CALLS_R2/samples/HG03471/alignments/GRCh38_no_alt/hifi_reads/HG03471.GRCh38_no_alt.sorted.bam.bai,/gpfs/gibbs/pi/ycgh/wl474/YALE_VARIANT_CALLS_R2/samples/HG03471/variant_calls/GRCh38_no_alt/svdss/HG03471.GRCh38_no_alt.svdss.vcf.gz
HG03486,female,/gpfs/gibbs/pi/ycgh/wl474/YALE_VARIANT_CALLS_R2/samples/HG03486/alignments/GRCh38_no_alt/hifi_reads/HG03486.GRCh38_no_alt.sorted.bam,/gpfs/gibbs/pi/ycgh/wl474/YALE_VARIANT_CALLS_R2/samples/HG03486/alignments/GRCh38_no_alt/hifi_reads/HG03486.GRCh38_no_alt.sorted.bam.bai,/gpfs/gibbs/pi/ycgh/wl474/YALE_VARIANT_CALLS_R2/samples/HG03486/variant_calls/GRCh38_no_alt/svdss/HG03486.GRCh38_no_alt.svdss.vcf.gz
HG03516,female,/gpfs/gibbs/pi/ycgh/wl474/YALE_VARIANT_CALLS_R2/samples/HG03516/alignments/GRCh38_no_alt/hifi_reads/HG03516.GRCh38_no_alt.sorted.bam,/gpfs/gibbs/pi/ycgh/wl474/YALE_VARIANT_CALLS_R2/samples/HG03516/alignments/GRCh38_no_alt/hifi_reads/HG03516.GRCh38_no_alt.sorted.bam.bai,/gpfs/gibbs/pi/ycgh/wl474/YALE_VARIANT_CALLS_R2/samples/HG03516/variant_calls/GRCh38_no_alt/svdss/HG03516.GRCh38_no_alt.svdss.vcf.gz
HG03521,male,/gpfs/gibbs/pi/ycgh/wl474/YALE_VARIANT_CALLS_R2/samples/HG03521/alignments/GRCh38_no_alt/hifi_reads/HG03521.GRCh38_no_alt.sorted.bam,/gpfs/gibbs/pi/ycgh/wl474/YALE_VARIANT_CALLS_R2/samples/HG03521/alignments/GRCh38_no_alt/hifi_reads/HG03521.GRCh38_no_alt.sorted.bam.bai,/gpfs/gibbs/pi/ycgh/wl474/YALE_VARIANT_CALLS_R2/samples/HG03521/variant_calls/GRCh38_no_alt/svdss/HG03521.GRCh38_no_alt.svdss.vcf.gz
HG03540,female,/gpfs/gibbs/pi/ycgh/wl474/YALE_VARIANT_CALLS_R2/samples/HG03540/alignments/GRCh38_no_alt/hifi_reads/HG03540.GRCh38_no_alt.sorted.bam,/gpfs/gibbs/pi/ycgh/wl474/YALE_VARIANT_CALLS_R2/samples/HG03540/alignments/GRCh38_no_alt/hifi_reads/HG03540.GRCh38_no_alt.sorted.bam.bai,/gpfs/gibbs/pi/ycgh/wl474/YALE_VARIANT_CALLS_R2/samples/HG03540/variant_calls/GRCh38_no_alt/svdss/HG03540.GRCh38_no_alt.svdss.vcf.gz
HG03579,male,/gpfs/gibbs/pi/ycgh/wl474/YALE_VARIANT_CALLS_R2/samples/HG03579/alignments/GRCh38_no_alt/hifi_reads/HG03579.GRCh38_no_alt.sorted.bam,/gpfs/gibbs/pi/ycgh/wl474/YALE_VARIANT_CALLS_R2/samples/HG03579/alignments/GRCh38_no_alt/hifi_reads/HG03579.GRCh38_no_alt.sorted.bam.bai,/gpfs/gibbs/pi/ycgh/wl474/YALE_VARIANT_CALLS_R2/samples/HG03579/variant_calls/GRCh38_no_alt/svdss/HG03579.GRCh38_no_alt.svdss.vcf.gz
HG03583,female,/gpfs/gibbs/pi/ycgh/wl474/YALE_VARIANT_CALLS_R2/samples/HG03583/alignments/GRCh38_no_alt/hifi_reads/HG03583.GRCh38_no_alt.sorted.bam,/gpfs/gibbs/pi/ycgh/wl474/YALE_VARIANT_CALLS_R2/samples/HG03583/alignments/GRCh38_no_alt/hifi_reads/HG03583.GRCh38_no_alt.sorted.bam.bai,/gpfs/gibbs/pi/ycgh/wl474/YALE_VARIANT_CALLS_R2/samples/HG03583/variant_calls/GRCh38_no_alt/svdss/HG03583.GRCh38_no_alt.svdss.vcf.gz
HG03654,male,/gpfs/gibbs/pi/ycgh/wl474/YALE_VARIANT_CALLS_R2/samples/HG03654/alignments/GRCh38_no_alt/hifi_reads/HG03654.GRCh38_no_alt.sorted.bam,/gpfs/gibbs/pi/ycgh/wl474/YALE_VARIANT_CALLS_R2/samples/HG03654/alignments/GRCh38_no_alt/hifi_reads/HG03654.GRCh38_no_alt.sorted.bam.bai,/gpfs/gibbs/pi/ycgh/wl474/YALE_VARIANT_CALLS_R2/samples/HG03654/variant_calls/GRCh38_no_alt/svdss/HG03654.GRCh38_no_alt.svdss.vcf.gz
HG03669,female,/gpfs/gibbs/pi/ycgh/wl474/YALE_VARIANT_CALLS_R2/samples/HG03669/alignments/GRCh38_no_alt/hifi_reads/HG03669.GRCh38_no_alt.sorted.bam,/gpfs/gibbs/pi/ycgh/wl474/YALE_VARIANT_CALLS_R2/samples/HG03669/alignments/GRCh38_no_alt/hifi_reads/HG03669.GRCh38_no_alt.sorted.bam.bai,/gpfs/gibbs/pi/ycgh/wl474/YALE_VARIANT_CALLS_R2/samples/HG03669/variant_calls/GRCh38_no_alt/svdss/HG03669.GRCh38_no_alt.svdss.vcf.gz
HG03688,male,/gpfs/gibbs/pi/ycgh/wl474/YALE_VARIANT_CALLS_R2/samples/HG03688/alignments/GRCh38_no_alt/hifi_reads/HG03688.GRCh38_no_alt.sorted.bam,/gpfs/gibbs/pi/ycgh/wl474/YALE_VARIANT_CALLS_R2/samples/HG03688/alignments/GRCh38_no_alt/hifi_reads/HG03688.GRCh38_no_alt.sorted.bam.bai,/gpfs/gibbs/pi/ycgh/wl474/YALE_VARIANT_CALLS_R2/samples/HG03688/variant_calls/GRCh38_no_alt/svdss/HG03688.GRCh38_no_alt.svdss.vcf.gz
HG03704,female,/gpfs/gibbs/pi/ycgh/wl474/YALE_VARIANT_CALLS_R2/samples/HG03704/alignments/GRCh38_no_alt/hifi_reads/HG03704.GRCh38_no_alt.sorted.bam,/gpfs/gibbs/pi/ycgh/wl474/YALE_VARIANT_CALLS_R2/samples/HG03704/alignments/GRCh38_no_alt/hifi_reads/HG03704.GRCh38_no_alt.sorted.bam.bai,/gpfs/gibbs/pi/ycgh/wl474/YALE_VARIANT_CALLS_R2/samples/HG03704/variant_calls/GRCh38_no_alt/svdss/HG03704.GRCh38_no_alt.svdss.vcf.gz
HG03710,male,/gpfs/gibbs/pi/ycgh/wl474/YALE_VARIANT_CALLS_R2/samples/HG03710/alignments/GRCh38_no_alt/hifi_reads/HG03710.GRCh38_no_alt.sorted.bam,/gpfs/gibbs/pi/ycgh/wl474/YALE_VARIANT_CALLS_R2/samples/HG03710/alignments/GRCh38_no_alt/hifi_reads/HG03710.GRCh38_no_alt.sorted.bam.bai,/gpfs/gibbs/pi/ycgh/wl474/YALE_VARIANT_CALLS_R2/samples/HG03710/variant_calls/GRCh38_no_alt/svdss/HG03710.GRCh38_no_alt.svdss.vcf.gz
HG03742,male,/gpfs/gibbs/pi/ycgh/wl474/YALE_VARIANT_CALLS_R2/samples/HG03742/alignments/GRCh38_no_alt/hifi_reads/HG03742.GRCh38_no_alt.sorted.bam,/gpfs/gibbs/pi/ycgh/wl474/YALE_VARIANT_CALLS_R2/samples/HG03742/alignments/GRCh38_no_alt/hifi_reads/HG03742.GRCh38_no_alt.sorted.bam.bai,/gpfs/gibbs/pi/ycgh/wl474/YALE_VARIANT_CALLS_R2/samples/HG03742/variant_calls/GRCh38_no_alt/svdss/HG03742.GRCh38_no_alt.svdss.vcf.gz
HG03784,female,/gpfs/gibbs/pi/ycgh/wl474/YALE_VARIANT_CALLS_R2/samples/HG03784/alignments/GRCh38_no_alt/hifi_reads/HG03784.GRCh38_no_alt.sorted.bam,/gpfs/gibbs/pi/ycgh/wl474/YALE_VARIANT_CALLS_R2/samples/HG03784/alignments/GRCh38_no_alt/hifi_reads/HG03784.GRCh38_no_alt.sorted.bam.bai,/gpfs/gibbs/pi/ycgh/wl474/YALE_VARIANT_CALLS_R2/samples/HG03784/variant_calls/GRCh38_no_alt/svdss/HG03784.GRCh38_no_alt.svdss.vcf.gz
HG03804,female,/gpfs/gibbs/pi/ycgh/wl474/YALE_VARIANT_CALLS_R2/samples/HG03804/alignments/GRCh38_no_alt/hifi_reads/HG03804.GRCh38_no_alt.sorted.bam,/gpfs/gibbs/pi/ycgh/wl474/YALE_VARIANT_CALLS_R2/samples/HG03804/alignments/GRCh38_no_alt/hifi_reads/HG03804.GRCh38_no_alt.sorted.bam.bai,/gpfs/gibbs/pi/ycgh/wl474/YALE_VARIANT_CALLS_R2/samples/HG03804/variant_calls/GRCh38_no_alt/svdss/HG03804.GRCh38_no_alt.svdss.vcf.gz
HG03816,female,/gpfs/gibbs/pi/ycgh/wl474/YALE_VARIANT_CALLS_R2/samples/HG03816/alignments/GRCh38_no_alt/hifi_reads/HG03816.GRCh38_no_alt.sorted.bam,/gpfs/gibbs/pi/ycgh/wl474/YALE_VARIANT_CALLS_R2/samples/HG03816/alignments/GRCh38_no_alt/hifi_reads/HG03816.GRCh38_no_alt.sorted.bam.bai,/gpfs/gibbs/pi/ycgh/wl474/YALE_VARIANT_CALLS_R2/samples/HG03816/variant_calls/GRCh38_no_alt/svdss/HG03816.GRCh38_no_alt.svdss.vcf.gz
HG03831,female,/gpfs/gibbs/pi/ycgh/wl474/YALE_VARIANT_CALLS_R2/samples/HG03831/alignments/GRCh38_no_alt/hifi_reads/HG03831.GRCh38_no_alt.sorted.bam,/gpfs/gibbs/pi/ycgh/wl474/YALE_VARIANT_CALLS_R2/samples/HG03831/alignments/GRCh38_no_alt/hifi_reads/HG03831.GRCh38_no_alt.sorted.bam.bai,/gpfs/gibbs/pi/ycgh/wl474/YALE_VARIANT_CALLS_R2/samples/HG03831/variant_calls/GRCh38_no_alt/svdss/HG03831.GRCh38_no_alt.svdss.vcf.gz
HG03834,female,/gpfs/gibbs/pi/ycgh/wl474/YALE_VARIANT_CALLS_R2/samples/HG03834/alignments/GRCh38_no_alt/hifi_reads/HG03834.GRCh38_no_alt.sorted.bam,/gpfs/gibbs/pi/ycgh/wl474/YALE_VARIANT_CALLS_R2/samples/HG03834/alignments/GRCh38_no_alt/hifi_reads/HG03834.GRCh38_no_alt.sorted.bam.bai,/gpfs/gibbs/pi/ycgh/wl474/YALE_VARIANT_CALLS_R2/samples/HG03834/variant_calls/GRCh38_no_alt/svdss/HG03834.GRCh38_no_alt.svdss.vcf.gz
HG03874,female,/gpfs/gibbs/pi/ycgh/wl474/YALE_VARIANT_CALLS_R2/samples/HG03874/alignments/GRCh38_no_alt/hifi_reads/HG03874.GRCh38_no_alt.sorted.bam,/gpfs/gibbs/pi/ycgh/wl474/YALE_VARIANT_CALLS_R2/samples/HG03874/alignments/GRCh38_no_alt/hifi_reads/HG03874.GRCh38_no_alt.sorted.bam.bai,/gpfs/gibbs/pi/ycgh/wl474/YALE_VARIANT_CALLS_R2/samples/HG03874/variant_calls/GRCh38_no_alt/svdss/HG03874.GRCh38_no_alt.svdss.vcf.gz
HG03927,female,/gpfs/gibbs/pi/ycgh/wl474/YALE_VARIANT_CALLS_R2/samples/HG03927/alignments/GRCh38_no_alt/hifi_reads/HG03927.GRCh38_no_alt.sorted.bam,/gpfs/gibbs/pi/ycgh/wl474/YALE_VARIANT_CALLS_R2/samples/HG03927/alignments/GRCh38_no_alt/hifi_reads/HG03927.GRCh38_no_alt.sorted.bam.bai,/gpfs/gibbs/pi/ycgh/wl474/YALE_VARIANT_CALLS_R2/samples/HG03927/variant_calls/GRCh38_no_alt/svdss/HG03927.GRCh38_no_alt.svdss.vcf.gz
HG03942,male,/gpfs/gibbs/pi/ycgh/wl474/YALE_VARIANT_CALLS_R2/samples/HG03942/alignments/GRCh38_no_alt/hifi_reads/HG03942.GRCh38_no_alt.sorted.bam,/gpfs/gibbs/pi/ycgh/wl474/YALE_VARIANT_CALLS_R2/samples/HG03942/alignments/GRCh38_no_alt/hifi_reads/HG03942.GRCh38_no_alt.sorted.bam.bai,/gpfs/gibbs/pi/ycgh/wl474/YALE_VARIANT_CALLS_R2/samples/HG03942/variant_calls/GRCh38_no_alt/svdss/HG03942.GRCh38_no_alt.svdss.vcf.gz
HG04115,male,/gpfs/gibbs/pi/ycgh/wl474/YALE_VARIANT_CALLS_R2/samples/HG04115/alignments/GRCh38_no_alt/hifi_reads/HG04115.GRCh38_no_alt.sorted.bam,/gpfs/gibbs/pi/ycgh/wl474/YALE_VARIANT_CALLS_R2/samples/HG04115/alignments/GRCh38_no_alt/hifi_reads/HG04115.GRCh38_no_alt.sorted.bam.bai,/gpfs/gibbs/pi/ycgh/wl474/YALE_VARIANT_CALLS_R2/samples/HG04115/variant_calls/GRCh38_no_alt/svdss/HG04115.GRCh38_no_alt.svdss.vcf.gz
HG04157,male,/gpfs/gibbs/pi/ycgh/wl474/YALE_VARIANT_CALLS_R2/samples/HG04157/alignments/GRCh38_no_alt/hifi_reads/HG04157.GRCh38_no_alt.sorted.bam,/gpfs/gibbs/pi/ycgh/wl474/YALE_VARIANT_CALLS_R2/samples/HG04157/alignments/GRCh38_no_alt/hifi_reads/HG04157.GRCh38_no_alt.sorted.bam.bai,/gpfs/gibbs/pi/ycgh/wl474/YALE_VARIANT_CALLS_R2/samples/HG04157/variant_calls/GRCh38_no_alt/svdss/HG04157.GRCh38_no_alt.svdss.vcf.gz
HG04160,male,/gpfs/gibbs/pi/ycgh/wl474/YALE_VARIANT_CALLS_R2/samples/HG04160/alignments/GRCh38_no_alt/hifi_reads/HG04160.GRCh38_no_alt.sorted.bam,/gpfs/gibbs/pi/ycgh/wl474/YALE_VARIANT_CALLS_R2/samples/HG04160/alignments/GRCh38_no_alt/hifi_reads/HG04160.GRCh38_no_alt.sorted.bam.bai,/gpfs/gibbs/pi/ycgh/wl474/YALE_VARIANT_CALLS_R2/samples/HG04160/variant_calls/GRCh38_no_alt/svdss/HG04160.GRCh38_no_alt.svdss.vcf.gz
HG04184,female,/gpfs/gibbs/pi/ycgh/wl474/YALE_VARIANT_CALLS_R2/samples/HG04184/alignments/GRCh38_no_alt/hifi_reads/HG04184.GRCh38_no_alt.sorted.bam,/gpfs/gibbs/pi/ycgh/wl474/YALE_VARIANT_CALLS_R2/samples/HG04184/alignments/GRCh38_no_alt/hifi_reads/HG04184.GRCh38_no_alt.sorted.bam.bai,/gpfs/gibbs/pi/ycgh/wl474/YALE_VARIANT_CALLS_R2/samples/HG04184/variant_calls/GRCh38_no_alt/svdss/HG04184.GRCh38_no_alt.svdss.vcf.gz
HG04187,male,/gpfs/gibbs/pi/ycgh/wl474/YALE_VARIANT_CALLS_R2/samples/HG04187/alignments/GRCh38_no_alt/hifi_reads/HG04187.GRCh38_no_alt.sorted.bam,/gpfs/gibbs/pi/ycgh/wl474/YALE_VARIANT_CALLS_R2/samples/HG04187/alignments/GRCh38_no_alt/hifi_reads/HG04187.GRCh38_no_alt.sorted.bam.bai,/gpfs/gibbs/pi/ycgh/wl474/YALE_VARIANT_CALLS_R2/samples/HG04187/variant_calls/GRCh38_no_alt/svdss/HG04187.GRCh38_no_alt.svdss.vcf.gz
HG04199,male,/gpfs/gibbs/pi/ycgh/wl474/YALE_VARIANT_CALLS_R2/samples/HG04199/alignments/GRCh38_no_alt/hifi_reads/HG04199.GRCh38_no_alt.sorted.bam,/gpfs/gibbs/pi/ycgh/wl474/YALE_VARIANT_CALLS_R2/samples/HG04199/alignments/GRCh38_no_alt/hifi_reads/HG04199.GRCh38_no_alt.sorted.bam.bai,/gpfs/gibbs/pi/ycgh/wl474/YALE_VARIANT_CALLS_R2/samples/HG04199/variant_calls/GRCh38_no_alt/svdss/HG04199.GRCh38_no_alt.svdss.vcf.gz
HG04204,male,/gpfs/gibbs/pi/ycgh/wl474/YALE_VARIANT_CALLS_R2/samples/HG04204/alignments/GRCh38_no_alt/hifi_reads/HG04204.GRCh38_no_alt.sorted.bam,/gpfs/gibbs/pi/ycgh/wl474/YALE_VARIANT_CALLS_R2/samples/HG04204/alignments/GRCh38_no_alt/hifi_reads/HG04204.GRCh38_no_alt.sorted.bam.bai,/gpfs/gibbs/pi/ycgh/wl474/YALE_VARIANT_CALLS_R2/samples/HG04204/variant_calls/GRCh38_no_alt/svdss/HG04204.GRCh38_no_alt.svdss.vcf.gz
HG04228,male,/gpfs/gibbs/pi/ycgh/wl474/YALE_VARIANT_CALLS_R2/samples/HG04228/alignments/GRCh38_no_alt/hifi_reads/HG04228.GRCh38_no_alt.sorted.bam,/gpfs/gibbs/pi/ycgh/wl474/YALE_VARIANT_CALLS_R2/samples/HG04228/alignments/GRCh38_no_alt/hifi_reads/HG04228.GRCh38_no_alt.sorted.bam.bai,/gpfs/gibbs/pi/ycgh/wl474/YALE_VARIANT_CALLS_R2/samples/HG04228/variant_calls/GRCh38_no_alt/svdss/HG04228.GRCh38_no_alt.svdss.vcf.gz
HG06807,female,/gpfs/gibbs/pi/ycgh/wl474/YALE_VARIANT_CALLS_R2/samples/HG06807/alignments/GRCh38_no_alt/hifi_reads/HG06807.GRCh38_no_alt.sorted.bam,/gpfs/gibbs/pi/ycgh/wl474/YALE_VARIANT_CALLS_R2/samples/HG06807/alignments/GRCh38_no_alt/hifi_reads/HG06807.GRCh38_no_alt.sorted.bam.bai,/gpfs/gibbs/pi/ycgh/wl474/YALE_VARIANT_CALLS_R2/samples/HG06807/variant_calls/GRCh38_no_alt/svdss/HG06807.GRCh38_no_alt.svdss.vcf.gz
NA18505,female,/gpfs/gibbs/pi/ycgh/wl474/YALE_VARIANT_CALLS_R2/samples/NA18505/alignments/GRCh38_no_alt/hifi_reads/NA18505.GRCh38_no_alt.sorted.bam,/gpfs/gibbs/pi/ycgh/wl474/YALE_VARIANT_CALLS_R2/samples/NA18505/alignments/GRCh38_no_alt/hifi_reads/NA18505.GRCh38_no_alt.sorted.bam.bai,/gpfs/gibbs/pi/ycgh/wl474/YALE_VARIANT_CALLS_R2/samples/NA18505/variant_calls/GRCh38_no_alt/svdss/NA18505.GRCh38_no_alt.svdss.vcf.gz
NA18508,female,/gpfs/gibbs/pi/ycgh/wl474/YALE_VARIANT_CALLS_R2/samples/NA18508/alignments/GRCh38_no_alt/hifi_reads/NA18508.GRCh38_no_alt.sorted.bam,/gpfs/gibbs/pi/ycgh/wl474/YALE_VARIANT_CALLS_R2/samples/NA18508/alignments/GRCh38_no_alt/hifi_reads/NA18508.GRCh38_no_alt.sorted.bam.bai,/gpfs/gibbs/pi/ycgh/wl474/YALE_VARIANT_CALLS_R2/samples/NA18508/variant_calls/GRCh38_no_alt/svdss/NA18508.GRCh38_no_alt.svdss.vcf.gz
NA18522,male,/gpfs/gibbs/pi/ycgh/wl474/YALE_VARIANT_CALLS_R2/samples/NA18522/alignments/GRCh38_no_alt/hifi_reads/NA18522.GRCh38_no_alt.sorted.bam,/gpfs/gibbs/pi/ycgh/wl474/YALE_VARIANT_CALLS_R2/samples/NA18522/alignments/GRCh38_no_alt/hifi_reads/NA18522.GRCh38_no_alt.sorted.bam.bai,/gpfs/gibbs/pi/ycgh/wl474/YALE_VARIANT_CALLS_R2/samples/NA18522/variant_calls/GRCh38_no_alt/svdss/NA18522.GRCh38_no_alt.svdss.vcf.gz
NA18565,female,/gpfs/gibbs/pi/ycgh/wl474/YALE_VARIANT_CALLS_R2/samples/NA18565/alignments/GRCh38_no_alt/hifi_reads/NA18565.GRCh38_no_alt.sorted.bam,/gpfs/gibbs/pi/ycgh/wl474/YALE_VARIANT_CALLS_R2/samples/NA18565/alignments/GRCh38_no_alt/hifi_reads/NA18565.GRCh38_no_alt.sorted.bam.bai,/gpfs/gibbs/pi/ycgh/wl474/YALE_VARIANT_CALLS_R2/samples/NA18565/variant_calls/GRCh38_no_alt/svdss/NA18565.GRCh38_no_alt.svdss.vcf.gz
NA18570,female,/gpfs/gibbs/pi/ycgh/wl474/YALE_VARIANT_CALLS_R2/samples/NA18570/alignments/GRCh38_no_alt/hifi_reads/NA18570.GRCh38_no_alt.sorted.bam,/gpfs/gibbs/pi/ycgh/wl474/YALE_VARIANT_CALLS_R2/samples/NA18570/alignments/GRCh38_no_alt/hifi_reads/NA18570.GRCh38_no_alt.sorted.bam.bai,/gpfs/gibbs/pi/ycgh/wl474/YALE_VARIANT_CALLS_R2/samples/NA18570/variant_calls/GRCh38_no_alt/svdss/NA18570.GRCh38_no_alt.svdss.vcf.gz
NA18608,male,/gpfs/gibbs/pi/ycgh/wl474/YALE_VARIANT_CALLS_R2/samples/NA18608/alignments/GRCh38_no_alt/hifi_reads/NA18608.GRCh38_no_alt.sorted.bam,/gpfs/gibbs/pi/ycgh/wl474/YALE_VARIANT_CALLS_R2/samples/NA18608/alignments/GRCh38_no_alt/hifi_reads/NA18608.GRCh38_no_alt.sorted.bam.bai,/gpfs/gibbs/pi/ycgh/wl474/YALE_VARIANT_CALLS_R2/samples/NA18608/variant_calls/GRCh38_no_alt/svdss/NA18608.GRCh38_no_alt.svdss.vcf.gz
NA18620,male,/gpfs/gibbs/pi/ycgh/wl474/YALE_VARIANT_CALLS_R2/samples/NA18620/alignments/GRCh38_no_alt/hifi_reads/NA18620.GRCh38_no_alt.sorted.bam,/gpfs/gibbs/pi/ycgh/wl474/YALE_VARIANT_CALLS_R2/samples/NA18620/alignments/GRCh38_no_alt/hifi_reads/NA18620.GRCh38_no_alt.sorted.bam.bai,/gpfs/gibbs/pi/ycgh/wl474/YALE_VARIANT_CALLS_R2/samples/NA18620/variant_calls/GRCh38_no_alt/svdss/NA18620.GRCh38_no_alt.svdss.vcf.gz
NA18747,male,/gpfs/gibbs/pi/ycgh/wl474/YALE_VARIANT_CALLS_R2/samples/NA18747/alignments/GRCh38_no_alt/hifi_reads/NA18747.GRCh38_no_alt.sorted.bam,/gpfs/gibbs/pi/ycgh/wl474/YALE_VARIANT_CALLS_R2/samples/NA18747/alignments/GRCh38_no_alt/hifi_reads/NA18747.GRCh38_no_alt.sorted.bam.bai,/gpfs/gibbs/pi/ycgh/wl474/YALE_VARIANT_CALLS_R2/samples/NA18747/variant_calls/GRCh38_no_alt/svdss/NA18747.GRCh38_no_alt.svdss.vcf.gz
NA18879,male,/gpfs/gibbs/pi/ycgh/wl474/YALE_VARIANT_CALLS_R2/samples/NA18879/alignments/GRCh38_no_alt/hifi_reads/NA18879.GRCh38_no_alt.sorted.bam,/gpfs/gibbs/pi/ycgh/wl474/YALE_VARIANT_CALLS_R2/samples/NA18879/alignments/GRCh38_no_alt/hifi_reads/NA18879.GRCh38_no_alt.sorted.bam.bai,/gpfs/gibbs/pi/ycgh/wl474/YALE_VARIANT_CALLS_R2/samples/NA18879/variant_calls/GRCh38_no_alt/svdss/NA18879.GRCh38_no_alt.svdss.vcf.gz
NA18906,female,/gpfs/gibbs/pi/ycgh/wl474/YALE_VARIANT_CALLS_R2/samples/NA18906/alignments/GRCh38_no_alt/hifi_reads/NA18906.GRCh38_no_alt.sorted.bam,/gpfs/gibbs/pi/ycgh/wl474/YALE_VARIANT_CALLS_R2/samples/NA18906/alignments/GRCh38_no_alt/hifi_reads/NA18906.GRCh38_no_alt.sorted.bam.bai,/gpfs/gibbs/pi/ycgh/wl474/YALE_VARIANT_CALLS_R2/samples/NA18906/variant_calls/GRCh38_no_alt/svdss/NA18906.GRCh38_no_alt.svdss.vcf.gz
NA18940,male,/gpfs/gibbs/pi/ycgh/wl474/YALE_VARIANT_CALLS_R2/samples/NA18940/alignments/GRCh38_no_alt/hifi_reads/NA18940.GRCh38_no_alt.sorted.bam,/gpfs/gibbs/pi/ycgh/wl474/YALE_VARIANT_CALLS_R2/samples/NA18940/alignments/GRCh38_no_alt/hifi_reads/NA18940.GRCh38_no_alt.sorted.bam.bai,/gpfs/gibbs/pi/ycgh/wl474/YALE_VARIANT_CALLS_R2/samples/NA18940/variant_calls/GRCh38_no_alt/svdss/NA18940.GRCh38_no_alt.svdss.vcf.gz
NA18943,male,/gpfs/gibbs/pi/ycgh/wl474/YALE_VARIANT_CALLS_R2/samples/NA18943/alignments/GRCh38_no_alt/hifi_reads/NA18943.GRCh38_no_alt.sorted.bam,/gpfs/gibbs/pi/ycgh/wl474/YALE_VARIANT_CALLS_R2/samples/NA18943/alignments/GRCh38_no_alt/hifi_reads/NA18943.GRCh38_no_alt.sorted.bam.bai,/gpfs/gibbs/pi/ycgh/wl474/YALE_VARIANT_CALLS_R2/samples/NA18943/variant_calls/GRCh38_no_alt/svdss/NA18943.GRCh38_no_alt.svdss.vcf.gz
NA18944,male,/gpfs/gibbs/pi/ycgh/wl474/YALE_VARIANT_CALLS_R2/samples/NA18944/alignments/GRCh38_no_alt/hifi_reads/NA18944.GRCh38_no_alt.sorted.bam,/gpfs/gibbs/pi/ycgh/wl474/YALE_VARIANT_CALLS_R2/samples/NA18944/alignments/GRCh38_no_alt/hifi_reads/NA18944.GRCh38_no_alt.sorted.bam.bai,/gpfs/gibbs/pi/ycgh/wl474/YALE_VARIANT_CALLS_R2/samples/NA18944/variant_calls/GRCh38_no_alt/svdss/NA18944.GRCh38_no_alt.svdss.vcf.gz
NA18945,male,/gpfs/gibbs/pi/ycgh/wl474/YALE_VARIANT_CALLS_R2/samples/NA18945/alignments/GRCh38_no_alt/hifi_reads/NA18945.GRCh38_no_alt.sorted.bam,/gpfs/gibbs/pi/ycgh/wl474/YALE_VARIANT_CALLS_R2/samples/NA18945/alignments/GRCh38_no_alt/hifi_reads/NA18945.GRCh38_no_alt.sorted.bam.bai,/gpfs/gibbs/pi/ycgh/wl474/YALE_VARIANT_CALLS_R2/samples/NA18945/variant_calls/GRCh38_no_alt/svdss/NA18945.GRCh38_no_alt.svdss.vcf.gz
NA18948,male,/gpfs/gibbs/pi/ycgh/wl474/YALE_VARIANT_CALLS_R2/samples/NA18948/alignments/GRCh38_no_alt/hifi_reads/NA18948.GRCh38_no_alt.sorted.bam,/gpfs/gibbs/pi/ycgh/wl474/YALE_VARIANT_CALLS_R2/samples/NA18948/alignments/GRCh38_no_alt/hifi_reads/NA18948.GRCh38_no_alt.sorted.bam.bai,/gpfs/gibbs/pi/ycgh/wl474/YALE_VARIANT_CALLS_R2/samples/NA18948/variant_calls/GRCh38_no_alt/svdss/NA18948.GRCh38_no_alt.svdss.vcf.gz
NA18952,male,/gpfs/gibbs/pi/ycgh/wl474/YALE_VARIANT_CALLS_R2/samples/NA18952/alignments/GRCh38_no_alt/hifi_reads/NA18952.GRCh38_no_alt.sorted.bam,/gpfs/gibbs/pi/ycgh/wl474/YALE_VARIANT_CALLS_R2/samples/NA18952/alignments/GRCh38_no_alt/hifi_reads/NA18952.GRCh38_no_alt.sorted.bam.bai,/gpfs/gibbs/pi/ycgh/wl474/YALE_VARIANT_CALLS_R2/samples/NA18952/variant_calls/GRCh38_no_alt/svdss/NA18952.GRCh38_no_alt.svdss.vcf.gz
NA18959,male,/gpfs/gibbs/pi/ycgh/wl474/YALE_VARIANT_CALLS_R2/samples/NA18959/alignments/GRCh38_no_alt/hifi_reads/NA18959.GRCh38_no_alt.sorted.bam,/gpfs/gibbs/pi/ycgh/wl474/YALE_VARIANT_CALLS_R2/samples/NA18959/alignments/GRCh38_no_alt/hifi_reads/NA18959.GRCh38_no_alt.sorted.bam.bai,/gpfs/gibbs/pi/ycgh/wl474/YALE_VARIANT_CALLS_R2/samples/NA18959/variant_calls/GRCh38_no_alt/svdss/NA18959.GRCh38_no_alt.svdss.vcf.gz
NA18960,male,/gpfs/gibbs/pi/ycgh/wl474/YALE_VARIANT_CALLS_R2/samples/NA18960/alignments/GRCh38_no_alt/hifi_reads/NA18960.GRCh38_no_alt.sorted.bam,/gpfs/gibbs/pi/ycgh/wl474/YALE_VARIANT_CALLS_R2/samples/NA18960/alignments/GRCh38_no_alt/hifi_reads/NA18960.GRCh38_no_alt.sorted.bam.bai,/gpfs/gibbs/pi/ycgh/wl474/YALE_VARIANT_CALLS_R2/samples/NA18960/variant_calls/GRCh38_no_alt/svdss/NA18960.GRCh38_no_alt.svdss.vcf.gz
NA18967,male,/gpfs/gibbs/pi/ycgh/wl474/YALE_VARIANT_CALLS_R2/samples/NA18967/alignments/GRCh38_no_alt/hifi_reads/NA18967.GRCh38_no_alt.sorted.bam,/gpfs/gibbs/pi/ycgh/wl474/YALE_VARIANT_CALLS_R2/samples/NA18967/alignments/GRCh38_no_alt/hifi_reads/NA18967.GRCh38_no_alt.sorted.bam.bai,/gpfs/gibbs/pi/ycgh/wl474/YALE_VARIANT_CALLS_R2/samples/NA18967/variant_calls/GRCh38_no_alt/svdss/NA18967.GRCh38_no_alt.svdss.vcf.gz
NA18970,male,/gpfs/gibbs/pi/ycgh/wl474/YALE_VARIANT_CALLS_R2/samples/NA18970/alignments/GRCh38_no_alt/hifi_reads/NA18970.GRCh38_no_alt.sorted.bam,/gpfs/gibbs/pi/ycgh/wl474/YALE_VARIANT_CALLS_R2/samples/NA18970/alignments/GRCh38_no_alt/hifi_reads/NA18970.GRCh38_no_alt.sorted.bam.bai,/gpfs/gibbs/pi/ycgh/wl474/YALE_VARIANT_CALLS_R2/samples/NA18970/variant_calls/GRCh38_no_alt/svdss/NA18970.GRCh38_no_alt.svdss.vcf.gz
NA18971,male,/gpfs/gibbs/pi/ycgh/wl474/YALE_VARIANT_CALLS_R2/samples/NA18971/alignments/GRCh38_no_alt/hifi_reads/NA18971.GRCh38_no_alt.sorted.bam,/gpfs/gibbs/pi/ycgh/wl474/YALE_VARIANT_CALLS_R2/samples/NA18971/alignments/GRCh38_no_alt/hifi_reads/NA18971.GRCh38_no_alt.sorted.bam.bai,/gpfs/gibbs/pi/ycgh/wl474/YALE_VARIANT_CALLS_R2/samples/NA18971/variant_calls/GRCh38_no_alt/svdss/NA18971.GRCh38_no_alt.svdss.vcf.gz
NA18974,male,/gpfs/gibbs/pi/ycgh/wl474/YALE_VARIANT_CALLS_R2/samples/NA18974/alignments/GRCh38_no_alt/hifi_reads/NA18974.GRCh38_no_alt.sorted.bam,/gpfs/gibbs/pi/ycgh/wl474/YALE_VARIANT_CALLS_R2/samples/NA18974/alignments/GRCh38_no_alt/hifi_reads/NA18974.GRCh38_no_alt.sorted.bam.bai,/gpfs/gibbs/pi/ycgh/wl474/YALE_VARIANT_CALLS_R2/samples/NA18974/variant_calls/GRCh38_no_alt/svdss/NA18974.GRCh38_no_alt.svdss.vcf.gz
NA18976,female,/gpfs/gibbs/pi/ycgh/wl474/YALE_VARIANT_CALLS_R2/samples/NA18976/alignments/GRCh38_no_alt/hifi_reads/NA18976.GRCh38_no_alt.sorted.bam,/gpfs/gibbs/pi/ycgh/wl474/YALE_VARIANT_CALLS_R2/samples/NA18976/alignments/GRCh38_no_alt/hifi_reads/NA18976.GRCh38_no_alt.sorted.bam.bai,/gpfs/gibbs/pi/ycgh/wl474/YALE_VARIANT_CALLS_R2/samples/NA18976/variant_calls/GRCh38_no_alt/svdss/NA18976.GRCh38_no_alt.svdss.vcf.gz
NA18982,male,/gpfs/gibbs/pi/ycgh/wl474/YALE_VARIANT_CALLS_R2/samples/NA18982/alignments/GRCh38_no_alt/hifi_reads/NA18982.GRCh38_no_alt.sorted.bam,/gpfs/gibbs/pi/ycgh/wl474/YALE_VARIANT_CALLS_R2/samples/NA18982/alignments/GRCh38_no_alt/hifi_reads/NA18982.GRCh38_no_alt.sorted.bam.bai,/gpfs/gibbs/pi/ycgh/wl474/YALE_VARIANT_CALLS_R2/samples/NA18982/variant_calls/GRCh38_no_alt/svdss/NA18982.GRCh38_no_alt.svdss.vcf.gz
NA18983,male,/gpfs/gibbs/pi/ycgh/wl474/YALE_VARIANT_CALLS_R2/samples/NA18983/alignments/GRCh38_no_alt/hifi_reads/NA18983.GRCh38_no_alt.sorted.bam,/gpfs/gibbs/pi/ycgh/wl474/YALE_VARIANT_CALLS_R2/samples/NA18983/alignments/GRCh38_no_alt/hifi_reads/NA18983.GRCh38_no_alt.sorted.bam.bai,/gpfs/gibbs/pi/ycgh/wl474/YALE_VARIANT_CALLS_R2/samples/NA18983/variant_calls/GRCh38_no_alt/svdss/NA18983.GRCh38_no_alt.svdss.vcf.gz
NA19036,female,/gpfs/gibbs/pi/ycgh/wl474/YALE_VARIANT_CALLS_R2/samples/NA19036/alignments/GRCh38_no_alt/hifi_reads/NA19036.GRCh38_no_alt.sorted.bam,/gpfs/gibbs/pi/ycgh/wl474/YALE_VARIANT_CALLS_R2/samples/NA19036/alignments/GRCh38_no_alt/hifi_reads/NA19036.GRCh38_no_alt.sorted.bam.bai,/gpfs/gibbs/pi/ycgh/wl474/YALE_VARIANT_CALLS_R2/samples/NA19036/variant_calls/GRCh38_no_alt/svdss/NA19036.GRCh38_no_alt.svdss.vcf.gz
NA19043,male,/gpfs/gibbs/pi/ycgh/wl474/YALE_VARIANT_CALLS_R2/samples/NA19043/alignments/GRCh38_no_alt/hifi_reads/NA19043.GRCh38_no_alt.sorted.bam,/gpfs/gibbs/pi/ycgh/wl474/YALE_VARIANT_CALLS_R2/samples/NA19043/alignments/GRCh38_no_alt/hifi_reads/NA19043.GRCh38_no_alt.sorted.bam.bai,/gpfs/gibbs/pi/ycgh/wl474/YALE_VARIANT_CALLS_R2/samples/NA19043/variant_calls/GRCh38_no_alt/svdss/NA19043.GRCh38_no_alt.svdss.vcf.gz
NA19087,female,/gpfs/gibbs/pi/ycgh/wl474/YALE_VARIANT_CALLS_R2/samples/NA19087/alignments/GRCh38_no_alt/hifi_reads/NA19087.GRCh38_no_alt.sorted.bam,/gpfs/gibbs/pi/ycgh/wl474/YALE_VARIANT_CALLS_R2/samples/NA19087/alignments/GRCh38_no_alt/hifi_reads/NA19087.GRCh38_no_alt.sorted.bam.bai,/gpfs/gibbs/pi/ycgh/wl474/YALE_VARIANT_CALLS_R2/samples/NA19087/variant_calls/GRCh38_no_alt/svdss/NA19087.GRCh38_no_alt.svdss.vcf.gz
NA19159,female,/gpfs/gibbs/pi/ycgh/wl474/YALE_VARIANT_CALLS_R2/samples/NA19159/alignments/GRCh38_no_alt/hifi_reads/NA19159.GRCh38_no_alt.sorted.bam,/gpfs/gibbs/pi/ycgh/wl474/YALE_VARIANT_CALLS_R2/samples/NA19159/alignments/GRCh38_no_alt/hifi_reads/NA19159.GRCh38_no_alt.sorted.bam.bai,/gpfs/gibbs/pi/ycgh/wl474/YALE_VARIANT_CALLS_R2/samples/NA19159/variant_calls/GRCh38_no_alt/svdss/NA19159.GRCh38_no_alt.svdss.vcf.gz
NA19185,female,/gpfs/gibbs/pi/ycgh/wl474/YALE_VARIANT_CALLS_R2/samples/NA19185/alignments/GRCh38_no_alt/hifi_reads/NA19185.GRCh38_no_alt.sorted.bam,/gpfs/gibbs/pi/ycgh/wl474/YALE_VARIANT_CALLS_R2/samples/NA19185/alignments/GRCh38_no_alt/hifi_reads/NA19185.GRCh38_no_alt.sorted.bam.bai,/gpfs/gibbs/pi/ycgh/wl474/YALE_VARIANT_CALLS_R2/samples/NA19185/variant_calls/GRCh38_no_alt/svdss/NA19185.GRCh38_no_alt.svdss.vcf.gz
NA19240,female,/gpfs/gibbs/pi/ycgh/wl474/YALE_VARIANT_CALLS_R2/samples/NA19240/alignments/GRCh38_no_alt/hifi_reads/NA19240.GRCh38_no_alt.sorted.bam,/gpfs/gibbs/pi/ycgh/wl474/YALE_VARIANT_CALLS_R2/samples/NA19240/alignments/GRCh38_no_alt/hifi_reads/NA19240.GRCh38_no_alt.sorted.bam.bai,/gpfs/gibbs/pi/ycgh/wl474/YALE_VARIANT_CALLS_R2/samples/NA19240/variant_calls/GRCh38_no_alt/svdss/NA19240.GRCh38_no_alt.svdss.vcf.gz
NA19338,female,/gpfs/gibbs/pi/ycgh/wl474/YALE_VARIANT_CALLS_R2/samples/NA19338/alignments/GRCh38_no_alt/hifi_reads/NA19338.GRCh38_no_alt.sorted.bam,/gpfs/gibbs/pi/ycgh/wl474/YALE_VARIANT_CALLS_R2/samples/NA19338/alignments/GRCh38_no_alt/hifi_reads/NA19338.GRCh38_no_alt.sorted.bam.bai,/gpfs/gibbs/pi/ycgh/wl474/YALE_VARIANT_CALLS_R2/samples/NA19338/variant_calls/GRCh38_no_alt/svdss/NA19338.GRCh38_no_alt.svdss.vcf.gz
NA19391,female,/gpfs/gibbs/pi/ycgh/wl474/YALE_VARIANT_CALLS_R2/samples/NA19391/alignments/GRCh38_no_alt/hifi_reads/NA19391.GRCh38_no_alt.sorted.bam,/gpfs/gibbs/pi/ycgh/wl474/YALE_VARIANT_CALLS_R2/samples/NA19391/alignments/GRCh38_no_alt/hifi_reads/NA19391.GRCh38_no_alt.sorted.bam.bai,/gpfs/gibbs/pi/ycgh/wl474/YALE_VARIANT_CALLS_R2/samples/NA19391/variant_calls/GRCh38_no_alt/svdss/NA19391.GRCh38_no_alt.svdss.vcf.gz
NA19443,male,/gpfs/gibbs/pi/ycgh/wl474/YALE_VARIANT_CALLS_R2/samples/NA19443/alignments/GRCh38_no_alt/hifi_reads/NA19443.GRCh38_no_alt.sorted.bam,/gpfs/gibbs/pi/ycgh/wl474/YALE_VARIANT_CALLS_R2/samples/NA19443/alignments/GRCh38_no_alt/hifi_reads/NA19443.GRCh38_no_alt.sorted.bam.bai,/gpfs/gibbs/pi/ycgh/wl474/YALE_VARIANT_CALLS_R2/samples/NA19443/variant_calls/GRCh38_no_alt/svdss/NA19443.GRCh38_no_alt.svdss.vcf.gz
NA19468,female,/gpfs/gibbs/pi/ycgh/wl474/YALE_VARIANT_CALLS_R2/samples/NA19468/alignments/GRCh38_no_alt/hifi_reads/NA19468.GRCh38_no_alt.sorted.bam,/gpfs/gibbs/pi/ycgh/wl474/YALE_VARIANT_CALLS_R2/samples/NA19468/alignments/GRCh38_no_alt/hifi_reads/NA19468.GRCh38_no_alt.sorted.bam.bai,/gpfs/gibbs/pi/ycgh/wl474/YALE_VARIANT_CALLS_R2/samples/NA19468/variant_calls/GRCh38_no_alt/svdss/NA19468.GRCh38_no_alt.svdss.vcf.gz
NA19682,male,/gpfs/gibbs/pi/ycgh/wl474/YALE_VARIANT_CALLS_R2/samples/NA19682/alignments/GRCh38_no_alt/hifi_reads/NA19682.GRCh38_no_alt.sorted.bam,/gpfs/gibbs/pi/ycgh/wl474/YALE_VARIANT_CALLS_R2/samples/NA19682/alignments/GRCh38_no_alt/hifi_reads/NA19682.GRCh38_no_alt.sorted.bam.bai,/gpfs/gibbs/pi/ycgh/wl474/YALE_VARIANT_CALLS_R2/samples/NA19682/variant_calls/GRCh38_no_alt/svdss/NA19682.GRCh38_no_alt.svdss.vcf.gz
NA19700,male,/gpfs/gibbs/pi/ycgh/wl474/YALE_VARIANT_CALLS_R2/samples/NA19700/alignments/GRCh38_no_alt/hifi_reads/NA19700.GRCh38_no_alt.sorted.bam,/gpfs/gibbs/pi/ycgh/wl474/YALE_VARIANT_CALLS_R2/samples/NA19700/alignments/GRCh38_no_alt/hifi_reads/NA19700.GRCh38_no_alt.sorted.bam.bai,/gpfs/gibbs/pi/ycgh/wl474/YALE_VARIANT_CALLS_R2/samples/NA19700/variant_calls/GRCh38_no_alt/svdss/NA19700.GRCh38_no_alt.svdss.vcf.gz
NA19776,female,/gpfs/gibbs/pi/ycgh/wl474/YALE_VARIANT_CALLS_R2/samples/NA19776/alignments/GRCh38_no_alt/hifi_reads/NA19776.GRCh38_no_alt.sorted.bam,/gpfs/gibbs/pi/ycgh/wl474/YALE_VARIANT_CALLS_R2/samples/NA19776/alignments/GRCh38_no_alt/hifi_reads/NA19776.GRCh38_no_alt.sorted.bam.bai,/gpfs/gibbs/pi/ycgh/wl474/YALE_VARIANT_CALLS_R2/samples/NA19776/variant_calls/GRCh38_no_alt/svdss/NA19776.GRCh38_no_alt.svdss.vcf.gz
NA19835,female,/gpfs/gibbs/pi/ycgh/wl474/YALE_VARIANT_CALLS_R2/samples/NA19835/alignments/GRCh38_no_alt/hifi_reads/NA19835.GRCh38_no_alt.sorted.bam,/gpfs/gibbs/pi/ycgh/wl474/YALE_VARIANT_CALLS_R2/samples/NA19835/alignments/GRCh38_no_alt/hifi_reads/NA19835.GRCh38_no_alt.sorted.bam.bai,/gpfs/gibbs/pi/ycgh/wl474/YALE_VARIANT_CALLS_R2/samples/NA19835/variant_calls/GRCh38_no_alt/svdss/NA19835.GRCh38_no_alt.svdss.vcf.gz
NA19909,female,/gpfs/gibbs/pi/ycgh/wl474/YALE_VARIANT_CALLS_R2/samples/NA19909/alignments/GRCh38_no_alt/hifi_reads/NA19909.GRCh38_no_alt.sorted.bam,/gpfs/gibbs/pi/ycgh/wl474/YALE_VARIANT_CALLS_R2/samples/NA19909/alignments/GRCh38_no_alt/hifi_reads/NA19909.GRCh38_no_alt.sorted.bam.bai,/gpfs/gibbs/pi/ycgh/wl474/YALE_VARIANT_CALLS_R2/samples/NA19909/variant_calls/GRCh38_no_alt/svdss/NA19909.GRCh38_no_alt.svdss.vcf.gz
NA20129,female,/gpfs/gibbs/pi/ycgh/wl474/YALE_VARIANT_CALLS_R2/samples/NA20129/alignments/GRCh38_no_alt/hifi_reads/NA20129.GRCh38_no_alt.sorted.bam,/gpfs/gibbs/pi/ycgh/wl474/YALE_VARIANT_CALLS_R2/samples/NA20129/alignments/GRCh38_no_alt/hifi_reads/NA20129.GRCh38_no_alt.sorted.bam.bai,/gpfs/gibbs/pi/ycgh/wl474/YALE_VARIANT_CALLS_R2/samples/NA20129/variant_calls/GRCh38_no_alt/svdss/NA20129.GRCh38_no_alt.svdss.vcf.gz
NA20282,female,/gpfs/gibbs/pi/ycgh/wl474/YALE_VARIANT_CALLS_R2/samples/NA20282/alignments/GRCh38_no_alt/hifi_reads/NA20282.GRCh38_no_alt.sorted.bam,/gpfs/gibbs/pi/ycgh/wl474/YALE_VARIANT_CALLS_R2/samples/NA20282/alignments/GRCh38_no_alt/hifi_reads/NA20282.GRCh38_no_alt.sorted.bam.bai,/gpfs/gibbs/pi/ycgh/wl474/YALE_VARIANT_CALLS_R2/samples/NA20282/variant_calls/GRCh38_no_alt/svdss/NA20282.GRCh38_no_alt.svdss.vcf.gz
NA20346,male,/gpfs/gibbs/pi/ycgh/wl474/YALE_VARIANT_CALLS_R2/samples/NA20346/alignments/GRCh38_no_alt/hifi_reads/NA20346.GRCh38_no_alt.sorted.bam,/gpfs/gibbs/pi/ycgh/wl474/YALE_VARIANT_CALLS_R2/samples/NA20346/alignments/GRCh38_no_alt/hifi_reads/NA20346.GRCh38_no_alt.sorted.bam.bai,/gpfs/gibbs/pi/ycgh/wl474/YALE_VARIANT_CALLS_R2/samples/NA20346/variant_calls/GRCh38_no_alt/svdss/NA20346.GRCh38_no_alt.svdss.vcf.gz
NA20503,female,/gpfs/gibbs/pi/ycgh/wl474/YALE_VARIANT_CALLS_R2/samples/NA20503/alignments/GRCh38_no_alt/hifi_reads/NA20503.GRCh38_no_alt.sorted.bam,/gpfs/gibbs/pi/ycgh/wl474/YALE_VARIANT_CALLS_R2/samples/NA20503/alignments/GRCh38_no_alt/hifi_reads/NA20503.GRCh38_no_alt.sorted.bam.bai,/gpfs/gibbs/pi/ycgh/wl474/YALE_VARIANT_CALLS_R2/samples/NA20503/variant_calls/GRCh38_no_alt/svdss/NA20503.GRCh38_no_alt.svdss.vcf.gz
NA20752,male,/gpfs/gibbs/pi/ycgh/wl474/YALE_VARIANT_CALLS_R2/samples/NA20752/alignments/GRCh38_no_alt/hifi_reads/NA20752.GRCh38_no_alt.sorted.bam,/gpfs/gibbs/pi/ycgh/wl474/YALE_VARIANT_CALLS_R2/samples/NA20752/alignments/GRCh38_no_alt/hifi_reads/NA20752.GRCh38_no_alt.sorted.bam.bai,/gpfs/gibbs/pi/ycgh/wl474/YALE_VARIANT_CALLS_R2/samples/NA20752/variant_calls/GRCh38_no_alt/svdss/NA20752.GRCh38_no_alt.svdss.vcf.gz
NA20762,male,/gpfs/gibbs/pi/ycgh/wl474/YALE_VARIANT_CALLS_R2/samples/NA20762/alignments/GRCh38_no_alt/hifi_reads/NA20762.GRCh38_no_alt.sorted.bam,/gpfs/gibbs/pi/ycgh/wl474/YALE_VARIANT_CALLS_R2/samples/NA20762/alignments/GRCh38_no_alt/hifi_reads/NA20762.GRCh38_no_alt.sorted.bam.bai,/gpfs/gibbs/pi/ycgh/wl474/YALE_VARIANT_CALLS_R2/samples/NA20762/variant_calls/GRCh38_no_alt/svdss/NA20762.GRCh38_no_alt.svdss.vcf.gz
NA20799,female,/gpfs/gibbs/pi/ycgh/wl474/YALE_VARIANT_CALLS_R2/samples/NA20799/alignments/GRCh38_no_alt/hifi_reads/NA20799.GRCh38_no_alt.sorted.bam,/gpfs/gibbs/pi/ycgh/wl474/YALE_VARIANT_CALLS_R2/samples/NA20799/alignments/GRCh38_no_alt/hifi_reads/NA20799.GRCh38_no_alt.sorted.bam.bai,/gpfs/gibbs/pi/ycgh/wl474/YALE_VARIANT_CALLS_R2/samples/NA20799/variant_calls/GRCh38_no_alt/svdss/NA20799.GRCh38_no_alt.svdss.vcf.gz
NA20805,male,/gpfs/gibbs/pi/ycgh/wl474/YALE_VARIANT_CALLS_R2/samples/NA20805/alignments/GRCh38_no_alt/hifi_reads/NA20805.GRCh38_no_alt.sorted.bam,/gpfs/gibbs/pi/ycgh/wl474/YALE_VARIANT_CALLS_R2/samples/NA20805/alignments/GRCh38_no_alt/hifi_reads/NA20805.GRCh38_no_alt.sorted.bam.bai,/gpfs/gibbs/pi/ycgh/wl474/YALE_VARIANT_CALLS_R2/samples/NA20805/variant_calls/GRCh38_no_alt/svdss/NA20805.GRCh38_no_alt.svdss.vcf.gz
NA20806,male,/gpfs/gibbs/pi/ycgh/wl474/YALE_VARIANT_CALLS_R2/samples/NA20806/alignments/GRCh38_no_alt/hifi_reads/NA20806.GRCh38_no_alt.sorted.bam,/gpfs/gibbs/pi/ycgh/wl474/YALE_VARIANT_CALLS_R2/samples/NA20806/alignments/GRCh38_no_alt/hifi_reads/NA20806.GRCh38_no_alt.sorted.bam.bai,/gpfs/gibbs/pi/ycgh/wl474/YALE_VARIANT_CALLS_R2/samples/NA20806/variant_calls/GRCh38_no_alt/svdss/NA20806.GRCh38_no_alt.svdss.vcf.gz
NA20809,male,/gpfs/gibbs/pi/ycgh/wl474/YALE_VARIANT_CALLS_R2/samples/NA20809/alignments/GRCh38_no_alt/hifi_reads/NA20809.GRCh38_no_alt.sorted.bam,/gpfs/gibbs/pi/ycgh/wl474/YALE_VARIANT_CALLS_R2/samples/NA20809/alignments/GRCh38_no_alt/hifi_reads/NA20809.GRCh38_no_alt.sorted.bam.bai,/gpfs/gibbs/pi/ycgh/wl474/YALE_VARIANT_CALLS_R2/samples/NA20809/variant_calls/GRCh38_no_alt/svdss/NA20809.GRCh38_no_alt.svdss.vcf.gz
NA20827,male,/gpfs/gibbs/pi/ycgh/wl474/YALE_VARIANT_CALLS_R2/samples/NA20827/alignments/GRCh38_no_alt/hifi_reads/NA20827.GRCh38_no_alt.sorted.bam,/gpfs/gibbs/pi/ycgh/wl474/YALE_VARIANT_CALLS_R2/samples/NA20827/alignments/GRCh38_no_alt/hifi_reads/NA20827.GRCh38_no_alt.sorted.bam.bai,/gpfs/gibbs/pi/ycgh/wl474/YALE_VARIANT_CALLS_R2/samples/NA20827/variant_calls/GRCh38_no_alt/svdss/NA20827.GRCh38_no_alt.svdss.vcf.gz
NA20850,male,/gpfs/gibbs/pi/ycgh/wl474/YALE_VARIANT_CALLS_R2/samples/NA20850/alignments/GRCh38_no_alt/hifi_reads/NA20850.GRCh38_no_alt.sorted.bam,/gpfs/gibbs/pi/ycgh/wl474/YALE_VARIANT_CALLS_R2/samples/NA20850/alignments/GRCh38_no_alt/hifi_reads/NA20850.GRCh38_no_alt.sorted.bam.bai,/gpfs/gibbs/pi/ycgh/wl474/YALE_VARIANT_CALLS_R2/samples/NA20850/variant_calls/GRCh38_no_alt/svdss/NA20850.GRCh38_no_alt.svdss.vcf.gz
NA20870,male,/gpfs/gibbs/pi/ycgh/wl474/YALE_VARIANT_CALLS_R2/samples/NA20870/alignments/GRCh38_no_alt/hifi_reads/NA20870.GRCh38_no_alt.sorted.bam,/gpfs/gibbs/pi/ycgh/wl474/YALE_VARIANT_CALLS_R2/samples/NA20870/alignments/GRCh38_no_alt/hifi_reads/NA20870.GRCh38_no_alt.sorted.bam.bai,/gpfs/gibbs/pi/ycgh/wl474/YALE_VARIANT_CALLS_R2/samples/NA20870/variant_calls/GRCh38_no_alt/svdss/NA20870.GRCh38_no_alt.svdss.vcf.gz
NA20905,male,/gpfs/gibbs/pi/ycgh/wl474/YALE_VARIANT_CALLS_R2/samples/NA20905/alignments/GRCh38_no_alt/hifi_reads/NA20905.GRCh38_no_alt.sorted.bam,/gpfs/gibbs/pi/ycgh/wl474/YALE_VARIANT_CALLS_R2/samples/NA20905/alignments/GRCh38_no_alt/hifi_reads/NA20905.GRCh38_no_alt.sorted.bam.bai,/gpfs/gibbs/pi/ycgh/wl474/YALE_VARIANT_CALLS_R2/samples/NA20905/variant_calls/GRCh38_no_alt/svdss/NA20905.GRCh38_no_alt.svdss.vcf.gz
NA21093,male,/gpfs/gibbs/pi/ycgh/wl474/YALE_VARIANT_CALLS_R2/samples/NA21093/alignments/GRCh38_no_alt/hifi_reads/NA21093.GRCh38_no_alt.sorted.bam,/gpfs/gibbs/pi/ycgh/wl474/YALE_VARIANT_CALLS_R2/samples/NA21093/alignments/GRCh38_no_alt/hifi_reads/NA21093.GRCh38_no_alt.sorted.bam.bai,/gpfs/gibbs/pi/ycgh/wl474/YALE_VARIANT_CALLS_R2/samples/NA21093/variant_calls/GRCh38_no_alt/svdss/NA21093.GRCh38_no_alt.svdss.vcf.gz
NA21102,female,/gpfs/gibbs/pi/ycgh/wl474/YALE_VARIANT_CALLS_R2/samples/NA21102/alignments/GRCh38_no_alt/hifi_reads/NA21102.GRCh38_no_alt.sorted.bam,/gpfs/gibbs/pi/ycgh/wl474/YALE_VARIANT_CALLS_R2/samples/NA21102/alignments/GRCh38_no_alt/hifi_reads/NA21102.GRCh38_no_alt.sorted.bam.bai,/gpfs/gibbs/pi/ycgh/wl474/YALE_VARIANT_CALLS_R2/samples/NA21102/variant_calls/GRCh38_no_alt/svdss/NA21102.GRCh38_no_alt.svdss.vcf.gz
NA21106,female,/gpfs/gibbs/pi/ycgh/wl474/YALE_VARIANT_CALLS_R2/samples/NA21106/alignments/GRCh38_no_alt/hifi_reads/NA21106.GRCh38_no_alt.sorted.bam,/gpfs/gibbs/pi/ycgh/wl474/YALE_VARIANT_CALLS_R2/samples/NA21106/alignments/GRCh38_no_alt/hifi_reads/NA21106.GRCh38_no_alt.sorted.bam.bai,/gpfs/gibbs/pi/ycgh/wl474/YALE_VARIANT_CALLS_R2/samples/NA21106/variant_calls/GRCh38_no_alt/svdss/NA21106.GRCh38_no_alt.svdss.vcf.gz
NA21110,female,/gpfs/gibbs/pi/ycgh/wl474/YALE_VARIANT_CALLS_R2/samples/NA21110/alignments/GRCh38_no_alt/hifi_reads/NA21110.GRCh38_no_alt.sorted.bam,/gpfs/gibbs/pi/ycgh/wl474/YALE_VARIANT_CALLS_R2/samples/NA21110/alignments/GRCh38_no_alt/hifi_reads/NA21110.GRCh38_no_alt.sorted.bam.bai,/gpfs/gibbs/pi/ycgh/wl474/YALE_VARIANT_CALLS_R2/samples/NA21110/variant_calls/GRCh38_no_alt/svdss/NA21110.GRCh38_no_alt.svdss.vcf.gz
NA21144,female,/gpfs/gibbs/pi/ycgh/wl474/YALE_VARIANT_CALLS_R2/samples/NA21144/alignments/GRCh38_no_alt/hifi_reads/NA21144.GRCh38_no_alt.sorted.bam,/gpfs/gibbs/pi/ycgh/wl474/YALE_VARIANT_CALLS_R2/samples/NA21144/alignments/GRCh38_no_alt/hifi_reads/NA21144.GRCh38_no_alt.sorted.bam.bai,/gpfs/gibbs/pi/ycgh/wl474/YALE_VARIANT_CALLS_R2/samples/NA21144/variant_calls/GRCh38_no_alt/svdss/NA21144.GRCh38_no_alt.svdss.vcf.gz
NA21309,female,/gpfs/gibbs/pi/ycgh/wl474/YALE_VARIANT_CALLS_R2/samples/NA21309/alignments/GRCh38_no_alt/hifi_reads/NA21309.GRCh38_no_alt.sorted.bam,/gpfs/gibbs/pi/ycgh/wl474/YALE_VARIANT_CALLS_R2/samples/NA21309/alignments/GRCh38_no_alt/hifi_reads/NA21309.GRCh38_no_alt.sorted.bam.bai,/gpfs/gibbs/pi/ycgh/wl474/YALE_VARIANT_CALLS_R2/samples/NA21309/variant_calls/GRCh38_no_alt/svdss/NA21309.GRCh38_no_alt.svdss.vcf.gz
