sample,sex,hap1,hap2
HG00097,female,/gpfs/gibbs/pi/ycgh/wl474/HPRC_Release_2/HG00097/assemblies/HG00097_hap1_hprc_r2_v1.0.1.fa.gz,/gpfs/gibbs/pi/ycgh/wl474/HPRC_Release_2/HG00097/assemblies/HG00097_hap2_hprc_r2_v1.0.1.fa.gz
HG00099,female,/gpfs/gibbs/pi/ycgh/wl474/HPRC_Release_2/HG00099/assemblies/HG00099_hap1_hprc_r2_v1.0.1.fa.gz,/gpfs/gibbs/pi/ycgh/wl474/HPRC_Release_2/HG00099/assemblies/HG00099_hap2_hprc_r2_v1.0.1.fa.gz
HG00126,male,/gpfs/gibbs/pi/ycgh/wl474/HPRC_Release_2/HG00126/assemblies/HG00126_hap1_hprc_r2_v1.0.1.fa.gz,/gpfs/gibbs/pi/ycgh/wl474/HPRC_Release_2/HG00126/assemblies/HG00126_hap2_hprc_r2_v1.0.1.fa.gz
HG00128,female,/gpfs/gibbs/pi/ycgh/wl474/HPRC_Release_2/HG00128/assemblies/HG00128_hap1_hprc_r2_v1.0.1.fa.gz,/gpfs/gibbs/pi/ycgh/wl474/HPRC_Release_2/HG00128/assemblies/HG00128_hap2_hprc_r2_v1.0.1.fa.gz
HG00133,female,/gpfs/gibbs/pi/ycgh/wl474/HPRC_Release_2/HG00133/assemblies/HG00133_hap1_hprc_r2_v1.0.1.fa.gz,/gpfs/gibbs/pi/ycgh/wl474/HPRC_Release_2/HG00133/assemblies/HG00133_hap2_hprc_r2_v1.0.1.fa.gz
HG00140,male,/gpfs/gibbs/pi/ycgh/wl474/HPRC_Release_2/HG00140/assemblies/HG00140_hap1_hprc_r2_v1.0.1.fa.gz,/gpfs/gibbs/pi/ycgh/wl474/HPRC_Release_2/HG00140/assemblies/HG00140_hap2_hprc_r2_v1.0.1.fa.gz
HG00146,female,/gpfs/gibbs/pi/ycgh/wl474/HPRC_Release_2/HG00146/assemblies/HG00146_hap1_hprc_r2_v1.0.1.fa.gz,/gpfs/gibbs/pi/ycgh/wl474/HPRC_Release_2/HG00146/assemblies/HG00146_hap2_hprc_r2_v1.0.1.fa.gz
HG00232,female,/gpfs/gibbs/pi/ycgh/wl474/HPRC_Release_2/HG00232/assemblies/HG00232_hap1_hprc_r2_v1.0.1.fa.gz,/gpfs/gibbs/pi/ycgh/wl474/HPRC_Release_2/HG00232/assemblies/HG00232_hap2_hprc_r2_v1.0.1.fa.gz
HG00235,female,/gpfs/gibbs/pi/ycgh/wl474/HPRC_Release_2/HG00235/assemblies/HG00235_hap1_hprc_r2_v1.0.1.fa.gz,/gpfs/gibbs/pi/ycgh/wl474/HPRC_Release_2/HG00235/assemblies/HG00235_hap2_hprc_r2_v1.0.1.fa.gz
HG00253,female,/gpfs/gibbs/pi/ycgh/wl474/HPRC_Release_2/HG00253/assemblies/HG00253_hap1_hprc_r2_v1.0.1.fa.gz,/gpfs/gibbs/pi/ycgh/wl474/HPRC_Release_2/HG00253/assemblies/HG00253_hap2_hprc_r2_v1.0.1.fa.gz
HG00272,female,/gpfs/gibbs/pi/ycgh/wl474/HPRC_Release_2/HG00272/assemblies/HG00272_hap1_hprc_r2_v1.0.1.fa.gz,/gpfs/gibbs/pi/ycgh/wl474/HPRC_Release_2/HG00272/assemblies/HG00272_hap2_hprc_r2_v1.0.1.fa.gz
HG00280,male,/gpfs/gibbs/pi/ycgh/wl474/HPRC_Release_2/HG00280/assemblies/HG00280_hap1_hprc_r2_v1.0.1.fa.gz,/gpfs/gibbs/pi/ycgh/wl474/HPRC_Release_2/HG00280/assemblies/HG00280_hap2_hprc_r2_v1.0.1.fa.gz
HG00290,male,/gpfs/gibbs/pi/ycgh/wl474/HPRC_Release_2/HG00290/assemblies/HG00290_hap1_hprc_r2_v1.0.1.fa.gz,/gpfs/gibbs/pi/ycgh/wl474/HPRC_Release_2/HG00290/assemblies/HG00290_hap2_hprc_r2_v1.0.1.fa.gz
HG00320,female,/gpfs/gibbs/pi/ycgh/wl474/HPRC_Release_2/HG00320/assemblies/HG00320_hap1_hprc_r2_v1.0.1.fa.gz,/gpfs/gibbs/pi/ycgh/wl474/HPRC_Release_2/HG00320/assemblies/HG00320_hap2_hprc_r2_v1.0.1.fa.gz
HG00321,male,/gpfs/gibbs/pi/ycgh/wl474/HPRC_Release_2/HG00321/assemblies/HG00321_hap1_hprc_r2_v1.0.1.fa.gz,/gpfs/gibbs/pi/ycgh/wl474/HPRC_Release_2/HG00321/assemblies/HG00321_hap2_hprc_r2_v1.0.1.fa.gz
HG00323,female,/gpfs/gibbs/pi/ycgh/wl474/HPRC_Release_2/HG00323/assemblies/HG00323_hap1_hprc_r2_v1.0.1.fa.gz,/gpfs/gibbs/pi/ycgh/wl474/HPRC_Release_2/HG00323/assemblies/HG00323_hap2_hprc_r2_v1.0.1.fa.gz
HG00329,male,/gpfs/gibbs/pi/ycgh/wl474/HPRC_Release_2/HG00329/assemblies/HG00329_hap1_hprc_r2_v1.0.1.fa.gz,/gpfs/gibbs/pi/ycgh/wl474/HPRC_Release_2/HG00329/assemblies/HG00329_hap2_hprc_r2_v1.0.1.fa.gz
HG00344,female,/gpfs/gibbs/pi/ycgh/wl474/HPRC_Release_2/HG00344/assemblies/HG00344_hap1_hprc_r2_v1.0.1.fa.gz,/gpfs/gibbs/pi/ycgh/wl474/HPRC_Release_2/HG00344/assemblies/HG00344_hap2_hprc_r2_v1.0.1.fa.gz
HG00350,female,/gpfs/gibbs/pi/ycgh/wl474/HPRC_Release_2/HG00350/assemblies/HG00350_hap1_hprc_r2_v1.0.1.fa.gz,/gpfs/gibbs/pi/ycgh/wl474/HPRC_Release_2/HG00350/assemblies/HG00350_hap2_hprc_r2_v1.0.1.fa.gz
HG00408,female,/gpfs/gibbs/pi/ycgh/wl474/HPRC_Release_2/HG00408/assemblies/HG00408_pat_hprc_r2_v1.0.1.fa.gz,/gpfs/gibbs/pi/ycgh/wl474/HPRC_Release_2/HG00408/assemblies/HG00408_mat_hprc_r2_v1.0.1.fa.gz
HG00423,female,/gpfs/gibbs/pi/ycgh/wl474/HPRC_Release_2/HG00423/assemblies/HG00423_pat_hprc_r2_v1.0.1.fa.gz,/gpfs/gibbs/pi/ycgh/wl474/HPRC_Release_2/HG00423/assemblies/HG00423_mat_hprc_r2_v1.0.1.fa.gz
HG00438,female,/gpfs/gibbs/pi/ycgh/wl474/HPRC_Release_2/HG00438/assemblies/HG00438_pat_hprc_r2_v1.0.1.fa.gz,/gpfs/gibbs/pi/ycgh/wl474/HPRC_Release_2/HG00438/assemblies/HG00438_mat_hprc_r2_v1.0.1.fa.gz
HG005,male,/gpfs/gibbs/pi/ycgh/wl474/HPRC_Release_2/HG005/assemblies/HG005_pat_hprc_r2_v1.0.1.fa.gz,/gpfs/gibbs/pi/ycgh/wl474/HPRC_Release_2/HG005/assemblies/HG005_mat_hprc_r2_v1.0.1.fa.gz
HG00544,female,/gpfs/gibbs/pi/ycgh/wl474/HPRC_Release_2/HG00544/assemblies/HG00544_pat_hprc_r2_v1.0.1.fa.gz,/gpfs/gibbs/pi/ycgh/wl474/HPRC_Release_2/HG00544/assemblies/HG00544_mat_hprc_r2_v1.0.1.fa.gz
HG00558,female,/gpfs/gibbs/pi/ycgh/wl474/HPRC_Release_2/HG00558/assemblies/HG00558_pat_hprc_r2_v1.0.1.fa.gz,/gpfs/gibbs/pi/ycgh/wl474/HPRC_Release_2/HG00558/assemblies/HG00558_mat_hprc_r2_v1.0.1.fa.gz
HG00597,female,/gpfs/gibbs/pi/ycgh/wl474/HPRC_Release_2/HG00597/assemblies/HG00597_pat_hprc_r2_v1.0.1.fa.gz,/gpfs/gibbs/pi/ycgh/wl474/HPRC_Release_2/HG00597/assemblies/HG00597_mat_hprc_r2_v1.0.1.fa.gz
HG00609,male,/gpfs/gibbs/pi/ycgh/wl474/HPRC_Release_2/HG00609/assemblies/HG00609_pat_hprc_r2_v1.0.1.fa.gz,/gpfs/gibbs/pi/ycgh/wl474/HPRC_Release_2/HG00609/assemblies/HG00609_mat_hprc_r2_v1.0.1.fa.gz
HG00621,male,/gpfs/gibbs/pi/ycgh/wl474/HPRC_Release_2/HG00621/assemblies/HG00621_pat_hprc_r2_v1.0.1.fa.gz,/gpfs/gibbs/pi/ycgh/wl474/HPRC_Release_2/HG00621/assemblies/HG00621_mat_hprc_r2_v1.0.1.fa.gz
HG00639,female,/gpfs/gibbs/pi/ycgh/wl474/HPRC_Release_2/HG00639/assemblies/HG00639_pat_hprc_r2_v1.0.1.fa.gz,/gpfs/gibbs/pi/ycgh/wl474/HPRC_Release_2/HG00639/assemblies/HG00639_mat_hprc_r2_v1.0.1.fa.gz
HG00642,male,/gpfs/gibbs/pi/ycgh/wl474/HPRC_Release_2/HG00642/assemblies/HG00642_pat_hprc_r2_v1.0.1.fa.gz,/gpfs/gibbs/pi/ycgh/wl474/HPRC_Release_2/HG00642/assemblies/HG00642_mat_hprc_r2_v1.0.1.fa.gz
HG00658,male,/gpfs/gibbs/pi/ycgh/wl474/HPRC_Release_2/HG00658/assemblies/HG00658_pat_hprc_r2_v1.0.1.fa.gz,/gpfs/gibbs/pi/ycgh/wl474/HPRC_Release_2/HG00658/assemblies/HG00658_mat_hprc_r2_v1.0.1.fa.gz
HG00673,male,/gpfs/gibbs/pi/ycgh/wl474/HPRC_Release_2/HG00673/assemblies/HG00673_pat_hprc_r2_v1.0.1.fa.gz,/gpfs/gibbs/pi/ycgh/wl474/HPRC_Release_2/HG00673/assemblies/HG00673_mat_hprc_r2_v1.0.1.fa.gz
HG00706,male,/gpfs/gibbs/pi/ycgh/wl474/HPRC_Release_2/HG00706/assemblies/HG00706_pat_hprc_r2_v1.0.1.fa.gz,/gpfs/gibbs/pi/ycgh/wl474/HPRC_Release_2/HG00706/assemblies/HG00706_mat_hprc_r2_v1.0.1.fa.gz
HG00733,female,/gpfs/gibbs/pi/ycgh/wl474/HPRC_Release_2/HG00733/assemblies/HG00733_pat_hprc_r2_v1.0.1.fa.gz,/gpfs/gibbs/pi/ycgh/wl474/HPRC_Release_2/HG00733/assemblies/HG00733_mat_hprc_r2_v1.0.1.fa.gz
HG00735,female,/gpfs/gibbs/pi/ycgh/wl474/HPRC_Release_2/HG00735/assemblies/HG00735_pat_hprc_r2_v1.0.1.fa.gz,/gpfs/gibbs/pi/ycgh/wl474/HPRC_Release_2/HG00735/assemblies/HG00735_mat_hprc_r2_v1.0.1.fa.gz
HG00738,male,/gpfs/gibbs/pi/ycgh/wl474/HPRC_Release_2/HG00738/assemblies/HG00738_pat_hprc_r2_v1.0.1.fa.gz,/gpfs/gibbs/pi/ycgh/wl474/HPRC_Release_2/HG00738/assemblies/HG00738_mat_hprc_r2_v1.0.1.fa.gz
HG00741,female,/gpfs/gibbs/pi/ycgh/wl474/HPRC_Release_2/HG00741/assemblies/HG00741_pat_hprc_r2_v1.0.1.fa.gz,/gpfs/gibbs/pi/ycgh/wl474/HPRC_Release_2/HG00741/assemblies/HG00741_mat_hprc_r2_v1.0.1.fa.gz
HG01071,female,/gpfs/gibbs/pi/ycgh/wl474/HPRC_Release_2/HG01071/assemblies/HG01071_pat_hprc_r2_v1.0.1.fa.gz,/gpfs/gibbs/pi/ycgh/wl474/HPRC_Release_2/HG01071/assemblies/HG01071_mat_hprc_r2_v1.0.1.fa.gz
HG01074,male,/gpfs/gibbs/pi/ycgh/wl474/HPRC_Release_2/HG01074/assemblies/HG01074_pat_hprc_r2_v1.0.1.fa.gz,/gpfs/gibbs/pi/ycgh/wl474/HPRC_Release_2/HG01074/assemblies/HG01074_mat_hprc_r2_v1.0.1.fa.gz
HG01081,female,/gpfs/gibbs/pi/ycgh/wl474/HPRC_Release_2/HG01081/assemblies/HG01081_pat_hprc_r2_v1.0.1.fa.gz,/gpfs/gibbs/pi/ycgh/wl474/HPRC_Release_2/HG01081/assemblies/HG01081_mat_hprc_r2_v1.0.1.fa.gz
HG01099,male,/gpfs/gibbs/pi/ycgh/wl474/HPRC_Release_2/HG01099/assemblies/HG01099_pat_hprc_r2_v1.0.1.fa.gz,/gpfs/gibbs/pi/ycgh/wl474/HPRC_Release_2/HG01099/assemblies/HG01099_mat_hprc_r2_v1.0.1.fa.gz
HG01106,male,/gpfs/gibbs/pi/ycgh/wl474/HPRC_Release_2/HG01106/assemblies/HG01106_pat_hprc_r2_v1.0.1.fa.gz,/gpfs/gibbs/pi/ycgh/wl474/HPRC_Release_2/HG01106/assemblies/HG01106_mat_hprc_r2_v1.0.1.fa.gz
HG01109,male,/gpfs/gibbs/pi/ycgh/wl474/HPRC_Release_2/HG01109/assemblies/HG01109_pat_hprc_r2_v1.0.1.fa.gz,/gpfs/gibbs/pi/ycgh/wl474/HPRC_Release_2/HG01109/assemblies/HG01109_mat_hprc_r2_v1.0.1.fa.gz
HG01123,female,/gpfs/gibbs/pi/ycgh/wl474/HPRC_Release_2/HG01123/assemblies/HG01123_pat_hprc_r2_v1.0.1.fa.gz,/gpfs/gibbs/pi/ycgh/wl474/HPRC_Release_2/HG01123/assemblies/HG01123_mat_hprc_r2_v1.0.1.fa.gz
HG01150,female,/gpfs/gibbs/pi/ycgh/wl474/HPRC_Release_2/HG01150/assemblies/HG01150_pat_hprc_r2_v1.0.1.fa.gz,/gpfs/gibbs/pi/ycgh/wl474/HPRC_Release_2/HG01150/assemblies/HG01150_mat_hprc_r2_v1.0.1.fa.gz
HG01167,male,/gpfs/gibbs/pi/ycgh/wl474/HPRC_Release_2/HG01167/assemblies/HG01167_hap1_hprc_r2_v1.0.1.fa.gz,/gpfs/gibbs/pi/ycgh/wl474/HPRC_Release_2/HG01167/assemblies/HG01167_hap2_hprc_r2_v1.0.1.fa.gz
HG01175,female,/gpfs/gibbs/pi/ycgh/wl474/HPRC_Release_2/HG01175/assemblies/HG01175_pat_hprc_r2_v1.0.1.fa.gz,/gpfs/gibbs/pi/ycgh/wl474/HPRC_Release_2/HG01175/assemblies/HG01175_mat_hprc_r2_v1.0.1.fa.gz
HG01192,male,/gpfs/gibbs/pi/ycgh/wl474/HPRC_Release_2/HG01192/assemblies/HG01192_pat_hprc_r2_v1.0.1.fa.gz,/gpfs/gibbs/pi/ycgh/wl474/HPRC_Release_2/HG01192/assemblies/HG01192_mat_hprc_r2_v1.0.1.fa.gz
HG01243,male,/gpfs/gibbs/pi/ycgh/wl474/HPRC_Release_2/HG01243/assemblies/HG01243_pat_hprc_r2_v1.0.1.fa.gz,/gpfs/gibbs/pi/ycgh/wl474/HPRC_Release_2/HG01243/assemblies/HG01243_mat_hprc_r2_v1.0.1.fa.gz
HG01252,male,/gpfs/gibbs/pi/ycgh/wl474/HPRC_Release_2/HG01252/assemblies/HG01252_pat_hprc_r2_v1.0.1.fa.gz,/gpfs/gibbs/pi/ycgh/wl474/HPRC_Release_2/HG01252/assemblies/HG01252_mat_hprc_r2_v1.0.1.fa.gz
HG01255,male,/gpfs/gibbs/pi/ycgh/wl474/HPRC_Release_2/HG01255/assemblies/HG01255_pat_hprc_r2_v1.0.1.fa.gz,/gpfs/gibbs/pi/ycgh/wl474/HPRC_Release_2/HG01255/assemblies/HG01255_mat_hprc_r2_v1.0.1.fa.gz
HG01258,male,/gpfs/gibbs/pi/ycgh/wl474/HPRC_Release_2/HG01258/assemblies/HG01258_pat_hprc_r2_v1.0.1.fa.gz,/gpfs/gibbs/pi/ycgh/wl474/HPRC_Release_2/HG01258/assemblies/HG01258_mat_hprc_r2_v1.0.1.fa.gz
HG01261,male,/gpfs/gibbs/pi/ycgh/wl474/HPRC_Release_2/HG01261/assemblies/HG01261_pat_hprc_r2_v1.0.1.fa.gz,/gpfs/gibbs/pi/ycgh/wl474/HPRC_Release_2/HG01261/assemblies/HG01261_mat_hprc_r2_v1.0.1.fa.gz
HG01346,female,/gpfs/gibbs/pi/ycgh/wl474/HPRC_Release_2/HG01346/assemblies/HG01346_pat_hprc_r2_v1.0.1.fa.gz,/gpfs/gibbs/pi/ycgh/wl474/HPRC_Release_2/HG01346/assemblies/HG01346_mat_hprc_r2_v1.0.1.fa.gz
HG01358,male,/gpfs/gibbs/pi/ycgh/wl474/HPRC_Release_2/HG01358/assemblies/HG01358_pat_hprc_r2_v1.0.1.fa.gz,/gpfs/gibbs/pi/ycgh/wl474/HPRC_Release_2/HG01358/assemblies/HG01358_mat_hprc_r2_v1.0.1.fa.gz
HG01361,female,/gpfs/gibbs/pi/ycgh/wl474/HPRC_Release_2/HG01361/assemblies/HG01361_pat_hprc_r2_v1.0.1.fa.gz,/gpfs/gibbs/pi/ycgh/wl474/HPRC_Release_2/HG01361/assemblies/HG01361_mat_hprc_r2_v1.0.1.fa.gz
HG01433,male,/gpfs/gibbs/pi/ycgh/wl474/HPRC_Release_2/HG01433/assemblies/HG01433_pat_hprc_r2_v1.0.1.fa.gz,/gpfs/gibbs/pi/ycgh/wl474/HPRC_Release_2/HG01433/assemblies/HG01433_mat_hprc_r2_v1.0.1.fa.gz
HG01496,female,/gpfs/gibbs/pi/ycgh/wl474/HPRC_Release_2/HG01496/assemblies/HG01496_pat_hprc_r2_v1.0.1.fa.gz,/gpfs/gibbs/pi/ycgh/wl474/HPRC_Release_2/HG01496/assemblies/HG01496_mat_hprc_r2_v1.0.1.fa.gz
HG01530,male,/gpfs/gibbs/pi/ycgh/wl474/HPRC_Release_2/HG01530/assemblies/HG01530_hap1_hprc_r2_v1.0.1.fa.gz,/gpfs/gibbs/pi/ycgh/wl474/HPRC_Release_2/HG01530/assemblies/HG01530_hap2_hprc_r2_v1.0.1.fa.gz
HG01784,female,/gpfs/gibbs/pi/ycgh/wl474/HPRC_Release_2/HG01784/assemblies/HG01784_hap1_hprc_r2_v1.0.1.fa.gz,/gpfs/gibbs/pi/ycgh/wl474/HPRC_Release_2/HG01784/assemblies/HG01784_hap2_hprc_r2_v1.0.1.fa.gz
HG01786,female,/gpfs/gibbs/pi/ycgh/wl474/HPRC_Release_2/HG01786/assemblies/HG01786_hap1_hprc_r2_v1.0.1.fa.gz,/gpfs/gibbs/pi/ycgh/wl474/HPRC_Release_2/HG01786/assemblies/HG01786_hap2_hprc_r2_v1.0.1.fa.gz
HG01884,female,/gpfs/gibbs/pi/ycgh/wl474/HPRC_Release_2/HG01884/assemblies/HG01884_pat_hprc_r2_v1.0.1.fa.gz,/gpfs/gibbs/pi/ycgh/wl474/HPRC_Release_2/HG01884/assemblies/HG01884_mat_hprc_r2_v1.0.1.fa.gz
HG01891,female,/gpfs/gibbs/pi/ycgh/wl474/HPRC_Release_2/HG01891/assemblies/HG01891_pat_hprc_r2_v1.0.1.fa.gz,/gpfs/gibbs/pi/ycgh/wl474/HPRC_Release_2/HG01891/assemblies/HG01891_mat_hprc_r2_v1.0.1.fa.gz
HG01928,male,/gpfs/gibbs/pi/ycgh/wl474/HPRC_Release_2/HG01928/assemblies/HG01928_pat_hprc_r2_v1.0.1.fa.gz,/gpfs/gibbs/pi/ycgh/wl474/HPRC_Release_2/HG01928/assemblies/HG01928_mat_hprc_r2_v1.0.1.fa.gz
HG01934,male,/gpfs/gibbs/pi/ycgh/wl474/HPRC_Release_2/HG01934/assemblies/HG01934_pat_hprc_r2_v1.0.1.fa.gz,/gpfs/gibbs/pi/ycgh/wl474/HPRC_Release_2/HG01934/assemblies/HG01934_mat_hprc_r2_v1.0.1.fa.gz
HG01940,female,/gpfs/gibbs/pi/ycgh/wl474/HPRC_Release_2/HG01940/assemblies/HG01940_pat_hprc_r2_v1.0.1.fa.gz,/gpfs/gibbs/pi/ycgh/wl474/HPRC_Release_2/HG01940/assemblies/HG01940_mat_hprc_r2_v1.0.1.fa.gz
HG01943,male,/gpfs/gibbs/pi/ycgh/wl474/HPRC_Release_2/HG01943/assemblies/HG01943_pat_hprc_r2_v1.0.1.fa.gz,/gpfs/gibbs/pi/ycgh/wl474/HPRC_Release_2/HG01943/assemblies/HG01943_mat_hprc_r2_v1.0.1.fa.gz
HG01952,male,/gpfs/gibbs/pi/ycgh/wl474/HPRC_Release_2/HG01952/assemblies/HG01952_pat_hprc_r2_v1.0.1.fa.gz,/gpfs/gibbs/pi/ycgh/wl474/HPRC_Release_2/HG01952/assemblies/HG01952_mat_hprc_r2_v1.0.1.fa.gz
HG01960,female,/gpfs/gibbs/pi/ycgh/wl474/HPRC_Release_2/HG01960/assemblies/HG01960_pat_hprc_r2_v1.0.1.fa.gz,/gpfs/gibbs/pi/ycgh/wl474/HPRC_Release_2/HG01960/assemblies/HG01960_mat_hprc_r2_v1.0.1.fa.gz
HG01969,female,/gpfs/gibbs/pi/ycgh/wl474/HPRC_Release_2/HG01969/assemblies/HG01969_pat_hprc_r2_v1.0.1.fa.gz,/gpfs/gibbs/pi/ycgh/wl474/HPRC_Release_2/HG01969/assemblies/HG01969_mat_hprc_r2_v1.0.1.fa.gz
HG01975,female,/gpfs/gibbs/pi/ycgh/wl474/HPRC_Release_2/HG01975/assemblies/HG01975_pat_hprc_r2_v1.0.1.fa.gz,/gpfs/gibbs/pi/ycgh/wl474/HPRC_Release_2/HG01975/assemblies/HG01975_mat_hprc_r2_v1.0.1.fa.gz
HG01978,female,/gpfs/gibbs/pi/ycgh/wl474/HPRC_Release_2/HG01978/assemblies/HG01978_pat_hprc_r2_v1.0.1.fa.gz,/gpfs/gibbs/pi/ycgh/wl474/HPRC_Release_2/HG01978/assemblies/HG01978_mat_hprc_r2_v1.0.1.fa.gz
HG01981,female,/gpfs/gibbs/pi/ycgh/wl474/HPRC_Release_2/HG01981/assemblies/HG01981_pat_hprc_r2_v1.0.1.fa.gz,/gpfs/gibbs/pi/ycgh/wl474/HPRC_Release_2/HG01981/assemblies/HG01981_mat_hprc_r2_v1.0.1.fa.gz
HG01993,female,/gpfs/gibbs/pi/ycgh/wl474/HPRC_Release_2/HG01993/assemblies/HG01993_pat_hprc_r2_v1.0.1.fa.gz,/gpfs/gibbs/pi/ycgh/wl474/HPRC_Release_2/HG01993/assemblies/HG01993_mat_hprc_r2_v1.0.1.fa.gz
HG02004,female,/gpfs/gibbs/pi/ycgh/wl474/HPRC_Release_2/HG02004/assemblies/HG02004_pat_hprc_r2_v1.0.1.fa.gz,/gpfs/gibbs/pi/ycgh/wl474/HPRC_Release_2/HG02004/assemblies/HG02004_mat_hprc_r2_v1.0.1.fa.gz
HG02015,male,/gpfs/gibbs/pi/ycgh/wl474/HPRC_Release_2/HG02015/assemblies/HG02015_pat_hprc_r2_v1.0.1.fa.gz,/gpfs/gibbs/pi/ycgh/wl474/HPRC_Release_2/HG02015/assemblies/HG02015_mat_hprc_r2_v1.0.1.fa.gz
HG02027,male,/gpfs/gibbs/pi/ycgh/wl474/HPRC_Release_2/HG02027/assemblies/HG02027_pat_hprc_r2_v1.0.1.fa.gz,/gpfs/gibbs/pi/ycgh/wl474/HPRC_Release_2/HG02027/assemblies/HG02027_mat_hprc_r2_v1.0.1.fa.gz
HG02040,male,/gpfs/gibbs/pi/ycgh/wl474/HPRC_Release_2/HG02040/assemblies/HG02040_hap1_hprc_r2_v1.0.1.fa.gz,/gpfs/gibbs/pi/ycgh/wl474/HPRC_Release_2/HG02040/assemblies/HG02040_hap2_hprc_r2_v1.0.1.fa.gz
HG02055,male,/gpfs/gibbs/pi/ycgh/wl474/HPRC_Release_2/HG02055/assemblies/HG02055_pat_hprc_r2_v1.0.1.fa.gz,/gpfs/gibbs/pi/ycgh/wl474/HPRC_Release_2/HG02055/assemblies/HG02055_mat_hprc_r2_v1.0.1.fa.gz
HG02056,male,/gpfs/gibbs/pi/ycgh/wl474/HPRC_Release_2/HG02056/assemblies/HG02056_pat_hprc_r2_v1.0.1.fa.gz,/gpfs/gibbs/pi/ycgh/wl474/HPRC_Release_2/HG02056/assemblies/HG02056_mat_hprc_r2_v1.0.1.fa.gz
HG02071,male,/gpfs/gibbs/pi/ycgh/wl474/HPRC_Release_2/HG02071/assemblies/HG02071_pat_hprc_r2_v1.0.1.fa.gz,/gpfs/gibbs/pi/ycgh/wl474/HPRC_Release_2/HG02071/assemblies/HG02071_mat_hprc_r2_v1.0.1.fa.gz
HG02074,male,/gpfs/gibbs/pi/ycgh/wl474/HPRC_Release_2/HG02074/assemblies/HG02074_pat_hprc_r2_v1.0.1.fa.gz,/gpfs/gibbs/pi/ycgh/wl474/HPRC_Release_2/HG02074/assemblies/HG02074_mat_hprc_r2_v1.0.1.fa.gz
HG02080,female,/gpfs/gibbs/pi/ycgh/wl474/HPRC_Release_2/HG02080/assemblies/HG02080_pat_hprc_r2_v1.0.1.fa.gz,/gpfs/gibbs/pi/ycgh/wl474/HPRC_Release_2/HG02080/assemblies/HG02080_mat_hprc_r2_v1.0.1.fa.gz
HG02083,male,/gpfs/gibbs/pi/ycgh/wl474/HPRC_Release_2/HG02083/assemblies/HG02083_pat_hprc_r2_v1.0.1.fa.gz,/gpfs/gibbs/pi/ycgh/wl474/HPRC_Release_2/HG02083/assemblies/HG02083_mat_hprc_r2_v1.0.1.fa.gz
HG02109,female,/gpfs/gibbs/pi/ycgh/wl474/HPRC_Release_2/HG02109/assemblies/HG02109_pat_hprc_r2_v1.0.1.fa.gz,/gpfs/gibbs/pi/ycgh/wl474/HPRC_Release_2/HG02109/assemblies/HG02109_mat_hprc_r2_v1.0.1.fa.gz
HG02129,male,/gpfs/gibbs/pi/ycgh/wl474/HPRC_Release_2/HG02129/assemblies/HG02129_pat_hprc_r2_v1.0.1.fa.gz,/gpfs/gibbs/pi/ycgh/wl474/HPRC_Release_2/HG02129/assemblies/HG02129_mat_hprc_r2_v1.0.1.fa.gz
HG02132,male,/gpfs/gibbs/pi/ycgh/wl474/HPRC_Release_2/HG02132/assemblies/HG02132_pat_hprc_r2_v1.0.1.fa.gz,/gpfs/gibbs/pi/ycgh/wl474/HPRC_Release_2/HG02132/assemblies/HG02132_mat_hprc_r2_v1.0.1.fa.gz
HG02135,male,/gpfs/gibbs/pi/ycgh/wl474/HPRC_Release_2/HG02135/assemblies/HG02135_pat_hprc_r2_v1.0.1.fa.gz,/gpfs/gibbs/pi/ycgh/wl474/HPRC_Release_2/HG02135/assemblies/HG02135_mat_hprc_r2_v1.0.1.fa.gz
HG02145,male,/gpfs/gibbs/pi/ycgh/wl474/HPRC_Release_2/HG02145/assemblies/HG02145_pat_hprc_r2_v1.0.1.fa.gz,/gpfs/gibbs/pi/ycgh/wl474/HPRC_Release_2/HG02145/assemblies/HG02145_mat_hprc_r2_v1.0.1.fa.gz
HG02148,female,/gpfs/gibbs/pi/ycgh/wl474/HPRC_Release_2/HG02148/assemblies/HG02148_pat_hprc_r2_v1.0.1.fa.gz,/gpfs/gibbs/pi/ycgh/wl474/HPRC_Release_2/HG02148/assemblies/HG02148_mat_hprc_r2_v1.0.1.fa.gz
HG02155,female,/gpfs/gibbs/pi/ycgh/wl474/HPRC_Release_2/HG02155/assemblies/HG02155_hap1_hprc_r2_v1.0.1.fa.gz,/gpfs/gibbs/pi/ycgh/wl474/HPRC_Release_2/HG02155/assemblies/HG02155_hap2_hprc_r2_v1.0.1.fa.gz
HG02165,female,/gpfs/gibbs/pi/ycgh/wl474/HPRC_Release_2/HG02165/assemblies/HG02165_hap1_hprc_r2_v1.0.1.fa.gz,/gpfs/gibbs/pi/ycgh/wl474/HPRC_Release_2/HG02165/assemblies/HG02165_hap2_hprc_r2_v1.0.1.fa.gz
HG02178,female,/gpfs/gibbs/pi/ycgh/wl474/HPRC_Release_2/HG02178/assemblies/HG02178_hap1_hprc_r2_v1.0.1.fa.gz,/gpfs/gibbs/pi/ycgh/wl474/HPRC_Release_2/HG02178/assemblies/HG02178_hap2_hprc_r2_v1.0.1.fa.gz
HG02257,female,/gpfs/gibbs/pi/ycgh/wl474/HPRC_Release_2/HG02257/assemblies/HG02257_pat_hprc_r2_v1.0.1.fa.gz,/gpfs/gibbs/pi/ycgh/wl474/HPRC_Release_2/HG02257/assemblies/HG02257_mat_hprc_r2_v1.0.1.fa.gz
HG02258,male,/gpfs/gibbs/pi/ycgh/wl474/HPRC_Release_2/HG02258/assemblies/HG02258_pat_hprc_r2_v1.0.1.fa.gz,/gpfs/gibbs/pi/ycgh/wl474/HPRC_Release_2/HG02258/assemblies/HG02258_mat_hprc_r2_v1.0.1.fa.gz
HG02273,female,/gpfs/gibbs/pi/ycgh/wl474/HPRC_Release_2/HG02273/assemblies/HG02273_hap1_hprc_r2_v1.0.1.fa.gz,/gpfs/gibbs/pi/ycgh/wl474/HPRC_Release_2/HG02273/assemblies/HG02273_hap2_hprc_r2_v1.0.1.fa.gz
HG02280,female,/gpfs/gibbs/pi/ycgh/wl474/HPRC_Release_2/HG02280/assemblies/HG02280_pat_hprc_r2_v1.0.1.fa.gz,/gpfs/gibbs/pi/ycgh/wl474/HPRC_Release_2/HG02280/assemblies/HG02280_mat_hprc_r2_v1.0.1.fa.gz
HG02293,female,/gpfs/gibbs/pi/ycgh/wl474/HPRC_Release_2/HG02293/assemblies/HG02293_pat_hprc_r2_v1.0.1.fa.gz,/gpfs/gibbs/pi/ycgh/wl474/HPRC_Release_2/HG02293/assemblies/HG02293_mat_hprc_r2_v1.0.1.fa.gz
HG02300,female,/gpfs/gibbs/pi/ycgh/wl474/HPRC_Release_2/HG02300/assemblies/HG02300_pat_hprc_r2_v1.0.1.fa.gz,/gpfs/gibbs/pi/ycgh/wl474/HPRC_Release_2/HG02300/assemblies/HG02300_mat_hprc_r2_v1.0.1.fa.gz
HG02391,male,/gpfs/gibbs/pi/ycgh/wl474/HPRC_Release_2/HG02391/assemblies/HG02391_hap1_hprc_r2_v1.0.1.fa.gz,/gpfs/gibbs/pi/ycgh/wl474/HPRC_Release_2/HG02391/assemblies/HG02391_hap2_hprc_r2_v1.0.1.fa.gz
HG02392,male,/gpfs/gibbs/pi/ycgh/wl474/HPRC_Release_2/HG02392/assemblies/HG02392_hap1_hprc_r2_v1.0.1.fa.gz,/gpfs/gibbs/pi/ycgh/wl474/HPRC_Release_2/HG02392/assemblies/HG02392_hap2_hprc_r2_v1.0.1.fa.gz
HG02451,female,/gpfs/gibbs/pi/ycgh/wl474/HPRC_Release_2/HG02451/assemblies/HG02451_pat_hprc_r2_v1.0.1.fa.gz,/gpfs/gibbs/pi/ycgh/wl474/HPRC_Release_2/HG02451/assemblies/HG02451_mat_hprc_r2_v1.0.1.fa.gz
HG02486,male,/gpfs/gibbs/pi/ycgh/wl474/HPRC_Release_2/HG02486/assemblies/HG02486_pat_hprc_r2_v1.0.1.fa.gz,/gpfs/gibbs/pi/ycgh/wl474/HPRC_Release_2/HG02486/assemblies/HG02486_mat_hprc_r2_v1.0.1.fa.gz
HG02514,male,/gpfs/gibbs/pi/ycgh/wl474/HPRC_Release_2/HG02514/assemblies/HG02514_pat_hprc_r2_v1.0.1.fa.gz,/gpfs/gibbs/pi/ycgh/wl474/HPRC_Release_2/HG02514/assemblies/HG02514_mat_hprc_r2_v1.0.1.fa.gz
HG02523,female,/gpfs/gibbs/pi/ycgh/wl474/HPRC_Release_2/HG02523/assemblies/HG02523_pat_hprc_r2_v1.0.1.fa.gz,/gpfs/gibbs/pi/ycgh/wl474/HPRC_Release_2/HG02523/assemblies/HG02523_mat_hprc_r2_v1.0.1.fa.gz
HG02559,female,/gpfs/gibbs/pi/ycgh/wl474/HPRC_Release_2/HG02559/assemblies/HG02559_pat_hprc_r2_v1.0.1.fa.gz,/gpfs/gibbs/pi/ycgh/wl474/HPRC_Release_2/HG02559/assemblies/HG02559_mat_hprc_r2_v1.0.1.fa.gz
HG02572,male,/gpfs/gibbs/pi/ycgh/wl474/HPRC_Release_2/HG02572/assemblies/HG02572_pat_hprc_r2_v1.0.1.fa.gz,/gpfs/gibbs/pi/ycgh/wl474/HPRC_Release_2/HG02572/assemblies/HG02572_mat_hprc_r2_v1.0.1.fa.gz
HG02583,female,/gpfs/gibbs/pi/ycgh/wl474/HPRC_Release_2/HG02583/assemblies/HG02583_hap1_hprc_r2_v1.0.1.fa.gz,/gpfs/gibbs/pi/ycgh/wl474/HPRC_Release_2/HG02583/assemblies/HG02583_hap2_hprc_r2_v1.0.1.fa.gz
HG02602,male,/gpfs/gibbs/pi/ycgh/wl474/HPRC_Release_2/HG02602/assemblies/HG02602_pat_hprc_r2_v1.0.1.fa.gz,/gpfs/gibbs/pi/ycgh/wl474/HPRC_Release_2/HG02602/assemblies/HG02602_mat_hprc_r2_v1.0.1.fa.gz
HG02615,female,/gpfs/gibbs/pi/ycgh/wl474/HPRC_Release_2/HG02615/assemblies/HG02615_pat_hprc_r2_v1.0.1.fa.gz,/gpfs/gibbs/pi/ycgh/wl474/HPRC_Release_2/HG02615/assemblies/HG02615_mat_hprc_r2_v1.0.1.fa.gz
HG02622,female,/gpfs/gibbs/pi/ycgh/wl474/HPRC_Release_2/HG02622/assemblies/HG02622_pat_hprc_r2_v1.0.1.fa.gz,/gpfs/gibbs/pi/ycgh/wl474/HPRC_Release_2/HG02622/assemblies/HG02622_mat_hprc_r2_v1.0.1.fa.gz
HG02630,female,/gpfs/gibbs/pi/ycgh/wl474/HPRC_Release_2/HG02630/assemblies/HG02630_pat_hprc_r2_v1.0.1.fa.gz,/gpfs/gibbs/pi/ycgh/wl474/HPRC_Release_2/HG02630/assemblies/HG02630_mat_hprc_r2_v1.0.1.fa.gz
HG02647,male,/gpfs/gibbs/pi/ycgh/wl474/HPRC_Release_2/HG02647/assemblies/HG02647_pat_hprc_r2_v1.0.1.fa.gz,/gpfs/gibbs/pi/ycgh/wl474/HPRC_Release_2/HG02647/assemblies/HG02647_mat_hprc_r2_v1.0.1.fa.gz
HG02668,male,/gpfs/gibbs/pi/ycgh/wl474/HPRC_Release_2/HG02668/assemblies/HG02668_pat_hprc_r2_v1.0.1.fa.gz,/gpfs/gibbs/pi/ycgh/wl474/HPRC_Release_2/HG02668/assemblies/HG02668_mat_hprc_r2_v1.0.1.fa.gz
HG02698,male,/gpfs/gibbs/pi/ycgh/wl474/HPRC_Release_2/HG02698/assemblies/HG02698_pat_hprc_r2_v1.0.1.fa.gz,/gpfs/gibbs/pi/ycgh/wl474/HPRC_Release_2/HG02698/assemblies/HG02698_mat_hprc_r2_v1.0.1.fa.gz
HG02717,male,/gpfs/gibbs/pi/ycgh/wl474/HPRC_Release_2/HG02717/assemblies/HG02717_pat_hprc_r2_v1.0.1.fa.gz,/gpfs/gibbs/pi/ycgh/wl474/HPRC_Release_2/HG02717/assemblies/HG02717_mat_hprc_r2_v1.0.1.fa.gz
HG02723,female,/gpfs/gibbs/pi/ycgh/wl474/HPRC_Release_2/HG02723/assemblies/HG02723_pat_hprc_r2_v1.0.1.fa.gz,/gpfs/gibbs/pi/ycgh/wl474/HPRC_Release_2/HG02723/assemblies/HG02723_mat_hprc_r2_v1.0.1.fa.gz
HG02735,male,/gpfs/gibbs/pi/ycgh/wl474/HPRC_Release_2/HG02735/assemblies/HG02735_pat_hprc_r2_v1.0.1.fa.gz,/gpfs/gibbs/pi/ycgh/wl474/HPRC_Release_2/HG02735/assemblies/HG02735_mat_hprc_r2_v1.0.1.fa.gz
HG02738,male,/gpfs/gibbs/pi/ycgh/wl474/HPRC_Release_2/HG02738/assemblies/HG02738_pat_hprc_r2_v1.0.1.fa.gz,/gpfs/gibbs/pi/ycgh/wl474/HPRC_Release_2/HG02738/assemblies/HG02738_mat_hprc_r2_v1.0.1.fa.gz
HG02809,female,/gpfs/gibbs/pi/ycgh/wl474/HPRC_Release_2/HG02809/assemblies/HG02809_pat_hprc_r2_v1.0.1.fa.gz,/gpfs/gibbs/pi/ycgh/wl474/HPRC_Release_2/HG02809/assemblies/HG02809_mat_hprc_r2_v1.0.1.fa.gz
HG02818,female,/gpfs/gibbs/pi/ycgh/wl474/HPRC_Release_2/HG02818/assemblies/HG02818_pat_hprc_r2_v1.0.1.fa.gz,/gpfs/gibbs/pi/ycgh/wl474/HPRC_Release_2/HG02818/assemblies/HG02818_mat_hprc_r2_v1.0.1.fa.gz
HG02841,female,/gpfs/gibbs/pi/ycgh/wl474/HPRC_Release_2/HG02841/assemblies/HG02841_pat_hprc_r2_v1.0.1.fa.gz,/gpfs/gibbs/pi/ycgh/wl474/HPRC_Release_2/HG02841/assemblies/HG02841_mat_hprc_r2_v1.0.1.fa.gz
HG02886,female,/gpfs/gibbs/pi/ycgh/wl474/HPRC_Release_2/HG02886/assemblies/HG02886_pat_hprc_r2_v1.0.1.fa.gz,/gpfs/gibbs/pi/ycgh/wl474/HPRC_Release_2/HG02886/assemblies/HG02886_mat_hprc_r2_v1.0.1.fa.gz
HG02922,female,/gpfs/gibbs/pi/ycgh/wl474/HPRC_Release_2/HG02922/assemblies/HG02922_hap1_hprc_r2_v1.0.1.fa.gz,/gpfs/gibbs/pi/ycgh/wl474/HPRC_Release_2/HG02922/assemblies/HG02922_hap2_hprc_r2_v1.0.1.fa.gz
HG02965,male,/gpfs/gibbs/pi/ycgh/wl474/HPRC_Release_2/HG02965/assemblies/HG02965_hap1_hprc_r2_v1.0.1.fa.gz,/gpfs/gibbs/pi/ycgh/wl474/HPRC_Release_2/HG02965/assemblies/HG02965_hap2_hprc_r2_v1.0.1.fa.gz
HG02976,female,/gpfs/gibbs/pi/ycgh/wl474/HPRC_Release_2/HG02976/assemblies/HG02976_hap1_hprc_r2_v1.0.1.fa.gz,/gpfs/gibbs/pi/ycgh/wl474/HPRC_Release_2/HG02976/assemblies/HG02976_hap2_hprc_r2_v1.0.1.fa.gz
HG02984,male,/gpfs/gibbs/pi/ycgh/wl474/HPRC_Release_2/HG02984/assemblies/HG02984_pat_hprc_r2_v1.0.1.fa.gz,/gpfs/gibbs/pi/ycgh/wl474/HPRC_Release_2/HG02984/assemblies/HG02984_mat_hprc_r2_v1.0.1.fa.gz
HG03017,male,/gpfs/gibbs/pi/ycgh/wl474/HPRC_Release_2/HG03017/assemblies/HG03017_pat_hprc_r2_v1.0.1.fa.gz,/gpfs/gibbs/pi/ycgh/wl474/HPRC_Release_2/HG03017/assemblies/HG03017_mat_hprc_r2_v1.0.1.fa.gz
HG03041,female,/gpfs/gibbs/pi/ycgh/wl474/HPRC_Release_2/HG03041/assemblies/HG03041_pat_hprc_r2_v1.0.1.fa.gz,/gpfs/gibbs/pi/ycgh/wl474/HPRC_Release_2/HG03041/assemblies/HG03041_mat_hprc_r2_v1.0.1.fa.gz
HG03050,male,/gpfs/gibbs/pi/ycgh/wl474/HPRC_Release_2/HG03050/assemblies/HG03050_pat_hprc_r2_v1.0.1.fa.gz,/gpfs/gibbs/pi/ycgh/wl474/HPRC_Release_2/HG03050/assemblies/HG03050_mat_hprc_r2_v1.0.1.fa.gz
HG03098,male,/gpfs/gibbs/pi/ycgh/wl474/HPRC_Release_2/HG03098/assemblies/HG03098_pat_hprc_r2_v1.0.1.fa.gz,/gpfs/gibbs/pi/ycgh/wl474/HPRC_Release_2/HG03098/assemblies/HG03098_mat_hprc_r2_v1.0.1.fa.gz
HG03130,male,/gpfs/gibbs/pi/ycgh/wl474/HPRC_Release_2/HG03130/assemblies/HG03130_hap1_hprc_r2_v1.0.1.fa.gz,/gpfs/gibbs/pi/ycgh/wl474/HPRC_Release_2/HG03130/assemblies/HG03130_hap2_hprc_r2_v1.0.1.fa.gz
HG03139,male,/gpfs/gibbs/pi/ycgh/wl474/HPRC_Release_2/HG03139/assemblies/HG03139_hap1_hprc_r2_v1.0.1.fa.gz,/gpfs/gibbs/pi/ycgh/wl474/HPRC_Release_2/HG03139/assemblies/HG03139_hap2_hprc_r2_v1.0.1.fa.gz
HG03195,female,/gpfs/gibbs/pi/ycgh/wl474/HPRC_Release_2/HG03195/assemblies/HG03195_hap1_hprc_r2_v1.0.1.fa.gz,/gpfs/gibbs/pi/ycgh/wl474/HPRC_Release_2/HG03195/assemblies/HG03195_hap2_hprc_r2_v1.0.1.fa.gz
HG03209,male,/gpfs/gibbs/pi/ycgh/wl474/HPRC_Release_2/HG03209/assemblies/HG03209_hap1_hprc_r2_v1.0.1.fa.gz,/gpfs/gibbs/pi/ycgh/wl474/HPRC_Release_2/HG03209/assemblies/HG03209_hap2_hprc_r2_v1.0.1.fa.gz
HG03225,male,/gpfs/gibbs/pi/ycgh/wl474/HPRC_Release_2/HG03225/assemblies/HG03225_hap1_hprc_r2_v1.0.1.fa.gz,/gpfs/gibbs/pi/ycgh/wl474/HPRC_Release_2/HG03225/assemblies/HG03225_hap2_hprc_r2_v1.0.1.fa.gz
HG03239,female,/gpfs/gibbs/pi/ycgh/wl474/HPRC_Release_2/HG03239/assemblies/HG03239_pat_hprc_r2_v1.0.1.fa.gz,/gpfs/gibbs/pi/ycgh/wl474/HPRC_Release_2/HG03239/assemblies/HG03239_mat_hprc_r2_v1.0.1.fa.gz
HG03270,female,/gpfs/gibbs/pi/ycgh/wl474/HPRC_Release_2/HG03270/assemblies/HG03270_hap1_hprc_r2_v1.0.1.fa.gz,/gpfs/gibbs/pi/ycgh/wl474/HPRC_Release_2/HG03270/assemblies/HG03270_hap2_hprc_r2_v1.0.1.fa.gz
HG03369,female,/gpfs/gibbs/pi/ycgh/wl474/HPRC_Release_2/HG03369/assemblies/HG03369_hap1_hprc_r2_v1.0.1.fa.gz,/gpfs/gibbs/pi/ycgh/wl474/HPRC_Release_2/HG03369/assemblies/HG03369_hap2_hprc_r2_v1.0.1.fa.gz
HG03453,female,/gpfs/gibbs/pi/ycgh/wl474/HPRC_Release_2/HG03453/assemblies/HG03453_pat_hprc_r2_v1.0.1.fa.gz,/gpfs/gibbs/pi/ycgh/wl474/HPRC_Release_2/HG03453/assemblies/HG03453_mat_hprc_r2_v1.0.1.fa.gz
HG03470,female,/gpfs/gibbs/pi/ycgh/wl474/HPRC_Release_2/HG03470/assemblies/HG03470_hap1_hprc_r2_v1.0.1.fa.gz,/gpfs/gibbs/pi/ycgh/wl474/HPRC_Release_2/HG03470/assemblies/HG03470_hap2_hprc_r2_v1.0.1.fa.gz
HG03471,male,/gpfs/gibbs/pi/ycgh/wl474/HPRC_Release_2/HG03471/assemblies/HG03471_hap1_hprc_r2_v1.0.1.fa.gz,/gpfs/gibbs/pi/ycgh/wl474/HPRC_Release_2/HG03471/assemblies/HG03471_hap2_hprc_r2_v1.0.1.fa.gz
HG03486,female,/gpfs/gibbs/pi/ycgh/wl474/HPRC_Release_2/HG03486/assemblies/HG03486_pat_hprc_r2_v1.0.1.fa.gz,/gpfs/gibbs/pi/ycgh/wl474/HPRC_Release_2/HG03486/assemblies/HG03486_mat_hprc_r2_v1.0.1.fa.gz
HG03516,female,/gpfs/gibbs/pi/ycgh/wl474/HPRC_Release_2/HG03516/assemblies/HG03516_pat_hprc_r2_v1.0.1.fa.gz,/gpfs/gibbs/pi/ycgh/wl474/HPRC_Release_2/HG03516/assemblies/HG03516_mat_hprc_r2_v1.0.1.fa.gz
HG03521,male,/gpfs/gibbs/pi/ycgh/wl474/HPRC_Release_2/HG03521/assemblies/HG03521_hap1_hprc_r2_v1.0.1.fa.gz,/gpfs/gibbs/pi/ycgh/wl474/HPRC_Release_2/HG03521/assemblies/HG03521_hap2_hprc_r2_v1.0.1.fa.gz
HG03540,female,/gpfs/gibbs/pi/ycgh/wl474/HPRC_Release_2/HG03540/assemblies/HG03540_pat_hprc_r2_v1.0.1.fa.gz,/gpfs/gibbs/pi/ycgh/wl474/HPRC_Release_2/HG03540/assemblies/HG03540_mat_hprc_r2_v1.0.1.fa.gz
HG03579,male,/gpfs/gibbs/pi/ycgh/wl474/HPRC_Release_2/HG03579/assemblies/HG03579_pat_hprc_r2_v1.0.1.fa.gz,/gpfs/gibbs/pi/ycgh/wl474/HPRC_Release_2/HG03579/assemblies/HG03579_mat_hprc_r2_v1.0.1.fa.gz
HG03583,female,/gpfs/gibbs/pi/ycgh/wl474/HPRC_Release_2/HG03583/assemblies/HG03583_hap1_hprc_r2_v1.0.1.fa.gz,/gpfs/gibbs/pi/ycgh/wl474/HPRC_Release_2/HG03583/assemblies/HG03583_hap2_hprc_r2_v1.0.1.fa.gz
HG03654,male,/gpfs/gibbs/pi/ycgh/wl474/HPRC_Release_2/HG03654/assemblies/HG03654_pat_hprc_r2_v1.0.1.fa.gz,/gpfs/gibbs/pi/ycgh/wl474/HPRC_Release_2/HG03654/assemblies/HG03654_mat_hprc_r2_v1.0.1.fa.gz
HG03669,female,/gpfs/gibbs/pi/ycgh/wl474/HPRC_Release_2/HG03669/assemblies/HG03669_pat_hprc_r2_v1.0.1.fa.gz,/gpfs/gibbs/pi/ycgh/wl474/HPRC_Release_2/HG03669/assemblies/HG03669_mat_hprc_r2_v1.0.1.fa.gz
HG03688,male,/gpfs/gibbs/pi/ycgh/wl474/HPRC_Release_2/HG03688/assemblies/HG03688_pat_hprc_r2_v1.0.1.fa.gz,/gpfs/gibbs/pi/ycgh/wl474/HPRC_Release_2/HG03688/assemblies/HG03688_mat_hprc_r2_v1.0.1.fa.gz
HG03704,female,/gpfs/gibbs/pi/ycgh/wl474/HPRC_Release_2/HG03704/assemblies/HG03704_pat_hprc_r2_v1.0.1.fa.gz,/gpfs/gibbs/pi/ycgh/wl474/HPRC_Release_2/HG03704/assemblies/HG03704_mat_hprc_r2_v1.0.1.fa.gz
HG03710,male,/gpfs/gibbs/pi/ycgh/wl474/HPRC_Release_2/HG03710/assemblies/HG03710_pat_hprc_r2_v1.0.1.fa.gz,/gpfs/gibbs/pi/ycgh/wl474/HPRC_Release_2/HG03710/assemblies/HG03710_mat_hprc_r2_v1.0.1.fa.gz
HG03742,male,/gpfs/gibbs/pi/ycgh/wl474/HPRC_Release_2/HG03742/assemblies/HG03742_hap1_hprc_r2_v1.0.1.fa.gz,/gpfs/gibbs/pi/ycgh/wl474/HPRC_Release_2/HG03742/assemblies/HG03742_hap2_hprc_r2_v1.0.1.fa.gz
HG03784,female,/gpfs/gibbs/pi/ycgh/wl474/HPRC_Release_2/HG03784/assemblies/HG03784_hap1_hprc_r2_v1.0.1.fa.gz,/gpfs/gibbs/pi/ycgh/wl474/HPRC_Release_2/HG03784/assemblies/HG03784_hap2_hprc_r2_v1.0.1.fa.gz
HG03804,female,/gpfs/gibbs/pi/ycgh/wl474/HPRC_Release_2/HG03804/assemblies/HG03804_pat_hprc_r2_v1.0.1.fa.gz,/gpfs/gibbs/pi/ycgh/wl474/HPRC_Release_2/HG03804/assemblies/HG03804_mat_hprc_r2_v1.0.1.fa.gz
HG03816,female,/gpfs/gibbs/pi/ycgh/wl474/HPRC_Release_2/HG03816/assemblies/HG03816_pat_hprc_r2_v1.0.1.fa.gz,/gpfs/gibbs/pi/ycgh/wl474/HPRC_Release_2/HG03816/assemblies/HG03816_mat_hprc_r2_v1.0.1.fa.gz
HG03831,female,/gpfs/gibbs/pi/ycgh/wl474/HPRC_Release_2/HG03831/assemblies/HG03831_pat_hprc_r2_v1.0.1.fa.gz,/gpfs/gibbs/pi/ycgh/wl474/HPRC_Release_2/HG03831/assemblies/HG03831_mat_hprc_r2_v1.0.1.fa.gz
HG03834,female,/gpfs/gibbs/pi/ycgh/wl474/HPRC_Release_2/HG03834/assemblies/HG03834_pat_hprc_r2_v1.0.1.fa.gz,/gpfs/gibbs/pi/ycgh/wl474/HPRC_Release_2/HG03834/assemblies/HG03834_mat_hprc_r2_v1.0.1.fa.gz
HG03874,female,/gpfs/gibbs/pi/ycgh/wl474/HPRC_Release_2/HG03874/assemblies/HG03874_hap1_hprc_r2_v1.0.1.fa.gz,/gpfs/gibbs/pi/ycgh/wl474/HPRC_Release_2/HG03874/assemblies/HG03874_hap2_hprc_r2_v1.0.1.fa.gz
HG03927,female,/gpfs/gibbs/pi/ycgh/wl474/HPRC_Release_2/HG03927/assemblies/HG03927_pat_hprc_r2_v1.0.1.fa.gz,/gpfs/gibbs/pi/ycgh/wl474/HPRC_Release_2/HG03927/assemblies/HG03927_mat_hprc_r2_v1.0.1.fa.gz
HG03942,male,/gpfs/gibbs/pi/ycgh/wl474/HPRC_Release_2/HG03942/assemblies/HG03942_pat_hprc_r2_v1.0.1.fa.gz,/gpfs/gibbs/pi/ycgh/wl474/HPRC_Release_2/HG03942/assemblies/HG03942_mat_hprc_r2_v1.0.1.fa.gz
HG04115,male,/gpfs/gibbs/pi/ycgh/wl474/HPRC_Release_2/HG04115/assemblies/HG04115_pat_hprc_r2_v1.0.1.fa.gz,/gpfs/gibbs/pi/ycgh/wl474/HPRC_Release_2/HG04115/assemblies/HG04115_mat_hprc_r2_v1.0.1.fa.gz
HG04157,male,/gpfs/gibbs/pi/ycgh/wl474/HPRC_Release_2/HG04157/assemblies/HG04157_pat_hprc_r2_v1.0.1.fa.gz,/gpfs/gibbs/pi/ycgh/wl474/HPRC_Release_2/HG04157/assemblies/HG04157_mat_hprc_r2_v1.0.1.fa.gz
HG04160,male,/gpfs/gibbs/pi/ycgh/wl474/HPRC_Release_2/HG04160/assemblies/HG04160_pat_hprc_r2_v1.0.1.fa.gz,/gpfs/gibbs/pi/ycgh/wl474/HPRC_Release_2/HG04160/assemblies/HG04160_mat_hprc_r2_v1.0.1.fa.gz
HG04184,female,/gpfs/gibbs/pi/ycgh/wl474/HPRC_Release_2/HG04184/assemblies/HG04184_pat_hprc_r2_v1.0.1.fa.gz,/gpfs/gibbs/pi/ycgh/wl474/HPRC_Release_2/HG04184/assemblies/HG04184_mat_hprc_r2_v1.0.1.fa.gz
HG04187,male,/gpfs/gibbs/pi/ycgh/wl474/HPRC_Release_2/HG04187/assemblies/HG04187_pat_hprc_r2_v1.0.1.fa.gz,/gpfs/gibbs/pi/ycgh/wl474/HPRC_Release_2/HG04187/assemblies/HG04187_mat_hprc_r2_v1.0.1.fa.gz
HG04199,male,/gpfs/gibbs/pi/ycgh/wl474/HPRC_Release_2/HG04199/assemblies/HG04199_pat_hprc_r2_v1.0.1.fa.gz,/gpfs/gibbs/pi/ycgh/wl474/HPRC_Release_2/HG04199/assemblies/HG04199_mat_hprc_r2_v1.0.1.fa.gz
HG04204,male,/gpfs/gibbs/pi/ycgh/wl474/HPRC_Release_2/HG04204/assemblies/HG04204_pat_hprc_r2_v1.0.1.fa.gz,/gpfs/gibbs/pi/ycgh/wl474/HPRC_Release_2/HG04204/assemblies/HG04204_mat_hprc_r2_v1.0.1.fa.gz
HG04228,male,/gpfs/gibbs/pi/ycgh/wl474/HPRC_Release_2/HG04228/assemblies/HG04228_pat_hprc_r2_v1.0.1.fa.gz,/gpfs/gibbs/pi/ycgh/wl474/HPRC_Release_2/HG04228/assemblies/HG04228_mat_hprc_r2_v1.0.1.fa.gz
NA18505,female,/gpfs/gibbs/pi/ycgh/wl474/HPRC_Release_2/NA18505/assemblies/NA18505_hap1_hprc_r2_v1.0.1.fa.gz,/gpfs/gibbs/pi/ycgh/wl474/HPRC_Release_2/NA18505/assemblies/NA18505_hap2_hprc_r2_v1.0.1.fa.gz
NA18508,female,/gpfs/gibbs/pi/ycgh/wl474/HPRC_Release_2/NA18508/assemblies/NA18508_hap1_hprc_r2_v1.0.1.fa.gz,/gpfs/gibbs/pi/ycgh/wl474/HPRC_Release_2/NA18508/assemblies/NA18508_hap2_hprc_r2_v1.0.1.fa.gz
NA18522,male,/gpfs/gibbs/pi/ycgh/wl474/HPRC_Release_2/NA18522/assemblies/NA18522_hap1_hprc_r2_v1.0.1.fa.gz,/gpfs/gibbs/pi/ycgh/wl474/HPRC_Release_2/NA18522/assemblies/NA18522_hap2_hprc_r2_v1.0.1.fa.gz
NA18565,female,/gpfs/gibbs/pi/ycgh/wl474/HPRC_Release_2/NA18565/assemblies/NA18565_hap1_hprc_r2_v1.0.1.fa.gz,/gpfs/gibbs/pi/ycgh/wl474/HPRC_Release_2/NA18565/assemblies/NA18565_hap2_hprc_r2_v1.0.1.fa.gz
NA18570,female,/gpfs/gibbs/pi/ycgh/wl474/HPRC_Release_2/NA18570/assemblies/NA18570_hap1_hprc_r2_v1.0.1.fa.gz,/gpfs/gibbs/pi/ycgh/wl474/HPRC_Release_2/NA18570/assemblies/NA18570_hap2_hprc_r2_v1.0.1.fa.gz
NA18608,male,/gpfs/gibbs/pi/ycgh/wl474/HPRC_Release_2/NA18608/assemblies/NA18608_hap1_hprc_r2_v1.0.1.fa.gz,/gpfs/gibbs/pi/ycgh/wl474/HPRC_Release_2/NA18608/assemblies/NA18608_hap2_hprc_r2_v1.0.1.fa.gz
NA18620,male,/gpfs/gibbs/pi/ycgh/wl474/HPRC_Release_2/NA18620/assemblies/NA18620_hap1_hprc_r2_v1.0.1.fa.gz,/gpfs/gibbs/pi/ycgh/wl474/HPRC_Release_2/NA18620/assemblies/NA18620_hap2_hprc_r2_v1.0.1.fa.gz
NA18747,male,/gpfs/gibbs/pi/ycgh/wl474/HPRC_Release_2/NA18747/assemblies/NA18747_hap1_hprc_r2_v1.0.1.fa.gz,/gpfs/gibbs/pi/ycgh/wl474/HPRC_Release_2/NA18747/assemblies/NA18747_hap2_hprc_r2_v1.0.1.fa.gz
NA18879,male,/gpfs/gibbs/pi/ycgh/wl474/HPRC_Release_2/NA18879/assemblies/NA18879_hap1_hprc_r2_v1.0.1.fa.gz,/gpfs/gibbs/pi/ycgh/wl474/HPRC_Release_2/NA18879/assemblies/NA18879_hap2_hprc_r2_v1.0.1.fa.gz
NA18906,female,/gpfs/gibbs/pi/ycgh/wl474/HPRC_Release_2/NA18906/assemblies/NA18906_pat_hprc_r2_v1.0.1.fa.gz,/gpfs/gibbs/pi/ycgh/wl474/HPRC_Release_2/NA18906/assemblies/NA18906_mat_hprc_r2_v1.0.1.fa.gz
NA18952,male,/gpfs/gibbs/pi/ycgh/wl474/HPRC_Release_2/NA18952/assemblies/NA18952_hap1_hprc_r2_v1.0.1.fa.gz,/gpfs/gibbs/pi/ycgh/wl474/HPRC_Release_2/NA18952/assemblies/NA18952_hap2_hprc_r2_v1.0.1.fa.gz
NA18971,male,/gpfs/gibbs/pi/ycgh/wl474/HPRC_Release_2/NA18971/assemblies/NA18971_hap1_hprc_r2_v1.0.1.fa.gz,/gpfs/gibbs/pi/ycgh/wl474/HPRC_Release_2/NA18971/assemblies/NA18971_hap2_hprc_r2_v1.0.1.fa.gz
NA18974,male,/gpfs/gibbs/pi/ycgh/wl474/HPRC_Release_2/NA18974/assemblies/NA18974_hap1_hprc_r2_v1.0.1.fa.gz,/gpfs/gibbs/pi/ycgh/wl474/HPRC_Release_2/NA18974/assemblies/NA18974_hap2_hprc_r2_v1.0.1.fa.gz
NA18976,female,/gpfs/gibbs/pi/ycgh/wl474/HPRC_Release_2/NA18976/assemblies/NA18976_hap1_hprc_r2_v1.0.1.fa.gz,/gpfs/gibbs/pi/ycgh/wl474/HPRC_Release_2/NA18976/assemblies/NA18976_hap2_hprc_r2_v1.0.1.fa.gz
NA18983,male,/gpfs/gibbs/pi/ycgh/wl474/HPRC_Release_2/NA18983/assemblies/NA18983_hap1_hprc_r2_v1.0.1.fa.gz,/gpfs/gibbs/pi/ycgh/wl474/HPRC_Release_2/NA18983/assemblies/NA18983_hap2_hprc_r2_v1.0.1.fa.gz
NA19036,female,/gpfs/gibbs/pi/ycgh/wl474/HPRC_Release_2/NA19036/assemblies/NA19036_hap1_hprc_r2_v1.0.1.fa.gz,/gpfs/gibbs/pi/ycgh/wl474/HPRC_Release_2/NA19036/assemblies/NA19036_hap2_hprc_r2_v1.0.1.fa.gz
NA19043,male,/gpfs/gibbs/pi/ycgh/wl474/HPRC_Release_2/NA19043/assemblies/NA19043_hap1_hprc_r2_v1.0.1.fa.gz,/gpfs/gibbs/pi/ycgh/wl474/HPRC_Release_2/NA19043/assemblies/NA19043_hap2_hprc_r2_v1.0.1.fa.gz
NA19087,female,/gpfs/gibbs/pi/ycgh/wl474/HPRC_Release_2/NA19087/assemblies/NA19087_hap1_hprc_r2_v1.0.1.fa.gz,/gpfs/gibbs/pi/ycgh/wl474/HPRC_Release_2/NA19087/assemblies/NA19087_hap2_hprc_r2_v1.0.1.fa.gz
NA19159,female,/gpfs/gibbs/pi/ycgh/wl474/HPRC_Release_2/NA19159/assemblies/NA19159_hap1_hprc_r2_v1.0.1.fa.gz,/gpfs/gibbs/pi/ycgh/wl474/HPRC_Release_2/NA19159/assemblies/NA19159_hap2_hprc_r2_v1.0.1.fa.gz
NA19185,female,/gpfs/gibbs/pi/ycgh/wl474/HPRC_Release_2/NA19185/assemblies/NA19185_hap1_hprc_r2_v1.0.1.fa.gz,/gpfs/gibbs/pi/ycgh/wl474/HPRC_Release_2/NA19185/assemblies/NA19185_hap2_hprc_r2_v1.0.1.fa.gz
NA19240,female,/gpfs/gibbs/pi/ycgh/wl474/HPRC_Release_2/NA19240/assemblies/NA19240_pat_hprc_r2_v1.0.1.fa.gz,/gpfs/gibbs/pi/ycgh/wl474/HPRC_Release_2/NA19240/assemblies/NA19240_mat_hprc_r2_v1.0.1.fa.gz
NA19338,female,/gpfs/gibbs/pi/ycgh/wl474/HPRC_Release_2/NA19338/assemblies/NA19338_hap1_hprc_r2_v1.0.1.fa.gz,/gpfs/gibbs/pi/ycgh/wl474/HPRC_Release_2/NA19338/assemblies/NA19338_hap2_hprc_r2_v1.0.1.fa.gz
NA19391,female,/gpfs/gibbs/pi/ycgh/wl474/HPRC_Release_2/NA19391/assemblies/NA19391_hap1_hprc_r2_v1.0.1.fa.gz,/gpfs/gibbs/pi/ycgh/wl474/HPRC_Release_2/NA19391/assemblies/NA19391_hap2_hprc_r2_v1.0.1.fa.gz
NA19443,male,/gpfs/gibbs/pi/ycgh/wl474/HPRC_Release_2/NA19443/assemblies/NA19443_hap1_hprc_r2_v1.0.1.fa.gz,/gpfs/gibbs/pi/ycgh/wl474/HPRC_Release_2/NA19443/assemblies/NA19443_hap2_hprc_r2_v1.0.1.fa.gz
NA19468,female,/gpfs/gibbs/pi/ycgh/wl474/HPRC_Release_2/NA19468/assemblies/NA19468_hap1_hprc_r2_v1.0.1.fa.gz,/gpfs/gibbs/pi/ycgh/wl474/HPRC_Release_2/NA19468/assemblies/NA19468_hap2_hprc_r2_v1.0.1.fa.gz
NA19682,male,/gpfs/gibbs/pi/ycgh/wl474/HPRC_Release_2/NA19682/assemblies/NA19682_hap1_hprc_r2_v1.0.1.fa.gz,/gpfs/gibbs/pi/ycgh/wl474/HPRC_Release_2/NA19682/assemblies/NA19682_hap2_hprc_r2_v1.0.1.fa.gz
NA19700,male,/gpfs/gibbs/pi/ycgh/wl474/HPRC_Release_2/NA19700/assemblies/NA19700_hap1_hprc_r2_v1.0.1.fa.gz,/gpfs/gibbs/pi/ycgh/wl474/HPRC_Release_2/NA19700/assemblies/NA19700_hap2_hprc_r2_v1.0.1.fa.gz
NA19776,female,/gpfs/gibbs/pi/ycgh/wl474/HPRC_Release_2/NA19776/assemblies/NA19776_hap1_hprc_r2_v1.0.1.fa.gz,/gpfs/gibbs/pi/ycgh/wl474/HPRC_Release_2/NA19776/assemblies/NA19776_hap2_hprc_r2_v1.0.1.fa.gz
NA19835,female,/gpfs/gibbs/pi/ycgh/wl474/HPRC_Release_2/NA19835/assemblies/NA19835_hap1_hprc_r2_v1.0.1.fa.gz,/gpfs/gibbs/pi/ycgh/wl474/HPRC_Release_2/NA19835/assemblies/NA19835_hap2_hprc_r2_v1.0.1.fa.gz
NA19909,female,/gpfs/gibbs/pi/ycgh/wl474/HPRC_Release_2/NA19909/assemblies/NA19909_hap1_hprc_r2_v1.0.1.fa.gz,/gpfs/gibbs/pi/ycgh/wl474/HPRC_Release_2/NA19909/assemblies/NA19909_hap2_hprc_r2_v1.0.1.fa.gz
NA20129,female,/gpfs/gibbs/pi/ycgh/wl474/HPRC_Release_2/NA20129/assemblies/NA20129_pat_hprc_r2_v1.0.1.fa.gz,/gpfs/gibbs/pi/ycgh/wl474/HPRC_Release_2/NA20129/assemblies/NA20129_mat_hprc_r2_v1.0.1.fa.gz
NA20282,female,/gpfs/gibbs/pi/ycgh/wl474/HPRC_Release_2/NA20282/assemblies/NA20282_hap1_hprc_r2_v1.0.1.fa.gz,/gpfs/gibbs/pi/ycgh/wl474/HPRC_Release_2/NA20282/assemblies/NA20282_hap2_hprc_r2_v1.0.1.fa.gz
NA20346,male,/gpfs/gibbs/pi/ycgh/wl474/HPRC_Release_2/NA20346/assemblies/NA20346_hap1_hprc_r2_v1.0.1.fa.gz,/gpfs/gibbs/pi/ycgh/wl474/HPRC_Release_2/NA20346/assemblies/NA20346_hap2_hprc_r2_v1.0.1.fa.gz
NA20752,male,/gpfs/gibbs/pi/ycgh/wl474/HPRC_Release_2/NA20752/assemblies/NA20752_hap1_hprc_r2_v1.0.1.fa.gz,/gpfs/gibbs/pi/ycgh/wl474/HPRC_Release_2/NA20752/assemblies/NA20752_hap2_hprc_r2_v1.0.1.fa.gz
NA20799,female,/gpfs/gibbs/pi/ycgh/wl474/HPRC_Release_2/NA20799/assemblies/NA20799_hap1_hprc_r2_v1.0.1.fa.gz,/gpfs/gibbs/pi/ycgh/wl474/HPRC_Release_2/NA20799/assemblies/NA20799_hap2_hprc_r2_v1.0.1.fa.gz
NA20805,male,/gpfs/gibbs/pi/ycgh/wl474/HPRC_Release_2/NA20805/assemblies/NA20805_hap1_hprc_r2_v1.0.1.fa.gz,/gpfs/gibbs/pi/ycgh/wl474/HPRC_Release_2/NA20805/assemblies/NA20805_hap2_hprc_r2_v1.0.1.fa.gz
NA20809,male,/gpfs/gibbs/pi/ycgh/wl474/HPRC_Release_2/NA20809/assemblies/NA20809_hap1_hprc_r2_v1.0.1.fa.gz,/gpfs/gibbs/pi/ycgh/wl474/HPRC_Release_2/NA20809/assemblies/NA20809_hap2_hprc_r2_v1.0.1.fa.gz
NA20850,male,/gpfs/gibbs/pi/ycgh/wl474/HPRC_Release_2/NA20850/assemblies/NA20850_hap1_hprc_r2_v1.0.1.fa.gz,/gpfs/gibbs/pi/ycgh/wl474/HPRC_Release_2/NA20850/assemblies/NA20850_hap2_hprc_r2_v1.0.1.fa.gz
NA20870,male,/gpfs/gibbs/pi/ycgh/wl474/HPRC_Release_2/NA20870/assemblies/NA20870_hap1_hprc_r2_v1.0.1.fa.gz,/gpfs/gibbs/pi/ycgh/wl474/HPRC_Release_2/NA20870/assemblies/NA20870_hap2_hprc_r2_v1.0.1.fa.gz
NA20905,male,/gpfs/gibbs/pi/ycgh/wl474/HPRC_Release_2/NA20905/assemblies/NA20905_hap1_hprc_r2_v1.0.1.fa.gz,/gpfs/gibbs/pi/ycgh/wl474/HPRC_Release_2/NA20905/assemblies/NA20905_hap2_hprc_r2_v1.0.1.fa.gz
NA21093,male,/gpfs/gibbs/pi/ycgh/wl474/HPRC_Release_2/NA21093/assemblies/NA21093_hap1_hprc_r2_v1.0.1.fa.gz,/gpfs/gibbs/pi/ycgh/wl474/HPRC_Release_2/NA21093/assemblies/NA21093_hap2_hprc_r2_v1.0.1.fa.gz
NA21102,female,/gpfs/gibbs/pi/ycgh/wl474/HPRC_Release_2/NA21102/assemblies/NA21102_hap1_hprc_r2_v1.0.1.fa.gz,/gpfs/gibbs/pi/ycgh/wl474/HPRC_Release_2/NA21102/assemblies/NA21102_hap2_hprc_r2_v1.0.1.fa.gz
NA21106,female,/gpfs/gibbs/pi/ycgh/wl474/HPRC_Release_2/NA21106/assemblies/NA21106_hap1_hprc_r2_v1.0.1.fa.gz,/gpfs/gibbs/pi/ycgh/wl474/HPRC_Release_2/NA21106/assemblies/NA21106_hap2_hprc_r2_v1.0.1.fa.gz
NA21110,female,/gpfs/gibbs/pi/ycgh/wl474/HPRC_Release_2/NA21110/assemblies/NA21110_hap1_hprc_r2_v1.0.1.fa.gz,/gpfs/gibbs/pi/ycgh/wl474/HPRC_Release_2/NA21110/assemblies/NA21110_hap2_hprc_r2_v1.0.1.fa.gz
NA21144,female,/gpfs/gibbs/pi/ycgh/wl474/HPRC_Release_2/NA21144/assemblies/NA21144_hap1_hprc_r2_v1.0.1.fa.gz,/gpfs/gibbs/pi/ycgh/wl474/HPRC_Release_2/NA21144/assemblies/NA21144_hap2_hprc_r2_v1.0.1.fa.gz
NA21309,female,/gpfs/gibbs/pi/ycgh/wl474/HPRC_Release_2/NA21309/assemblies/NA21309_pat_hprc_r2_v1.0.1.fa.gz,/gpfs/gibbs/pi/ycgh/wl474/HPRC_Release_2/NA21309/assemblies/NA21309_mat_hprc_r2_v1.0.1.fa.gz
