sample_id,haplotype,s3_path
HG002,1,s3://human-pangenomics/submissions/DC27718F-5F38-43B0-9A78-270F395F13E8--INT_ASM_PRODUCTION/HG002/assemblies/freeze_2/assembly_pipeline/ncbi_upload/HG002.hap1_for_genbank.fa.gz
HG002,2,s3://human-pangenomics/submissions/DC27718F-5F38-43B0-9A78-270F395F13E8--INT_ASM_PRODUCTION/HG002/assemblies/freeze_2/assembly_pipeline/ncbi_upload/HG002.hap2_for_genbank.fa.gz
HG005,1,s3://human-pangenomics/working/HPRC_PLUS/HG005/assemblies/release2/HG005_pat_hprc_r2_v1.0.1.fa.gz
HG005,2,s3://human-pangenomics/working/HPRC_PLUS/HG005/assemblies/release2/HG005_mat_hprc_r2_v1.0.1.fa.gz
HG00097,1,s3://human-pangenomics/working/HPRC/HG00097/assemblies/release2/HG00097_hap1_hprc_r2_v1.0.1.fa.gz
HG00097,2,s3://human-pangenomics/working/HPRC/HG00097/assemblies/release2/HG00097_hap2_hprc_r2_v1.0.1.fa.gz
HG00099,1,s3://human-pangenomics/working/HPRC/HG00099/assemblies/release2/HG00099_hap1_hprc_r2_v1.0.1.fa.gz
HG00099,2,s3://human-pangenomics/working/HPRC/HG00099/assemblies/release2/HG00099_hap2_hprc_r2_v1.0.1.fa.gz
HG00126,1,s3://human-pangenomics/working/HPRC/HG00126/assemblies/release2/HG00126_hap1_hprc_r2_v1.0.1.fa.gz
HG00126,2,s3://human-pangenomics/working/HPRC/HG00126/assemblies/release2/HG00126_hap2_hprc_r2_v1.0.1.fa.gz
HG00128,1,s3://human-pangenomics/working/HPRC/HG00128/assemblies/release2/HG00128_hap1_hprc_r2_v1.0.1.fa.gz
HG00128,2,s3://human-pangenomics/working/HPRC/HG00128/assemblies/release2/HG00128_hap2_hprc_r2_v1.0.1.fa.gz
HG00133,1,s3://human-pangenomics/working/HPRC/HG00133/assemblies/release2/HG00133_hap1_hprc_r2_v1.0.1.fa.gz
HG00133,2,s3://human-pangenomics/working/HPRC/HG00133/assemblies/release2/HG00133_hap2_hprc_r2_v1.0.1.fa.gz
HG00140,1,s3://human-pangenomics/working/HPRC/HG00140/assemblies/release2/HG00140_hap1_hprc_r2_v1.0.1.fa.gz
HG00140,2,s3://human-pangenomics/working/HPRC/HG00140/assemblies/release2/HG00140_hap2_hprc_r2_v1.0.1.fa.gz
HG00146,1,s3://human-pangenomics/working/HPRC/HG00146/assemblies/release2/HG00146_hap1_hprc_r2_v1.0.1.fa.gz
HG00146,2,s3://human-pangenomics/working/HPRC/HG00146/assemblies/release2/HG00146_hap2_hprc_r2_v1.0.1.fa.gz
HG00232,1,s3://human-pangenomics/working/HPRC/HG00232/assemblies/release2/HG00232_hap1_hprc_r2_v1.0.1.fa.gz
HG00232,2,s3://human-pangenomics/working/HPRC/HG00232/assemblies/release2/HG00232_hap2_hprc_r2_v1.0.1.fa.gz
HG00235,1,s3://human-pangenomics/working/HPRC/HG00235/assemblies/release2/HG00235_hap1_hprc_r2_v1.0.1.fa.gz
HG00235,2,s3://human-pangenomics/working/HPRC/HG00235/assemblies/release2/HG00235_hap2_hprc_r2_v1.0.1.fa.gz
HG00253,1,s3://human-pangenomics/working/HPRC/HG00253/assemblies/release2/HG00253_hap1_hprc_r2_v1.0.1.fa.gz
HG00253,2,s3://human-pangenomics/working/HPRC/HG00253/assemblies/release2/HG00253_hap2_hprc_r2_v1.0.1.fa.gz
HG00272,1,s3://human-pangenomics/working/HPRC/HG00272/assemblies/release2/HG00272_hap1_hprc_r2_v1.0.1.fa.gz
HG00272,2,s3://human-pangenomics/working/HPRC/HG00272/assemblies/release2/HG00272_hap2_hprc_r2_v1.0.1.fa.gz
HG00280,1,s3://human-pangenomics/working/HPRC/HG00280/assemblies/release2/HG00280_hap1_hprc_r2_v1.0.1.fa.gz
HG00280,2,s3://human-pangenomics/working/HPRC/HG00280/assemblies/release2/HG00280_hap2_hprc_r2_v1.0.1.fa.gz
HG00290,1,s3://human-pangenomics/working/HPRC/HG00290/assemblies/release2/HG00290_hap1_hprc_r2_v1.0.1.fa.gz
HG00290,2,s3://human-pangenomics/working/HPRC/HG00290/assemblies/release2/HG00290_hap2_hprc_r2_v1.0.1.fa.gz
HG00320,1,s3://human-pangenomics/working/HPRC/HG00320/assemblies/release2/HG00320_hap1_hprc_r2_v1.0.1.fa.gz
HG00320,2,s3://human-pangenomics/working/HPRC/HG00320/assemblies/release2/HG00320_hap2_hprc_r2_v1.0.1.fa.gz
HG00321,1,s3://human-pangenomics/working/HPRC/HG00321/assemblies/release2/HG00321_hap1_hprc_r2_v1.0.1.fa.gz
HG00321,2,s3://human-pangenomics/working/HPRC/HG00321/assemblies/release2/HG00321_hap2_hprc_r2_v1.0.1.fa.gz
HG00323,1,s3://human-pangenomics/working/HPRC/HG00323/assemblies/release2/HG00323_hap1_hprc_r2_v1.0.1.fa.gz
HG00323,2,s3://human-pangenomics/working/HPRC/HG00323/assemblies/release2/HG00323_hap2_hprc_r2_v1.0.1.fa.gz
HG00329,1,s3://human-pangenomics/working/HPRC/HG00329/assemblies/release2/HG00329_hap1_hprc_r2_v1.0.1.fa.gz
HG00329,2,s3://human-pangenomics/working/HPRC/HG00329/assemblies/release2/HG00329_hap2_hprc_r2_v1.0.1.fa.gz
HG00344,1,s3://human-pangenomics/working/HPRC/HG00344/assemblies/release2/HG00344_hap1_hprc_r2_v1.0.1.fa.gz
HG00344,2,s3://human-pangenomics/working/HPRC/HG00344/assemblies/release2/HG00344_hap2_hprc_r2_v1.0.1.fa.gz
HG00350,1,s3://human-pangenomics/working/HPRC/HG00350/assemblies/release2/HG00350_hap1_hprc_r2_v1.0.1.fa.gz
HG00350,2,s3://human-pangenomics/working/HPRC/HG00350/assemblies/release2/HG00350_hap2_hprc_r2_v1.0.1.fa.gz
HG00408,1,s3://human-pangenomics/working/HPRC/HG00408/assemblies/release2/HG00408_pat_hprc_r2_v1.0.1.fa.gz
HG00408,2,s3://human-pangenomics/working/HPRC/HG00408/assemblies/release2/HG00408_mat_hprc_r2_v1.0.1.fa.gz
HG00423,1,s3://human-pangenomics/working/HPRC/HG00423/assemblies/release2/HG00423_pat_hprc_r2_v1.0.1.fa.gz
HG00423,2,s3://human-pangenomics/working/HPRC/HG00423/assemblies/release2/HG00423_mat_hprc_r2_v1.0.1.fa.gz
HG00438,1,s3://human-pangenomics/working/HPRC/HG00438/assemblies/release2/HG00438_pat_hprc_r2_v1.0.1.fa.gz
HG00438,2,s3://human-pangenomics/working/HPRC/HG00438/assemblies/release2/HG00438_mat_hprc_r2_v1.0.1.fa.gz
HG00544,1,s3://human-pangenomics/working/HPRC/HG00544/assemblies/release2/HG00544_pat_hprc_r2_v1.0.1.fa.gz
HG00544,2,s3://human-pangenomics/working/HPRC/HG00544/assemblies/release2/HG00544_mat_hprc_r2_v1.0.1.fa.gz
HG00558,1,s3://human-pangenomics/working/HPRC/HG00558/assemblies/release2/HG00558_pat_hprc_r2_v1.0.1.fa.gz
HG00558,2,s3://human-pangenomics/working/HPRC/HG00558/assemblies/release2/HG00558_mat_hprc_r2_v1.0.1.fa.gz
HG00597,1,s3://human-pangenomics/working/HPRC/HG00597/assemblies/release2/HG00597_pat_hprc_r2_v1.0.1.fa.gz
HG00597,2,s3://human-pangenomics/working/HPRC/HG00597/assemblies/release2/HG00597_mat_hprc_r2_v1.0.1.fa.gz
HG00609,1,s3://human-pangenomics/working/HPRC/HG00609/assemblies/release2/HG00609_pat_hprc_r2_v1.0.1.fa.gz
HG00609,2,s3://human-pangenomics/working/HPRC/HG00609/assemblies/release2/HG00609_mat_hprc_r2_v1.0.1.fa.gz
HG00621,1,s3://human-pangenomics/working/HPRC/HG00621/assemblies/release2/HG00621_pat_hprc_r2_v1.0.1.fa.gz
HG00621,2,s3://human-pangenomics/working/HPRC/HG00621/assemblies/release2/HG00621_mat_hprc_r2_v1.0.1.fa.gz
HG00639,1,s3://human-pangenomics/working/HPRC/HG00639/assemblies/release2/HG00639_pat_hprc_r2_v1.0.1.fa.gz
HG00639,2,s3://human-pangenomics/working/HPRC/HG00639/assemblies/release2/HG00639_mat_hprc_r2_v1.0.1.fa.gz
HG00642,1,s3://human-pangenomics/working/HPRC/HG00642/assemblies/release2/HG00642_pat_hprc_r2_v1.0.1.fa.gz
HG00642,2,s3://human-pangenomics/working/HPRC/HG00642/assemblies/release2/HG00642_mat_hprc_r2_v1.0.1.fa.gz
HG00658,1,s3://human-pangenomics/working/HPRC/HG00658/assemblies/release2/HG00658_pat_hprc_r2_v1.0.1.fa.gz
HG00658,2,s3://human-pangenomics/working/HPRC/HG00658/assemblies/release2/HG00658_mat_hprc_r2_v1.0.1.fa.gz
HG00673,1,s3://human-pangenomics/working/HPRC/HG00673/assemblies/release2/HG00673_pat_hprc_r2_v1.0.1.fa.gz
HG00673,2,s3://human-pangenomics/working/HPRC/HG00673/assemblies/release2/HG00673_mat_hprc_r2_v1.0.1.fa.gz
HG00706,1,s3://human-pangenomics/working/HPRC/HG00706/assemblies/release2/HG00706_pat_hprc_r2_v1.0.1.fa.gz
HG00706,2,s3://human-pangenomics/working/HPRC/HG00706/assemblies/release2/HG00706_mat_hprc_r2_v1.0.1.fa.gz
HG00733,1,s3://human-pangenomics/working/HPRC_PLUS/HG00733/assemblies/release2/HG00733_pat_hprc_r2_v1.0.1.fa.gz
HG00733,2,s3://human-pangenomics/working/HPRC_PLUS/HG00733/assemblies/release2/HG00733_mat_hprc_r2_v1.0.1.fa.gz
HG00735,1,s3://human-pangenomics/working/HPRC/HG00735/assemblies/release2/HG00735_pat_hprc_r2_v1.0.1.fa.gz
HG00735,2,s3://human-pangenomics/working/HPRC/HG00735/assemblies/release2/HG00735_mat_hprc_r2_v1.0.1.fa.gz
HG00738,1,s3://human-pangenomics/working/HPRC/HG00738/assemblies/release2/HG00738_pat_hprc_r2_v1.0.1.fa.gz
HG00738,2,s3://human-pangenomics/working/HPRC/HG00738/assemblies/release2/HG00738_mat_hprc_r2_v1.0.1.fa.gz
HG00741,1,s3://human-pangenomics/working/HPRC/HG00741/assemblies/release2/HG00741_pat_hprc_r2_v1.0.1.fa.gz
HG00741,2,s3://human-pangenomics/working/HPRC/HG00741/assemblies/release2/HG00741_mat_hprc_r2_v1.0.1.fa.gz
HG01071,1,s3://human-pangenomics/working/HPRC/HG01071/assemblies/release2/HG01071_pat_hprc_r2_v1.0.1.fa.gz
HG01071,2,s3://human-pangenomics/working/HPRC/HG01071/assemblies/release2/HG01071_mat_hprc_r2_v1.0.1.fa.gz
HG01074,1,s3://human-pangenomics/working/HPRC/HG01074/assemblies/release2/HG01074_pat_hprc_r2_v1.0.1.fa.gz
HG01074,2,s3://human-pangenomics/working/HPRC/HG01074/assemblies/release2/HG01074_mat_hprc_r2_v1.0.1.fa.gz
HG01081,1,s3://human-pangenomics/working/HPRC/HG01081/assemblies/release2/HG01081_pat_hprc_r2_v1.0.1.fa.gz
HG01081,2,s3://human-pangenomics/working/HPRC/HG01081/assemblies/release2/HG01081_mat_hprc_r2_v1.0.1.fa.gz
HG01099,1,s3://human-pangenomics/working/HPRC/HG01099/assemblies/release2/HG01099_pat_hprc_r2_v1.0.1.fa.gz
HG01099,2,s3://human-pangenomics/working/HPRC/HG01099/assemblies/release2/HG01099_mat_hprc_r2_v1.0.1.fa.gz
HG01106,1,s3://human-pangenomics/working/HPRC/HG01106/assemblies/release2/HG01106_pat_hprc_r2_v1.0.1.fa.gz
HG01106,2,s3://human-pangenomics/working/HPRC/HG01106/assemblies/release2/HG01106_mat_hprc_r2_v1.0.1.fa.gz
HG01109,1,s3://human-pangenomics/working/HPRC_PLUS/HG01109/assemblies/release2/HG01109_pat_hprc_r2_v1.0.1.fa.gz
HG01109,2,s3://human-pangenomics/working/HPRC_PLUS/HG01109/assemblies/release2/HG01109_mat_hprc_r2_v1.0.1.fa.gz
HG01123,1,s3://human-pangenomics/working/HPRC/HG01123/assemblies/release2/HG01123_pat_hprc_r2_v1.0.1.fa.gz
HG01123,2,s3://human-pangenomics/working/HPRC/HG01123/assemblies/release2/HG01123_mat_hprc_r2_v1.0.1.fa.gz
HG01150,1,s3://human-pangenomics/working/HPRC/HG01150/assemblies/release2/HG01150_pat_hprc_r2_v1.0.1.fa.gz
HG01150,2,s3://human-pangenomics/working/HPRC/HG01150/assemblies/release2/HG01150_mat_hprc_r2_v1.0.1.fa.gz
HG01167,1,s3://human-pangenomics/working/HPRC/HG01167/assemblies/release2/HG01167_hap1_hprc_r2_v1.0.1.fa.gz
HG01167,2,s3://human-pangenomics/working/HPRC/HG01167/assemblies/release2/HG01167_hap2_hprc_r2_v1.0.1.fa.gz
HG01175,1,s3://human-pangenomics/working/HPRC/HG01175/assemblies/release2/HG01175_pat_hprc_r2_v1.0.1.fa.gz
HG01175,2,s3://human-pangenomics/working/HPRC/HG01175/assemblies/release2/HG01175_mat_hprc_r2_v1.0.1.fa.gz
HG01192,1,s3://human-pangenomics/working/HPRC/HG01192/assemblies/release2/HG01192_pat_hprc_r2_v1.0.1.fa.gz
HG01192,2,s3://human-pangenomics/working/HPRC/HG01192/assemblies/release2/HG01192_mat_hprc_r2_v1.0.1.fa.gz
HG01243,1,s3://human-pangenomics/working/HPRC_PLUS/HG01243/assemblies/release2/HG01243_pat_hprc_r2_v1.0.1.fa.gz
HG01243,2,s3://human-pangenomics/working/HPRC_PLUS/HG01243/assemblies/release2/HG01243_mat_hprc_r2_v1.0.1.fa.gz
HG01252,1,s3://human-pangenomics/working/HPRC/HG01252/assemblies/release2/HG01252_pat_hprc_r2_v1.0.1.fa.gz
HG01252,2,s3://human-pangenomics/working/HPRC/HG01252/assemblies/release2/HG01252_mat_hprc_r2_v1.0.1.fa.gz
HG01255,1,s3://human-pangenomics/working/HPRC/HG01255/assemblies/release2/HG01255_pat_hprc_r2_v1.0.1.fa.gz
HG01255,2,s3://human-pangenomics/working/HPRC/HG01255/assemblies/release2/HG01255_mat_hprc_r2_v1.0.1.fa.gz
HG01258,1,s3://human-pangenomics/working/HPRC/HG01258/assemblies/release2/HG01258_pat_hprc_r2_v1.0.1.fa.gz
HG01258,2,s3://human-pangenomics/working/HPRC/HG01258/assemblies/release2/HG01258_mat_hprc_r2_v1.0.1.fa.gz
HG01261,1,s3://human-pangenomics/working/HPRC/HG01261/assemblies/release2/HG01261_pat_hprc_r2_v1.0.1.fa.gz
HG01261,2,s3://human-pangenomics/working/HPRC/HG01261/assemblies/release2/HG01261_mat_hprc_r2_v1.0.1.fa.gz
HG01346,1,s3://human-pangenomics/working/HPRC/HG01346/assemblies/release2/HG01346_pat_hprc_r2_v1.0.1.fa.gz
HG01346,2,s3://human-pangenomics/working/HPRC/HG01346/assemblies/release2/HG01346_mat_hprc_r2_v1.0.1.fa.gz
HG01358,1,s3://human-pangenomics/working/HPRC/HG01358/assemblies/release2/HG01358_pat_hprc_r2_v1.0.1.fa.gz
HG01358,2,s3://human-pangenomics/working/HPRC/HG01358/assemblies/release2/HG01358_mat_hprc_r2_v1.0.1.fa.gz
HG01361,1,s3://human-pangenomics/working/HPRC/HG01361/assemblies/release2/HG01361_pat_hprc_r2_v1.0.1.fa.gz
HG01361,2,s3://human-pangenomics/working/HPRC/HG01361/assemblies/release2/HG01361_mat_hprc_r2_v1.0.1.fa.gz
HG01433,1,s3://human-pangenomics/working/HPRC/HG01433/assemblies/release2/HG01433_pat_hprc_r2_v1.0.1.fa.gz
HG01433,2,s3://human-pangenomics/working/HPRC/HG01433/assemblies/release2/HG01433_mat_hprc_r2_v1.0.1.fa.gz
HG01496,1,s3://human-pangenomics/working/HPRC/HG01496/assemblies/release2/HG01496_pat_hprc_r2_v1.0.1.fa.gz
HG01496,2,s3://human-pangenomics/working/HPRC/HG01496/assemblies/release2/HG01496_mat_hprc_r2_v1.0.1.fa.gz
HG01530,1,s3://human-pangenomics/working/HPRC/HG01530/assemblies/release2/HG01530_hap1_hprc_r2_v1.0.1.fa.gz
HG01530,2,s3://human-pangenomics/working/HPRC/HG01530/assemblies/release2/HG01530_hap2_hprc_r2_v1.0.1.fa.gz
HG01784,1,s3://human-pangenomics/working/HPRC/HG01784/assemblies/release2/HG01784_hap1_hprc_r2_v1.0.1.fa.gz
HG01784,2,s3://human-pangenomics/working/HPRC/HG01784/assemblies/release2/HG01784_hap2_hprc_r2_v1.0.1.fa.gz
HG01786,1,s3://human-pangenomics/working/HPRC/HG01786/assemblies/release2/HG01786_hap1_hprc_r2_v1.0.1.fa.gz
HG01786,2,s3://human-pangenomics/working/HPRC/HG01786/assemblies/release2/HG01786_hap2_hprc_r2_v1.0.1.fa.gz
HG01884,1,s3://human-pangenomics/working/HPRC/HG01884/assemblies/release2/HG01884_pat_hprc_r2_v1.0.1.fa.gz
HG01884,2,s3://human-pangenomics/working/HPRC/HG01884/assemblies/release2/HG01884_mat_hprc_r2_v1.0.1.fa.gz
HG01891,1,s3://human-pangenomics/working/HPRC/HG01891/assemblies/release2/HG01891_pat_hprc_r2_v1.0.1.fa.gz
HG01891,2,s3://human-pangenomics/working/HPRC/HG01891/assemblies/release2/HG01891_mat_hprc_r2_v1.0.1.fa.gz
HG01928,1,s3://human-pangenomics/working/HPRC/HG01928/assemblies/release2/HG01928_pat_hprc_r2_v1.0.1.fa.gz
HG01928,2,s3://human-pangenomics/working/HPRC/HG01928/assemblies/release2/HG01928_mat_hprc_r2_v1.0.1.fa.gz
HG01934,1,s3://human-pangenomics/working/HPRC/HG01934/assemblies/release2/HG01934_pat_hprc_r2_v1.0.1.fa.gz
HG01934,2,s3://human-pangenomics/working/HPRC/HG01934/assemblies/release2/HG01934_mat_hprc_r2_v1.0.1.fa.gz
HG01940,1,s3://human-pangenomics/working/HPRC/HG01940/assemblies/release2/HG01940_pat_hprc_r2_v1.0.1.fa.gz
HG01940,2,s3://human-pangenomics/working/HPRC/HG01940/assemblies/release2/HG01940_mat_hprc_r2_v1.0.1.fa.gz
HG01943,1,s3://human-pangenomics/working/HPRC/HG01943/assemblies/release2/HG01943_pat_hprc_r2_v1.0.1.fa.gz
HG01943,2,s3://human-pangenomics/working/HPRC/HG01943/assemblies/release2/HG01943_mat_hprc_r2_v1.0.1.fa.gz
HG01952,1,s3://human-pangenomics/working/HPRC/HG01952/assemblies/release2/HG01952_pat_hprc_r2_v1.0.1.fa.gz
HG01952,2,s3://human-pangenomics/working/HPRC/HG01952/assemblies/release2/HG01952_mat_hprc_r2_v1.0.1.fa.gz
HG01960,1,s3://human-pangenomics/working/HPRC/HG01960/assemblies/release2/HG01960_pat_hprc_r2_v1.0.1.fa.gz
HG01960,2,s3://human-pangenomics/working/HPRC/HG01960/assemblies/release2/HG01960_mat_hprc_r2_v1.0.1.fa.gz
HG01969,1,s3://human-pangenomics/working/HPRC/HG01969/assemblies/release2/HG01969_pat_hprc_r2_v1.0.1.fa.gz
HG01969,2,s3://human-pangenomics/working/HPRC/HG01969/assemblies/release2/HG01969_mat_hprc_r2_v1.0.1.fa.gz
HG01975,1,s3://human-pangenomics/working/HPRC/HG01975/assemblies/release2/HG01975_pat_hprc_r2_v1.0.1.fa.gz
HG01975,2,s3://human-pangenomics/working/HPRC/HG01975/assemblies/release2/HG01975_mat_hprc_r2_v1.0.1.fa.gz
HG01978,1,s3://human-pangenomics/working/HPRC/HG01978/assemblies/release2/HG01978_pat_hprc_r2_v1.1.0.fa.gz
HG01978,2,s3://human-pangenomics/working/HPRC/HG01978/assemblies/release2/HG01978_mat_hprc_r2_v1.1.0.fa.gz
HG01981,1,s3://human-pangenomics/working/HPRC/HG01981/assemblies/release2/HG01981_pat_hprc_r2_v1.0.1.fa.gz
HG01981,2,s3://human-pangenomics/working/HPRC/HG01981/assemblies/release2/HG01981_mat_hprc_r2_v1.0.1.fa.gz
HG01993,1,s3://human-pangenomics/working/HPRC/HG01993/assemblies/release2/HG01993_pat_hprc_r2_v1.0.1.fa.gz
HG01993,2,s3://human-pangenomics/working/HPRC/HG01993/assemblies/release2/HG01993_mat_hprc_r2_v1.0.1.fa.gz
HG02004,1,s3://human-pangenomics/working/HPRC/HG02004/assemblies/release2/HG02004_pat_hprc_r2_v1.0.1.fa.gz
HG02004,2,s3://human-pangenomics/working/HPRC/HG02004/assemblies/release2/HG02004_mat_hprc_r2_v1.0.1.fa.gz
HG02015,1,s3://human-pangenomics/working/HPRC/HG02015/assemblies/release2/HG02015_pat_hprc_r2_v1.0.1.fa.gz
HG02015,2,s3://human-pangenomics/working/HPRC/HG02015/assemblies/release2/HG02015_mat_hprc_r2_v1.0.1.fa.gz
HG02027,1,s3://human-pangenomics/working/HPRC/HG02027/assemblies/release2/HG02027_pat_hprc_r2_v1.0.1.fa.gz
HG02027,2,s3://human-pangenomics/working/HPRC/HG02027/assemblies/release2/HG02027_mat_hprc_r2_v1.0.1.fa.gz
HG02040,1,s3://human-pangenomics/working/HPRC/HG02040/assemblies/release2/HG02040_hap1_hprc_r2_v1.0.1.fa.gz
HG02040,2,s3://human-pangenomics/working/HPRC/HG02040/assemblies/release2/HG02040_hap2_hprc_r2_v1.0.1.fa.gz
HG02055,1,s3://human-pangenomics/working/HPRC_PLUS/HG02055/assemblies/release2/HG02055_pat_hprc_r2_v1.0.1.fa.gz
HG02055,2,s3://human-pangenomics/working/HPRC_PLUS/HG02055/assemblies/release2/HG02055_mat_hprc_r2_v1.0.1.fa.gz
HG02056,1,s3://human-pangenomics/working/HPRC/HG02056/assemblies/release2/HG02056_pat_hprc_r2_v1.0.1.fa.gz
HG02056,2,s3://human-pangenomics/working/HPRC/HG02056/assemblies/release2/HG02056_mat_hprc_r2_v1.0.1.fa.gz
HG02071,1,s3://human-pangenomics/working/HPRC/HG02071/assemblies/release2/HG02071_pat_hprc_r2_v1.0.1.fa.gz
HG02071,2,s3://human-pangenomics/working/HPRC/HG02071/assemblies/release2/HG02071_mat_hprc_r2_v1.0.1.fa.gz
HG02074,1,s3://human-pangenomics/working/HPRC/HG02074/assemblies/release2/HG02074_pat_hprc_r2_v1.0.1.fa.gz
HG02074,2,s3://human-pangenomics/working/HPRC/HG02074/assemblies/release2/HG02074_mat_hprc_r2_v1.0.1.fa.gz
HG02080,1,s3://human-pangenomics/working/HPRC_PLUS/HG02080/assemblies/release2/HG02080_pat_hprc_r2_v1.0.1.fa.gz
HG02080,2,s3://human-pangenomics/working/HPRC_PLUS/HG02080/assemblies/release2/HG02080_mat_hprc_r2_v1.0.1.fa.gz
HG02083,1,s3://human-pangenomics/working/HPRC/HG02083/assemblies/release2/HG02083_pat_hprc_r2_v1.0.1.fa.gz
HG02083,2,s3://human-pangenomics/working/HPRC/HG02083/assemblies/release2/HG02083_mat_hprc_r2_v1.0.1.fa.gz
HG02109,1,s3://human-pangenomics/working/HPRC_PLUS/HG02109/assemblies/release2/HG02109_pat_hprc_r2_v1.0.1.fa.gz
HG02109,2,s3://human-pangenomics/working/HPRC_PLUS/HG02109/assemblies/release2/HG02109_mat_hprc_r2_v1.0.1.fa.gz
HG02129,1,s3://human-pangenomics/working/HPRC/HG02129/assemblies/release2/HG02129_pat_hprc_r2_v1.0.1.fa.gz
HG02129,2,s3://human-pangenomics/working/HPRC/HG02129/assemblies/release2/HG02129_mat_hprc_r2_v1.0.1.fa.gz
HG02132,1,s3://human-pangenomics/working/HPRC/HG02132/assemblies/release2/HG02132_pat_hprc_r2_v1.0.1.fa.gz
HG02132,2,s3://human-pangenomics/working/HPRC/HG02132/assemblies/release2/HG02132_mat_hprc_r2_v1.0.1.fa.gz
HG02135,1,s3://human-pangenomics/working/HPRC/HG02135/assemblies/release2/HG02135_pat_hprc_r2_v1.0.1.fa.gz
HG02135,2,s3://human-pangenomics/working/HPRC/HG02135/assemblies/release2/HG02135_mat_hprc_r2_v1.0.1.fa.gz
HG02145,1,s3://human-pangenomics/working/HPRC_PLUS/HG02145/assemblies/release2/HG02145_pat_hprc_r2_v1.0.1.fa.gz
HG02145,2,s3://human-pangenomics/working/HPRC_PLUS/HG02145/assemblies/release2/HG02145_mat_hprc_r2_v1.0.1.fa.gz
HG02148,1,s3://human-pangenomics/working/HPRC/HG02148/assemblies/release2/HG02148_pat_hprc_r2_v1.0.1.fa.gz
HG02148,2,s3://human-pangenomics/working/HPRC/HG02148/assemblies/release2/HG02148_mat_hprc_r2_v1.0.1.fa.gz
HG02155,1,s3://human-pangenomics/working/HPRC/HG02155/assemblies/release2/HG02155_hap1_hprc_r2_v1.0.1.fa.gz
HG02155,2,s3://human-pangenomics/working/HPRC/HG02155/assemblies/release2/HG02155_hap2_hprc_r2_v1.0.1.fa.gz
HG02165,1,s3://human-pangenomics/working/HPRC/HG02165/assemblies/release2/HG02165_hap1_hprc_r2_v1.0.1.fa.gz
HG02165,2,s3://human-pangenomics/working/HPRC/HG02165/assemblies/release2/HG02165_hap2_hprc_r2_v1.0.1.fa.gz
HG02178,1,s3://human-pangenomics/working/HPRC/HG02178/assemblies/release2/HG02178_hap1_hprc_r2_v1.0.1.fa.gz
HG02178,2,s3://human-pangenomics/working/HPRC/HG02178/assemblies/release2/HG02178_hap2_hprc_r2_v1.0.1.fa.gz
HG02257,1,s3://human-pangenomics/working/HPRC/HG02257/assemblies/release2/HG02257_pat_hprc_r2_v1.1.0.fa.gz
HG02257,2,s3://human-pangenomics/working/HPRC/HG02257/assemblies/release2/HG02257_mat_hprc_r2_v1.1.0.fa.gz
HG02258,1,s3://human-pangenomics/working/HPRC/HG02258/assemblies/release2/HG02258_pat_hprc_r2_v1.0.1.fa.gz
HG02258,2,s3://human-pangenomics/working/HPRC/HG02258/assemblies/release2/HG02258_mat_hprc_r2_v1.0.1.fa.gz
HG02273,1,s3://human-pangenomics/working/HPRC/HG02273/assemblies/release2/HG02273_hap1_hprc_r2_v1.0.1.fa.gz
HG02273,2,s3://human-pangenomics/working/HPRC/HG02273/assemblies/release2/HG02273_hap2_hprc_r2_v1.0.1.fa.gz
HG02280,1,s3://human-pangenomics/working/HPRC/HG02280/assemblies/release2/HG02280_pat_hprc_r2_v1.0.1.fa.gz
HG02280,2,s3://human-pangenomics/working/HPRC/HG02280/assemblies/release2/HG02280_mat_hprc_r2_v1.0.1.fa.gz
HG02293,1,s3://human-pangenomics/working/HPRC/HG02293/assemblies/release2/HG02293_pat_hprc_r2_v1.0.1.fa.gz
HG02293,2,s3://human-pangenomics/working/HPRC/HG02293/assemblies/release2/HG02293_mat_hprc_r2_v1.0.1.fa.gz
HG02300,1,s3://human-pangenomics/working/HPRC/HG02300/assemblies/release2/HG02300_pat_hprc_r2_v1.0.1.fa.gz
HG02300,2,s3://human-pangenomics/working/HPRC/HG02300/assemblies/release2/HG02300_mat_hprc_r2_v1.0.1.fa.gz
HG02391,1,s3://human-pangenomics/working/HPRC/HG02391/assemblies/release2/HG02391_hap1_hprc_r2_v1.0.1.fa.gz
HG02391,2,s3://human-pangenomics/working/HPRC/HG02391/assemblies/release2/HG02391_hap2_hprc_r2_v1.0.1.fa.gz
HG02392,1,s3://human-pangenomics/working/HPRC/HG02392/assemblies/release2/HG02392_hap1_hprc_r2_v1.0.1.fa.gz
HG02392,2,s3://human-pangenomics/working/HPRC/HG02392/assemblies/release2/HG02392_hap2_hprc_r2_v1.0.1.fa.gz
HG02451,1,s3://human-pangenomics/working/HPRC/HG02451/assemblies/release2/HG02451_pat_hprc_r2_v1.0.1.fa.gz
HG02451,2,s3://human-pangenomics/working/HPRC/HG02451/assemblies/release2/HG02451_mat_hprc_r2_v1.0.1.fa.gz
HG02486,1,s3://human-pangenomics/working/HPRC/HG02486/assemblies/release2/HG02486_pat_hprc_r2_v1.0.1.fa.gz
HG02486,2,s3://human-pangenomics/working/HPRC/HG02486/assemblies/release2/HG02486_mat_hprc_r2_v1.0.1.fa.gz
HG02514,1,s3://human-pangenomics/working/HPRC/HG02514/assemblies/release2/HG02514_pat_hprc_r2_v1.0.1.fa.gz
HG02514,2,s3://human-pangenomics/working/HPRC/HG02514/assemblies/release2/HG02514_mat_hprc_r2_v1.0.1.fa.gz
HG02523,1,s3://human-pangenomics/working/HPRC/HG02523/assemblies/release2/HG02523_pat_hprc_r2_v1.0.1.fa.gz
HG02523,2,s3://human-pangenomics/working/HPRC/HG02523/assemblies/release2/HG02523_mat_hprc_r2_v1.0.1.fa.gz
HG02559,1,s3://human-pangenomics/working/HPRC/HG02559/assemblies/release2/HG02559_pat_hprc_r2_v1.0.1.fa.gz
HG02559,2,s3://human-pangenomics/working/HPRC/HG02559/assemblies/release2/HG02559_mat_hprc_r2_v1.0.1.fa.gz
HG02572,1,s3://human-pangenomics/working/HPRC/HG02572/assemblies/release2/HG02572_pat_hprc_r2_v1.0.1.fa.gz
HG02572,2,s3://human-pangenomics/working/HPRC/HG02572/assemblies/release2/HG02572_mat_hprc_r2_v1.0.1.fa.gz
HG02583,1,s3://human-pangenomics/working/HPRC/HG02583/assemblies/release2/HG02583_hap1_hprc_r2_v1.0.1.fa.gz
HG02583,2,s3://human-pangenomics/working/HPRC/HG02583/assemblies/release2/HG02583_hap2_hprc_r2_v1.0.1.fa.gz
HG02602,1,s3://human-pangenomics/working/HPRC/HG02602/assemblies/release2/HG02602_pat_hprc_r2_v1.0.1.fa.gz
HG02602,2,s3://human-pangenomics/working/HPRC/HG02602/assemblies/release2/HG02602_mat_hprc_r2_v1.0.1.fa.gz
HG02615,1,s3://human-pangenomics/working/HPRC/HG02615/assemblies/release2/HG02615_pat_hprc_r2_v1.0.1.fa.gz
HG02615,2,s3://human-pangenomics/working/HPRC/HG02615/assemblies/release2/HG02615_mat_hprc_r2_v1.0.1.fa.gz
HG02622,1,s3://human-pangenomics/working/HPRC/HG02622/assemblies/release2/HG02622_pat_hprc_r2_v1.0.1.fa.gz
HG02622,2,s3://human-pangenomics/working/HPRC/HG02622/assemblies/release2/HG02622_mat_hprc_r2_v1.0.1.fa.gz
HG02630,1,s3://human-pangenomics/working/HPRC/HG02630/assemblies/release2/HG02630_pat_hprc_r2_v1.0.1.fa.gz
HG02630,2,s3://human-pangenomics/working/HPRC/HG02630/assemblies/release2/HG02630_mat_hprc_r2_v1.0.1.fa.gz
HG02647,1,s3://human-pangenomics/working/HPRC/HG02647/assemblies/release2/HG02647_pat_hprc_r2_v1.0.1.fa.gz
HG02647,2,s3://human-pangenomics/working/HPRC/HG02647/assemblies/release2/HG02647_mat_hprc_r2_v1.0.1.fa.gz
HG02668,1,s3://human-pangenomics/working/HPRC/HG02668/assemblies/release2/HG02668_pat_hprc_r2_v1.0.1.fa.gz
HG02668,2,s3://human-pangenomics/working/HPRC/HG02668/assemblies/release2/HG02668_mat_hprc_r2_v1.0.1.fa.gz
HG02698,1,s3://human-pangenomics/working/HPRC/HG02698/assemblies/release2/HG02698_pat_hprc_r2_v1.0.1.fa.gz
HG02698,2,s3://human-pangenomics/working/HPRC/HG02698/assemblies/release2/HG02698_mat_hprc_r2_v1.0.1.fa.gz
HG02717,1,s3://human-pangenomics/working/HPRC/HG02717/assemblies/release2/HG02717_pat_hprc_r2_v1.0.1.fa.gz
HG02717,2,s3://human-pangenomics/working/HPRC/HG02717/assemblies/release2/HG02717_mat_hprc_r2_v1.0.1.fa.gz
HG02723,1,s3://human-pangenomics/working/HPRC_PLUS/HG02723/assemblies/release2/HG02723_pat_hprc_r2_v1.0.1.fa.gz
HG02723,2,s3://human-pangenomics/working/HPRC_PLUS/HG02723/assemblies/release2/HG02723_mat_hprc_r2_v1.0.1.fa.gz
HG02735,1,s3://human-pangenomics/working/HPRC/HG02735/assemblies/release2/HG02735_pat_hprc_r2_v1.0.1.fa.gz
HG02735,2,s3://human-pangenomics/working/HPRC/HG02735/assemblies/release2/HG02735_mat_hprc_r2_v1.0.1.fa.gz
HG02738,1,s3://human-pangenomics/working/HPRC/HG02738/assemblies/release2/HG02738_pat_hprc_r2_v1.0.1.fa.gz
HG02738,2,s3://human-pangenomics/working/HPRC/HG02738/assemblies/release2/HG02738_mat_hprc_r2_v1.0.1.fa.gz
HG02809,1,s3://human-pangenomics/working/HPRC/HG02809/assemblies/release2/HG02809_pat_hprc_r2_v1.0.1.fa.gz
HG02809,2,s3://human-pangenomics/working/HPRC/HG02809/assemblies/release2/HG02809_mat_hprc_r2_v1.0.1.fa.gz
HG02818,1,s3://human-pangenomics/working/HPRC_PLUS/HG02818/assemblies/release2/HG02818_pat_hprc_r2_v1.0.1.fa.gz
HG02818,2,s3://human-pangenomics/working/HPRC_PLUS/HG02818/assemblies/release2/HG02818_mat_hprc_r2_v1.0.1.fa.gz
HG02841,1,s3://human-pangenomics/working/HPRC/HG02841/assemblies/release2/HG02841_pat_hprc_r2_v1.0.1.fa.gz
HG02841,2,s3://human-pangenomics/working/HPRC/HG02841/assemblies/release2/HG02841_mat_hprc_r2_v1.0.1.fa.gz
HG02886,1,s3://human-pangenomics/working/HPRC/HG02886/assemblies/release2/HG02886_pat_hprc_r2_v1.0.1.fa.gz
HG02886,2,s3://human-pangenomics/working/HPRC/HG02886/assemblies/release2/HG02886_mat_hprc_r2_v1.0.1.fa.gz
HG02922,1,s3://human-pangenomics/working/HPRC/HG02922/assemblies/release2/HG02922_hap1_hprc_r2_v1.0.1.fa.gz
HG02922,2,s3://human-pangenomics/working/HPRC/HG02922/assemblies/release2/HG02922_hap2_hprc_r2_v1.0.1.fa.gz
HG02965,1,s3://human-pangenomics/working/HPRC/HG02965/assemblies/release2/HG02965_hap1_hprc_r2_v1.0.1.fa.gz
HG02965,2,s3://human-pangenomics/working/HPRC/HG02965/assemblies/release2/HG02965_hap2_hprc_r2_v1.0.1.fa.gz
HG02976,1,s3://human-pangenomics/working/HPRC/HG02976/assemblies/release2/HG02976_hap1_hprc_r2_v1.0.1.fa.gz
HG02976,2,s3://human-pangenomics/working/HPRC/HG02976/assemblies/release2/HG02976_hap2_hprc_r2_v1.0.1.fa.gz
HG02984,1,s3://human-pangenomics/working/HPRC/HG02984/assemblies/release2/HG02984_pat_hprc_r2_v1.0.1.fa.gz
HG02984,2,s3://human-pangenomics/working/HPRC/HG02984/assemblies/release2/HG02984_mat_hprc_r2_v1.0.1.fa.gz
HG03017,1,s3://human-pangenomics/working/HPRC/HG03017/assemblies/release2/HG03017_pat_hprc_r2_v1.0.1.fa.gz
HG03017,2,s3://human-pangenomics/working/HPRC/HG03017/assemblies/release2/HG03017_mat_hprc_r2_v1.0.1.fa.gz
HG03041,1,s3://human-pangenomics/working/HPRC/HG03041/assemblies/release2/HG03041_pat_hprc_r2_v1.0.1.fa.gz
HG03041,2,s3://human-pangenomics/working/HPRC/HG03041/assemblies/release2/HG03041_mat_hprc_r2_v1.0.1.fa.gz
HG03050,1,s3://human-pangenomics/working/HPRC/HG03050/assemblies/release2/HG03050_pat_hprc_r2_v1.0.1.fa.gz
HG03050,2,s3://human-pangenomics/working/HPRC/HG03050/assemblies/release2/HG03050_mat_hprc_r2_v1.0.1.fa.gz
HG03098,1,s3://human-pangenomics/working/HPRC_PLUS/HG03098/assemblies/release2/HG03098_pat_hprc_r2_v1.0.1.fa.gz
HG03098,2,s3://human-pangenomics/working/HPRC_PLUS/HG03098/assemblies/release2/HG03098_mat_hprc_r2_v1.0.1.fa.gz
HG03130,1,s3://human-pangenomics/working/HPRC/HG03130/assemblies/release2/HG03130_hap1_hprc_r2_v1.0.1.fa.gz
HG03130,2,s3://human-pangenomics/working/HPRC/HG03130/assemblies/release2/HG03130_hap2_hprc_r2_v1.0.1.fa.gz
HG03139,1,s3://human-pangenomics/working/HPRC/HG03139/assemblies/release2/HG03139_hap1_hprc_r2_v1.0.1.fa.gz
HG03139,2,s3://human-pangenomics/working/HPRC/HG03139/assemblies/release2/HG03139_hap2_hprc_r2_v1.0.1.fa.gz
HG03195,1,s3://human-pangenomics/working/HPRC/HG03195/assemblies/release2/HG03195_hap1_hprc_r2_v1.0.1.fa.gz
HG03195,2,s3://human-pangenomics/working/HPRC/HG03195/assemblies/release2/HG03195_hap2_hprc_r2_v1.0.1.fa.gz
HG03209,1,s3://human-pangenomics/working/HPRC/HG03209/assemblies/release2/HG03209_hap1_hprc_r2_v1.0.1.fa.gz
HG03209,2,s3://human-pangenomics/working/HPRC/HG03209/assemblies/release2/HG03209_hap2_hprc_r2_v1.0.1.fa.gz
HG03225,1,s3://human-pangenomics/working/HPRC/HG03225/assemblies/release2/HG03225_hap1_hprc_r2_v1.0.1.fa.gz
HG03225,2,s3://human-pangenomics/working/HPRC/HG03225/assemblies/release2/HG03225_hap2_hprc_r2_v1.0.1.fa.gz
HG03239,1,s3://human-pangenomics/working/HPRC/HG03239/assemblies/release2/HG03239_pat_hprc_r2_v1.0.1.fa.gz
HG03239,2,s3://human-pangenomics/working/HPRC/HG03239/assemblies/release2/HG03239_mat_hprc_r2_v1.0.1.fa.gz
HG03270,1,s3://human-pangenomics/working/HPRC/HG03270/assemblies/release2/HG03270_hap1_hprc_r2_v1.0.1.fa.gz
HG03270,2,s3://human-pangenomics/working/HPRC/HG03270/assemblies/release2/HG03270_hap2_hprc_r2_v1.0.1.fa.gz
HG03369,1,s3://human-pangenomics/working/HPRC/HG03369/assemblies/release2/HG03369_hap1_hprc_r2_v1.0.1.fa.gz
HG03369,2,s3://human-pangenomics/working/HPRC/HG03369/assemblies/release2/HG03369_hap2_hprc_r2_v1.0.1.fa.gz
HG03453,1,s3://human-pangenomics/working/HPRC/HG03453/assemblies/release2/HG03453_pat_hprc_r2_v1.0.1.fa.gz
HG03453,2,s3://human-pangenomics/working/HPRC/HG03453/assemblies/release2/HG03453_mat_hprc_r2_v1.0.1.fa.gz
HG03470,1,s3://human-pangenomics/working/HPRC/HG03470/assemblies/release2/HG03470_hap1_hprc_r2_v1.0.1.fa.gz
HG03470,2,s3://human-pangenomics/working/HPRC/HG03470/assemblies/release2/HG03470_hap2_hprc_r2_v1.0.1.fa.gz
HG03471,1,s3://human-pangenomics/working/HPRC/HG03471/assemblies/release2/HG03471_hap1_hprc_r2_v1.0.1.fa.gz
HG03471,2,s3://human-pangenomics/working/HPRC/HG03471/assemblies/release2/HG03471_hap2_hprc_r2_v1.0.1.fa.gz
HG03486,1,s3://human-pangenomics/working/HPRC_PLUS/HG03486/assemblies/release2/HG03486_pat_hprc_r2_v1.0.1.fa.gz
HG03486,2,s3://human-pangenomics/working/HPRC_PLUS/HG03486/assemblies/release2/HG03486_mat_hprc_r2_v1.0.1.fa.gz
HG03516,1,s3://human-pangenomics/working/HPRC/HG03516/assemblies/release2/HG03516_pat_hprc_r2_v1.1.0.fa.gz
HG03516,2,s3://human-pangenomics/working/HPRC/HG03516/assemblies/release2/HG03516_mat_hprc_r2_v1.1.0.fa.gz
HG03521,1,s3://human-pangenomics/working/HPRC/HG03521/assemblies/release2/HG03521_hap1_hprc_r2_v1.0.1.fa.gz
HG03521,2,s3://human-pangenomics/working/HPRC/HG03521/assemblies/release2/HG03521_hap2_hprc_r2_v1.0.1.fa.gz
HG03540,1,s3://human-pangenomics/working/HPRC/HG03540/assemblies/release2/HG03540_pat_hprc_r2_v1.0.1.fa.gz
HG03540,2,s3://human-pangenomics/working/HPRC/HG03540/assemblies/release2/HG03540_mat_hprc_r2_v1.0.1.fa.gz
HG03579,1,s3://human-pangenomics/working/HPRC/HG03579/assemblies/release2/HG03579_pat_hprc_r2_v1.0.1.fa.gz
HG03579,2,s3://human-pangenomics/working/HPRC/HG03579/assemblies/release2/HG03579_mat_hprc_r2_v1.0.1.fa.gz
HG03583,1,s3://human-pangenomics/working/HPRC/HG03583/assemblies/release2/HG03583_hap1_hprc_r2_v1.0.1.fa.gz
HG03583,2,s3://human-pangenomics/working/HPRC/HG03583/assemblies/release2/HG03583_hap2_hprc_r2_v1.0.1.fa.gz
HG03654,1,s3://human-pangenomics/working/HPRC/HG03654/assemblies/release2/HG03654_pat_hprc_r2_v1.0.1.fa.gz
HG03654,2,s3://human-pangenomics/working/HPRC/HG03654/assemblies/release2/HG03654_mat_hprc_r2_v1.0.1.fa.gz
HG03669,1,s3://human-pangenomics/working/HPRC/HG03669/assemblies/release2/HG03669_pat_hprc_r2_v1.0.1.fa.gz
HG03669,2,s3://human-pangenomics/working/HPRC/HG03669/assemblies/release2/HG03669_mat_hprc_r2_v1.0.1.fa.gz
HG03688,1,s3://human-pangenomics/working/HPRC/HG03688/assemblies/release2/HG03688_pat_hprc_r2_v1.0.1.fa.gz
HG03688,2,s3://human-pangenomics/working/HPRC/HG03688/assemblies/release2/HG03688_mat_hprc_r2_v1.0.1.fa.gz
HG03704,1,s3://human-pangenomics/working/HPRC/HG03704/assemblies/release2/HG03704_pat_hprc_r2_v1.0.1.fa.gz
HG03704,2,s3://human-pangenomics/working/HPRC/HG03704/assemblies/release2/HG03704_mat_hprc_r2_v1.0.1.fa.gz
HG03710,1,s3://human-pangenomics/working/HPRC/HG03710/assemblies/release2/HG03710_pat_hprc_r2_v1.0.1.fa.gz
HG03710,2,s3://human-pangenomics/working/HPRC/HG03710/assemblies/release2/HG03710_mat_hprc_r2_v1.0.1.fa.gz
HG03742,1,s3://human-pangenomics/working/HPRC/HG03742/assemblies/release2/HG03742_hap1_hprc_r2_v1.0.1.fa.gz
HG03742,2,s3://human-pangenomics/working/HPRC/HG03742/assemblies/release2/HG03742_hap2_hprc_r2_v1.0.1.fa.gz
HG03784,1,s3://human-pangenomics/working/HPRC/HG03784/assemblies/release2/HG03784_hap1_hprc_r2_v1.0.1.fa.gz
HG03784,2,s3://human-pangenomics/working/HPRC/HG03784/assemblies/release2/HG03784_hap2_hprc_r2_v1.0.1.fa.gz
HG03804,1,s3://human-pangenomics/working/HPRC/HG03804/assemblies/release2/HG03804_pat_hprc_r2_v1.0.1.fa.gz
HG03804,2,s3://human-pangenomics/working/HPRC/HG03804/assemblies/release2/HG03804_mat_hprc_r2_v1.0.1.fa.gz
HG03816,1,s3://human-pangenomics/working/HPRC/HG03816/assemblies/release2/HG03816_pat_hprc_r2_v1.0.1.fa.gz
HG03816,2,s3://human-pangenomics/working/HPRC/HG03816/assemblies/release2/HG03816_mat_hprc_r2_v1.0.1.fa.gz
HG03831,1,s3://human-pangenomics/working/HPRC/HG03831/assemblies/release2/HG03831_pat_hprc_r2_v1.0.1.fa.gz
HG03831,2,s3://human-pangenomics/working/HPRC/HG03831/assemblies/release2/HG03831_mat_hprc_r2_v1.0.1.fa.gz
HG03834,1,s3://human-pangenomics/working/HPRC/HG03834/assemblies/release2/HG03834_pat_hprc_r2_v1.0.1.fa.gz
HG03834,2,s3://human-pangenomics/working/HPRC/HG03834/assemblies/release2/HG03834_mat_hprc_r2_v1.0.1.fa.gz
HG03874,1,s3://human-pangenomics/working/HPRC/HG03874/assemblies/release2/HG03874_hap1_hprc_r2_v1.0.1.fa.gz
HG03874,2,s3://human-pangenomics/working/HPRC/HG03874/assemblies/release2/HG03874_hap2_hprc_r2_v1.0.1.fa.gz
HG03927,1,s3://human-pangenomics/working/HPRC/HG03927/assemblies/release2/HG03927_pat_hprc_r2_v1.0.1.fa.gz
HG03927,2,s3://human-pangenomics/working/HPRC/HG03927/assemblies/release2/HG03927_mat_hprc_r2_v1.0.1.fa.gz
HG03942,1,s3://human-pangenomics/working/HPRC/HG03942/assemblies/release2/HG03942_pat_hprc_r2_v1.0.1.fa.gz
HG03942,2,s3://human-pangenomics/working/HPRC/HG03942/assemblies/release2/HG03942_mat_hprc_r2_v1.0.1.fa.gz
HG04115,1,s3://human-pangenomics/working/HPRC/HG04115/assemblies/release2/HG04115_pat_hprc_r2_v1.0.1.fa.gz
HG04115,2,s3://human-pangenomics/working/HPRC/HG04115/assemblies/release2/HG04115_mat_hprc_r2_v1.0.1.fa.gz
HG04157,1,s3://human-pangenomics/working/HPRC/HG04157/assemblies/release2/HG04157_pat_hprc_r2_v1.0.1.fa.gz
HG04157,2,s3://human-pangenomics/working/HPRC/HG04157/assemblies/release2/HG04157_mat_hprc_r2_v1.0.1.fa.gz
HG04160,1,s3://human-pangenomics/working/HPRC/HG04160/assemblies/release2/HG04160_pat_hprc_r2_v1.0.1.fa.gz
HG04160,2,s3://human-pangenomics/working/HPRC/HG04160/assemblies/release2/HG04160_mat_hprc_r2_v1.0.1.fa.gz
HG04184,1,s3://human-pangenomics/working/HPRC/HG04184/assemblies/release2/HG04184_pat_hprc_r2_v1.0.1.fa.gz
HG04184,2,s3://human-pangenomics/working/HPRC/HG04184/assemblies/release2/HG04184_mat_hprc_r2_v1.0.1.fa.gz
HG04187,1,s3://human-pangenomics/working/HPRC/HG04187/assemblies/release2/HG04187_pat_hprc_r2_v1.0.1.fa.gz
HG04187,2,s3://human-pangenomics/working/HPRC/HG04187/assemblies/release2/HG04187_mat_hprc_r2_v1.0.1.fa.gz
HG04199,1,s3://human-pangenomics/working/HPRC/HG04199/assemblies/release2/HG04199_pat_hprc_r2_v1.0.1.fa.gz
HG04199,2,s3://human-pangenomics/working/HPRC/HG04199/assemblies/release2/HG04199_mat_hprc_r2_v1.0.1.fa.gz
HG04204,1,s3://human-pangenomics/working/HPRC/HG04204/assemblies/release2/HG04204_pat_hprc_r2_v1.0.1.fa.gz
HG04204,2,s3://human-pangenomics/working/HPRC/HG04204/assemblies/release2/HG04204_mat_hprc_r2_v1.0.1.fa.gz
HG04228,1,s3://human-pangenomics/working/HPRC/HG04228/assemblies/release2/HG04228_pat_hprc_r2_v1.0.1.fa.gz
HG04228,2,s3://human-pangenomics/working/HPRC/HG04228/assemblies/release2/HG04228_mat_hprc_r2_v1.0.1.fa.gz
HG06807,1,s3://human-pangenomics/working/HPRC_PLUS/HG06807/assemblies/genbank/HG06807_pat_v1.0.genbank.fa.gz
HG06807,2,s3://human-pangenomics/working/HPRC_PLUS/HG06807/assemblies/genbank/HG06807_mat_v1.0.genbank.fa.gz
NA18505,1,s3://human-pangenomics/working/HPRC/NA18505/assemblies/release2/NA18505_hap1_hprc_r2_v1.0.1.fa.gz
NA18505,2,s3://human-pangenomics/working/HPRC/NA18505/assemblies/release2/NA18505_hap2_hprc_r2_v1.0.1.fa.gz
NA18508,1,s3://human-pangenomics/working/HPRC/NA18508/assemblies/release2/NA18508_hap1_hprc_r2_v1.0.1.fa.gz
NA18508,2,s3://human-pangenomics/working/HPRC/NA18508/assemblies/release2/NA18508_hap2_hprc_r2_v1.0.1.fa.gz
NA18522,1,s3://human-pangenomics/working/HPRC/NA18522/assemblies/release2/NA18522_hap1_hprc_r2_v1.0.1.fa.gz
NA18522,2,s3://human-pangenomics/working/HPRC/NA18522/assemblies/release2/NA18522_hap2_hprc_r2_v1.0.1.fa.gz
NA18565,1,s3://human-pangenomics/working/HPRC/NA18565/assemblies/release2/NA18565_hap1_hprc_r2_v1.0.1.fa.gz
NA18565,2,s3://human-pangenomics/working/HPRC/NA18565/assemblies/release2/NA18565_hap2_hprc_r2_v1.0.1.fa.gz
NA18570,1,s3://human-pangenomics/working/HPRC/NA18570/assemblies/release2/NA18570_hap1_hprc_r2_v1.0.1.fa.gz
NA18570,2,s3://human-pangenomics/working/HPRC/NA18570/assemblies/release2/NA18570_hap2_hprc_r2_v1.0.1.fa.gz
NA18608,1,s3://human-pangenomics/working/HPRC/NA18608/assemblies/release2/NA18608_hap1_hprc_r2_v1.0.1.fa.gz
NA18608,2,s3://human-pangenomics/working/HPRC/NA18608/assemblies/release2/NA18608_hap2_hprc_r2_v1.0.1.fa.gz
NA18620,1,s3://human-pangenomics/working/HPRC/NA18620/assemblies/release2/NA18620_hap1_hprc_r2_v1.0.1.fa.gz
NA18620,2,s3://human-pangenomics/working/HPRC/NA18620/assemblies/release2/NA18620_hap2_hprc_r2_v1.0.1.fa.gz
NA18747,1,s3://human-pangenomics/working/HPRC/NA18747/assemblies/release2/NA18747_hap1_hprc_r2_v1.0.1.fa.gz
NA18747,2,s3://human-pangenomics/working/HPRC/NA18747/assemblies/release2/NA18747_hap2_hprc_r2_v1.0.1.fa.gz
NA18879,1,s3://human-pangenomics/working/HPRC/NA18879/assemblies/release2/NA18879_hap1_hprc_r2_v1.0.1.fa.gz
NA18879,2,s3://human-pangenomics/working/HPRC/NA18879/assemblies/release2/NA18879_hap2_hprc_r2_v1.0.1.fa.gz
NA18906,1,s3://human-pangenomics/working/HPRC_PLUS/NA18906/assemblies/release2/NA18906_pat_hprc_r2_v1.0.1.fa.gz
NA18906,2,s3://human-pangenomics/working/HPRC_PLUS/NA18906/assemblies/release2/NA18906_mat_hprc_r2_v1.0.1.fa.gz
NA18940,1,s3://human-pangenomics/working/HPP/NA18940/assemblies/release2/NA18940_hap1_hprc_r2_v1.0.1.fa.gz
NA18940,2,s3://human-pangenomics/working/HPP/NA18940/assemblies/release2/NA18940_hap2_hprc_r2_v1.0.1.fa.gz
NA18943,1,s3://human-pangenomics/working/HPP/NA18943/assemblies/release2/NA18943_hap1_hprc_r2_v1.0.1.fa.gz
NA18943,2,s3://human-pangenomics/working/HPP/NA18943/assemblies/release2/NA18943_hap2_hprc_r2_v1.0.1.fa.gz
NA18944,1,s3://human-pangenomics/working/HPP/NA18944/assemblies/release2/NA18944_hap1_hprc_r2_v1.0.1.fa.gz
NA18944,2,s3://human-pangenomics/working/HPP/NA18944/assemblies/release2/NA18944_hap2_hprc_r2_v1.0.1.fa.gz
NA18945,1,s3://human-pangenomics/working/HPP/NA18945/assemblies/release2/NA18945_hap1_hprc_r2_v1.0.1.fa.gz
NA18945,2,s3://human-pangenomics/working/HPP/NA18945/assemblies/release2/NA18945_hap2_hprc_r2_v1.0.1.fa.gz
NA18948,1,s3://human-pangenomics/working/HPP/NA18948/assemblies/release2/NA18948_hap1_hprc_r2_v1.0.1.fa.gz
NA18948,2,s3://human-pangenomics/working/HPP/NA18948/assemblies/release2/NA18948_hap2_hprc_r2_v1.0.1.fa.gz
NA18952,1,s3://human-pangenomics/working/HPRC/NA18952/assemblies/release2/NA18952_hap1_hprc_r2_v1.0.1.fa.gz
NA18952,2,s3://human-pangenomics/working/HPRC/NA18952/assemblies/release2/NA18952_hap2_hprc_r2_v1.0.1.fa.gz
NA18959,1,s3://human-pangenomics/working/HPP/NA18959/assemblies/release2/NA18959_hap1_hprc_r2_v1.0.1.fa.gz
NA18959,2,s3://human-pangenomics/working/HPP/NA18959/assemblies/release2/NA18959_hap2_hprc_r2_v1.0.1.fa.gz
NA18960,1,s3://human-pangenomics/working/HPP/NA18960/assemblies/release2/NA18960_hap1_hprc_r2_v1.0.1.fa.gz
NA18960,2,s3://human-pangenomics/working/HPP/NA18960/assemblies/release2/NA18960_hap2_hprc_r2_v1.0.1.fa.gz
NA18967,1,s3://human-pangenomics/working/HPP/NA18967/assemblies/release2/NA18967_hap1_hprc_r2_v1.0.1.fa.gz
NA18967,2,s3://human-pangenomics/working/HPP/NA18967/assemblies/release2/NA18967_hap2_hprc_r2_v1.0.1.fa.gz
NA18970,1,s3://human-pangenomics/working/HPP/NA18970/assemblies/release2/NA18970_hap1_hprc_r2_v1.0.1.fa.gz
NA18970,2,s3://human-pangenomics/working/HPP/NA18970/assemblies/release2/NA18970_hap2_hprc_r2_v1.0.1.fa.gz
NA18971,1,s3://human-pangenomics/working/HPRC/NA18971/assemblies/release2/NA18971_hap1_hprc_r2_v1.0.1.fa.gz
NA18971,2,s3://human-pangenomics/working/HPRC/NA18971/assemblies/release2/NA18971_hap2_hprc_r2_v1.0.1.fa.gz
NA18974,1,s3://human-pangenomics/working/HPRC/NA18974/assemblies/release2/NA18974_hap1_hprc_r2_v1.0.1.fa.gz
NA18974,2,s3://human-pangenomics/working/HPRC/NA18974/assemblies/release2/NA18974_hap2_hprc_r2_v1.0.1.fa.gz
NA18976,1,s3://human-pangenomics/working/HPRC/NA18976/assemblies/release2/NA18976_hap1_hprc_r2_v1.0.1.fa.gz
NA18976,2,s3://human-pangenomics/working/HPRC/NA18976/assemblies/release2/NA18976_hap2_hprc_r2_v1.0.1.fa.gz
NA18982,1,s3://human-pangenomics/working/HPP/NA18982/assemblies/release2/NA18982_hap1_hprc_r2_v1.0.1.fa.gz
NA18982,2,s3://human-pangenomics/working/HPP/NA18982/assemblies/release2/NA18982_hap2_hprc_r2_v1.0.1.fa.gz
NA18983,1,s3://human-pangenomics/working/HPRC/NA18983/assemblies/release2/NA18983_hap1_hprc_r2_v1.0.1.fa.gz
NA18983,2,s3://human-pangenomics/working/HPRC/NA18983/assemblies/release2/NA18983_hap2_hprc_r2_v1.0.1.fa.gz
NA19036,1,s3://human-pangenomics/working/HPRC/NA19036/assemblies/release2/NA19036_hap1_hprc_r2_v1.0.1.fa.gz
NA19036,2,s3://human-pangenomics/working/HPRC/NA19036/assemblies/release2/NA19036_hap2_hprc_r2_v1.0.1.fa.gz
NA19043,1,s3://human-pangenomics/working/HPRC/NA19043/assemblies/release2/NA19043_hap1_hprc_r2_v1.0.1.fa.gz
NA19043,2,s3://human-pangenomics/working/HPRC/NA19043/assemblies/release2/NA19043_hap2_hprc_r2_v1.0.1.fa.gz
NA19087,1,s3://human-pangenomics/working/HPRC/NA19087/assemblies/release2/NA19087_hap1_hprc_r2_v1.0.1.fa.gz
NA19087,2,s3://human-pangenomics/working/HPRC/NA19087/assemblies/release2/NA19087_hap2_hprc_r2_v1.0.1.fa.gz
NA19159,1,s3://human-pangenomics/working/HPRC/NA19159/assemblies/release2/NA19159_hap1_hprc_r2_v1.0.1.fa.gz
NA19159,2,s3://human-pangenomics/working/HPRC/NA19159/assemblies/release2/NA19159_hap2_hprc_r2_v1.0.1.fa.gz
NA19185,1,s3://human-pangenomics/working/HPRC/NA19185/assemblies/release2/NA19185_hap1_hprc_r2_v1.0.1.fa.gz
NA19185,2,s3://human-pangenomics/working/HPRC/NA19185/assemblies/release2/NA19185_hap2_hprc_r2_v1.0.1.fa.gz
NA19240,1,s3://human-pangenomics/working/HPRC_PLUS/NA19240/assemblies/release2/NA19240_pat_hprc_r2_v1.0.1.fa.gz
NA19240,2,s3://human-pangenomics/working/HPRC_PLUS/NA19240/assemblies/release2/NA19240_mat_hprc_r2_v1.0.1.fa.gz
NA19338,1,s3://human-pangenomics/working/HPRC/NA19338/assemblies/release2/NA19338_hap1_hprc_r2_v1.0.1.fa.gz
NA19338,2,s3://human-pangenomics/working/HPRC/NA19338/assemblies/release2/NA19338_hap2_hprc_r2_v1.0.1.fa.gz
NA19391,1,s3://human-pangenomics/working/HPRC/NA19391/assemblies/release2/NA19391_hap1_hprc_r2_v1.0.1.fa.gz
NA19391,2,s3://human-pangenomics/working/HPRC/NA19391/assemblies/release2/NA19391_hap2_hprc_r2_v1.0.1.fa.gz
NA19443,1,s3://human-pangenomics/working/HPRC/NA19443/assemblies/release2/NA19443_hap1_hprc_r2_v1.0.1.fa.gz
NA19443,2,s3://human-pangenomics/working/HPRC/NA19443/assemblies/release2/NA19443_hap2_hprc_r2_v1.0.1.fa.gz
NA19468,1,s3://human-pangenomics/working/HPRC/NA19468/assemblies/release2/NA19468_hap1_hprc_r2_v1.0.1.fa.gz
NA19468,2,s3://human-pangenomics/working/HPRC/NA19468/assemblies/release2/NA19468_hap2_hprc_r2_v1.0.1.fa.gz
NA19682,1,s3://human-pangenomics/working/HPRC/NA19682/assemblies/release2/NA19682_hap1_hprc_r2_v1.0.1.fa.gz
NA19682,2,s3://human-pangenomics/working/HPRC/NA19682/assemblies/release2/NA19682_hap2_hprc_r2_v1.0.1.fa.gz
NA19700,1,s3://human-pangenomics/working/HPRC/NA19700/assemblies/release2/NA19700_hap1_hprc_r2_v1.0.1.fa.gz
NA19700,2,s3://human-pangenomics/working/HPRC/NA19700/assemblies/release2/NA19700_hap2_hprc_r2_v1.0.1.fa.gz
NA19776,1,s3://human-pangenomics/working/HPRC/NA19776/assemblies/release2/NA19776_hap1_hprc_r2_v1.0.1.fa.gz
NA19776,2,s3://human-pangenomics/working/HPRC/NA19776/assemblies/release2/NA19776_hap2_hprc_r2_v1.0.1.fa.gz
NA19835,1,s3://human-pangenomics/working/HPRC/NA19835/assemblies/release2/NA19835_hap1_hprc_r2_v1.0.1.fa.gz
NA19835,2,s3://human-pangenomics/working/HPRC/NA19835/assemblies/release2/NA19835_hap2_hprc_r2_v1.0.1.fa.gz
NA19909,1,s3://human-pangenomics/working/HPRC/NA19909/assemblies/release2/NA19909_hap1_hprc_r2_v1.0.1.fa.gz
NA19909,2,s3://human-pangenomics/working/HPRC/NA19909/assemblies/release2/NA19909_hap2_hprc_r2_v1.0.1.fa.gz
NA20129,1,s3://human-pangenomics/working/HPRC_PLUS/NA20129/assemblies/release2/NA20129_pat_hprc_r2_v1.0.1.fa.gz
NA20129,2,s3://human-pangenomics/working/HPRC_PLUS/NA20129/assemblies/release2/NA20129_mat_hprc_r2_v1.0.1.fa.gz
NA20282,1,s3://human-pangenomics/working/HPRC/NA20282/assemblies/release2/NA20282_hap1_hprc_r2_v1.0.1.fa.gz
NA20282,2,s3://human-pangenomics/working/HPRC/NA20282/assemblies/release2/NA20282_hap2_hprc_r2_v1.0.1.fa.gz
NA20346,1,s3://human-pangenomics/working/HPRC/NA20346/assemblies/release2/NA20346_hap1_hprc_r2_v1.0.1.fa.gz
NA20346,2,s3://human-pangenomics/working/HPRC/NA20346/assemblies/release2/NA20346_hap2_hprc_r2_v1.0.1.fa.gz
NA20503,1,s3://human-pangenomics/working/HPRC/NA20503/assemblies/release2/NA20503_hap1_hprc_r2_v1.0.1.fa.gz
NA20503,2,s3://human-pangenomics/working/HPRC/NA20503/assemblies/release2/NA20503_hap2_hprc_r2_v1.0.1.fa.gz
NA20752,1,s3://human-pangenomics/working/HPRC/NA20752/assemblies/release2/NA20752_hap1_hprc_r2_v1.0.1.fa.gz
NA20752,2,s3://human-pangenomics/working/HPRC/NA20752/assemblies/release2/NA20752_hap2_hprc_r2_v1.0.1.fa.gz
NA20762,1,s3://human-pangenomics/working/HPRC/NA20762/assemblies/release2/NA20762_hap1_hprc_r2_v1.0.1.fa.gz
NA20762,2,s3://human-pangenomics/working/HPRC/NA20762/assemblies/release2/NA20762_hap2_hprc_r2_v1.0.1.fa.gz
NA20799,1,s3://human-pangenomics/working/HPRC/NA20799/assemblies/release2/NA20799_hap1_hprc_r2_v1.0.1.fa.gz
NA20799,2,s3://human-pangenomics/working/HPRC/NA20799/assemblies/release2/NA20799_hap2_hprc_r2_v1.0.1.fa.gz
NA20805,1,s3://human-pangenomics/working/HPRC/NA20805/assemblies/release2/NA20805_hap1_hprc_r2_v1.0.1.fa.gz
NA20805,2,s3://human-pangenomics/working/HPRC/NA20805/assemblies/release2/NA20805_hap2_hprc_r2_v1.0.1.fa.gz
NA20806,1,s3://human-pangenomics/working/HPRC/NA20806/assemblies/release2/NA20806_hap1_hprc_r2_v1.0.1.fa.gz
NA20806,2,s3://human-pangenomics/working/HPRC/NA20806/assemblies/release2/NA20806_hap2_hprc_r2_v1.0.1.fa.gz
NA20809,1,s3://human-pangenomics/working/HPRC/NA20809/assemblies/release2/NA20809_hap1_hprc_r2_v1.0.1.fa.gz
NA20809,2,s3://human-pangenomics/working/HPRC/NA20809/assemblies/release2/NA20809_hap2_hprc_r2_v1.0.1.fa.gz
NA20827,1,s3://human-pangenomics/working/HPRC/NA20827/assemblies/release2/NA20827_hap1_hprc_r2_v1.0.1.fa.gz
NA20827,2,s3://human-pangenomics/working/HPRC/NA20827/assemblies/release2/NA20827_hap2_hprc_r2_v1.0.1.fa.gz
NA20850,1,s3://human-pangenomics/working/HPRC/NA20850/assemblies/release2/NA20850_hap1_hprc_r2_v1.0.1.fa.gz
NA20850,2,s3://human-pangenomics/working/HPRC/NA20850/assemblies/release2/NA20850_hap2_hprc_r2_v1.0.1.fa.gz
NA20870,1,s3://human-pangenomics/working/HPRC/NA20870/assemblies/release2/NA20870_hap1_hprc_r2_v1.0.1.fa.gz
NA20870,2,s3://human-pangenomics/working/HPRC/NA20870/assemblies/release2/NA20870_hap2_hprc_r2_v1.0.1.fa.gz
NA20905,1,s3://human-pangenomics/working/HPRC/NA20905/assemblies/release2/NA20905_hap1_hprc_r2_v1.0.1.fa.gz
NA20905,2,s3://human-pangenomics/working/HPRC/NA20905/assemblies/release2/NA20905_hap2_hprc_r2_v1.0.1.fa.gz
NA21093,1,s3://human-pangenomics/working/HPRC/NA21093/assemblies/release2/NA21093_hap1_hprc_r2_v1.0.1.fa.gz
NA21093,2,s3://human-pangenomics/working/HPRC/NA21093/assemblies/release2/NA21093_hap2_hprc_r2_v1.0.1.fa.gz
NA21102,1,s3://human-pangenomics/working/HPRC/NA21102/assemblies/release2/NA21102_hap1_hprc_r2_v1.0.1.fa.gz
NA21102,2,s3://human-pangenomics/working/HPRC/NA21102/assemblies/release2/NA21102_hap2_hprc_r2_v1.0.1.fa.gz
NA21106,1,s3://human-pangenomics/working/HPRC/NA21106/assemblies/release2/NA21106_hap1_hprc_r2_v1.0.1.fa.gz
NA21106,2,s3://human-pangenomics/working/HPRC/NA21106/assemblies/release2/NA21106_hap2_hprc_r2_v1.0.1.fa.gz
NA21110,1,s3://human-pangenomics/working/HPRC/NA21110/assemblies/release2/NA21110_hap1_hprc_r2_v1.0.1.fa.gz
NA21110,2,s3://human-pangenomics/working/HPRC/NA21110/assemblies/release2/NA21110_hap2_hprc_r2_v1.0.1.fa.gz
NA21144,1,s3://human-pangenomics/working/HPRC/NA21144/assemblies/release2/NA21144_hap1_hprc_r2_v1.0.1.fa.gz
NA21144,2,s3://human-pangenomics/working/HPRC/NA21144/assemblies/release2/NA21144_hap2_hprc_r2_v1.0.1.fa.gz
NA21309,1,s3://human-pangenomics/working/HPRC_PLUS/NA21309/assemblies/release2/NA21309_pat_hprc_r2_v1.0.1.fa.gz
NA21309,2,s3://human-pangenomics/working/HPRC_PLUS/NA21309/assemblies/release2/NA21309_mat_hprc_r2_v1.0.1.fa.gz
